{
    "10000002": {
        "nameTextMapHash": 1006042610,
        "element": "Cryo",
        "icon": "UI_AvatarIcon_Ayaka",
        "rarity": 5,
        "sideIcon": "UI_AvatarIcon_Side_Ayaka",
        "gachaIcon": "UI_Gacha_AvatarImg_Ayaka",
        "constellations": [
            "UI_Talent_S_Ayaka_01",
            "UI_Talent_S_Ayaka_02",
            "UI_Talent_U_Ayaka_02",
            "UI_Talent_S_Ayaka_03",
            "UI_Talent_U_Ayaka_01",
            "UI_Talent_S_Ayaka_04"
        ],
        "skills": {
            "normalAttack": "Skill_A_01",
            "elementalSkill": "Skill_S_Ayaka_01",
            "elementalBurst": "Skill_E_Ayaka"
        },
        "skillOrder": [
            "10024",
            "10018",
            "10019"
        ],
        "costumes": [
            {
                "sideIconName": "UI_AvatarIcon_Side_AyakaCostumeFruhling",
                "icon": "UI_AvatarIcon_AyakaCostumeFruhling",
                "art": "UI_Costume_AyakaCostumeFruhling"
            }
        ]
    },
    "10000003": {
        "nameTextMapHash": 3221566250,
        "element": "Anemo",
        "icon": "UI_AvatarIcon_Qin",
        "rarity": 5,
        "sideIcon": "UI_AvatarIcon_Side_Qin",
        "gachaIcon": "UI_Gacha_AvatarImg_Qin",
        "constellations": [
            "UI_Talent_S_Qin_01",
            "UI_Talent_S_Qin_02",
            "UI_Talent_U_Qin_02",
            "UI_Talent_S_Qin_03",
            "UI_Talent_U_Qin_01",
            "UI_Talent_S_Qin_04"
        ],
        "skills": {
            "normalAttack": "Skill_A_01",
            "elementalSkill": "Skill_S_Qin_02",
            "elementalBurst": "Skill_E_Qin_01"
        },
        "skillOrder": [
            "10031",
            "10033",
            "10034"
        ],
        "costumes": [
            {
                "sideIconName": "UI_AvatarIcon_Side_QinCostumeSea",
                "icon": "UI_AvatarIcon_QinCostumeSea",
                "art": "UI_Costume_QinCostumeSea"
            },
            {
                "sideIconName": "UI_AvatarIcon_Side_QinCostumeWic",
                "icon": "UI_AvatarIcon_QinCostumeWic",
                "art": "UI_Costume_QinCostumeWic"
            }
        ]
    },
    "10000005": {
        "nameTextMapHash": 1533656818,
        "element": "Anemo",
        "icon": "UI_AvatarIcon_PlayerBoy",
        "rarity": 5,
        "sideIcon": "UI_AvatarIcon_Side_PlayerBoy",
        "gachaIcon": "UI_Gacha_AvatarImg_PlayerBoy",
        "constellations": [
            "UI_Talent_S_PlayerWind_01",
            "UI_Talent_S_PlayerWind_02",
            "UI_Talent_U_PlayerWind_02",
            "UI_Talent_S_PlayerWind_03",
            "UI_Talent_U_PlayerWind_01",
            "UI_Talent_S_PlayerWind_04"
        ],
        "skills": {
            "normalAttack": "Skill_A_01",
            "elementalSkill": "Skill_S_PlayerWind_01",
            "elementalBurst": "Skill_E_PlayerWind_01"
        },
        "skillOrder": [
            "100543",
            "10067",
            "10068"
        ]
    },
    "10000006": {
        "nameTextMapHash": 3344622722,
        "element": "Electro",
        "icon": "UI_AvatarIcon_Lisa",
        "rarity": 4,
        "sideIcon": "UI_AvatarIcon_Side_Lisa",
        "gachaIcon": "UI_Gacha_AvatarImg_Lisa",
        "constellations": [
            "UI_Talent_S_Lisa_01",
            "UI_Talent_S_Lisa_02",
            "UI_Talent_U_Lisa_02",
            "UI_Talent_S_Lisa_03",
            "UI_Talent_U_Lisa_01",
            "UI_Talent_S_Lisa_04"
        ],
        "skills": {
            "normalAttack": "Skill_A_Catalyst_MD",
            "elementalSkill": "Skill_S_Lisa_01",
            "elementalBurst": "Skill_E_Lisa_01"
        },
        "skillOrder": [
            "10060",
            "10061",
            "10062"
        ],
        "costumes": [
            {
                "sideIconName": "UI_AvatarIcon_Side_LisaCostumeStudentin",
                "icon": "UI_AvatarIcon_LisaCostumeStudentin",
                "art": "UI_Costume_LisaCostumeStudentin"
            }
        ]
    },
    "10000007": {
        "nameTextMapHash": 3816664530,
        "element": "Anemo",
        "icon": "UI_AvatarIcon_PlayerGirl",
        "rarity": 5,
        "sideIcon": "UI_AvatarIcon_Side_PlayerGirl",
        "gachaIcon": "UI_Gacha_AvatarImg_PlayerGirl",
        "constellations": [
            "UI_Talent_S_PlayerWind_01",
            "UI_Talent_S_PlayerWind_02",
            "UI_Talent_U_PlayerWind_02",
            "UI_Talent_S_PlayerWind_03",
            "UI_Talent_U_PlayerWind_01",
            "UI_Talent_S_PlayerWind_04"
        ],
        "skills": {
            "normalAttack": "Skill_A_01",
            "elementalSkill": "Skill_S_PlayerWind_01",
            "elementalBurst": "Skill_E_PlayerWind_01"
        },
        "skillOrder": [
            "100553",
            "10067",
            "10068"
        ]
    },
    "10000014": {
        "nameTextMapHash": 3775299170,
        "element": "Hydro",
        "icon": "UI_AvatarIcon_Barbara",
        "rarity": 4,
        "sideIcon": "UI_AvatarIcon_Side_Barbara",
        "gachaIcon": "UI_Gacha_AvatarImg_Barbara",
        "constellations": [
            "UI_Talent_S_Barbara_01",
            "UI_Talent_S_Barbara_02",
            "UI_Talent_U_Barbara_02",
            "UI_Talent_S_Barbara_03",
            "UI_Talent_U_Barbara_01",
            "UI_Talent_S_Barbara_04"
        ],
        "skills": {
            "normalAttack": "Skill_A_Catalyst_MD",
            "elementalSkill": "Skill_S_Barbara_01",
            "elementalBurst": "Skill_E_Barbara_01"
        },
        "skillOrder": [
            "10070",
            "10071",
            "10072"
        ],
        "costumes": [
            {
                "sideIconName": "UI_AvatarIcon_Side_BarbaraCostumeSummertime",
                "icon": "UI_AvatarIcon_BarbaraCostumeSummertime",
                "art": "UI_Costume_BarbaraCostumeSummertime"
            }
        ]
    },
    "10000015": {
        "nameTextMapHash": 4119663210,
        "element": "Cryo",
        "icon": "UI_AvatarIcon_Kaeya",
        "rarity": 4,
        "sideIcon": "UI_AvatarIcon_Side_Kaeya",
        "gachaIcon": "UI_Gacha_AvatarImg_Kaeya",
        "constellations": [
            "UI_Talent_S_Kaeya_01",
            "UI_Talent_S_Kaeya_02",
            "UI_Talent_U_Kaeya_01",
            "UI_Talent_S_Kaeya_03",
            "UI_Talent_U_Kaeya_02",
            "UI_Talent_S_Kaeya_04"
        ],
        "skills": {
            "normalAttack": "Skill_A_01",
            "elementalSkill": "Skill_S_Kaeya_01",
            "elementalBurst": "Skill_E_Kaeya_01"
        },
        "skillOrder": [
            "10073",
            "10074",
            "10075"
        ],
        "costumes": [
            {
                "sideIconName": "UI_AvatarIcon_Side_KaeyaCostumeDancer",
                "icon": "UI_AvatarIcon_KaeyaCostumeDancer",
                "art": "UI_Costume_KaeyaCostumeDancer"
            }
        ]
    },
    "10000016": {
        "nameTextMapHash": 3608180322,
        "element": "Pyro",
        "icon": "UI_AvatarIcon_Diluc",
        "rarity": 5,
        "sideIcon": "UI_AvatarIcon_Side_Diluc",
        "gachaIcon": "UI_Gacha_AvatarImg_Diluc",
        "constellations": [
            "UI_Talent_S_Diluc_01",
            "UI_Talent_S_Diluc_02",
            "UI_Talent_U_Diluc_01",
            "UI_Talent_S_Diluc_03",
            "UI_Talent_U_Diluc_02",
            "UI_Talent_S_Diluc_04"
        ],
        "skills": {
            "normalAttack": "Skill_A_04",
            "elementalSkill": "Skill_S_Diluc_01_01",
            "elementalBurst": "Skill_E_Diluc_01"
        },
        "skillOrder": [
            "10160",
            "10161",
            "10165"
        ],
        "costumes": [
            {
                "sideIconName": "UI_AvatarIcon_Side_DilucCostumeFlamme",
                "icon": "UI_AvatarIcon_DilucCostumeFlamme",
                "art": "UI_Costume_DilucCostumeFlamme"
            }
        ]
    },
    "10000020": {
        "nameTextMapHash": 4160147242,
        "element": "Electro",
        "icon": "UI_AvatarIcon_Razor",
        "rarity": 4,
        "sideIcon": "UI_AvatarIcon_Side_Razor",
        "gachaIcon": "UI_Gacha_AvatarImg_Razor",
        "constellations": [
            "UI_Talent_S_Razor_01",
            "UI_Talent_S_Razor_02",
            "UI_Talent_U_Razor_02",
            "UI_Talent_S_Razor_03",
            "UI_Talent_U_Razor_01",
            "UI_Talent_S_Razor_04"
        ],
        "skills": {
            "normalAttack": "Skill_A_04",
            "elementalSkill": "Skill_S_Razor_01",
            "elementalBurst": "Skill_E_Razor_01"
        },
        "skillOrder": [
            "10201",
            "10202",
            "10203"
        ]
    },
    "10000021": {
        "nameTextMapHash": 1966438658,
        "element": "Pyro",
        "icon": "UI_AvatarIcon_Ambor",
        "rarity": 4,
        "sideIcon": "UI_AvatarIcon_Side_Ambor",
        "gachaIcon": "UI_Gacha_AvatarImg_Ambor",
        "constellations": [
            "UI_Talent_S_Ambor_01",
            "UI_Talent_S_Ambor_02",
            "UI_Talent_U_Ambor_02",
            "UI_Talent_S_Ambor_03",
            "UI_Talent_U_Ambor_01",
            "UI_Talent_S_Ambor_04"
        ],
        "skills": {
            "normalAttack": "Skill_A_02",
            "elementalSkill": "Skill_S_Ambor_01",
            "elementalBurst": "Skill_E_Ambor"
        },
        "skillOrder": [
            "10041",
            "10032",
            "10017"
        ],
        "costumes": [
            {
                "sideIconName": "UI_AvatarIcon_Side_AmborCostumeWic",
                "icon": "UI_AvatarIcon_AmborCostumeWic",
                "art": "UI_Costume_AmborCostumeWic"
            }
        ]
    },
    "10000022": {
        "nameTextMapHash": 2466140362,
        "element": "Anemo",
        "icon": "UI_AvatarIcon_Venti",
        "rarity": 5,
        "sideIcon": "UI_AvatarIcon_Side_Venti",
        "gachaIcon": "UI_Gacha_AvatarImg_Venti",
        "constellations": [
            "UI_Talent_S_Venti_01",
            "UI_Talent_S_Venti_02",
            "UI_Talent_U_Venti_02",
            "UI_Talent_S_Venti_03",
            "UI_Talent_U_Venti_01",
            "UI_Talent_S_Venti_04"
        ],
        "skills": {
            "normalAttack": "Skill_A_02",
            "elementalSkill": "Skill_S_Venti_01",
            "elementalBurst": "Skill_E_Venti_01"
        },
        "skillOrder": [
            "10221",
            "10224",
            "10225"
        ]
    },
    "10000023": {
        "nameTextMapHash": 1130996346,
        "element": "Pyro",
        "icon": "UI_AvatarIcon_Xiangling",
        "rarity": 4,
        "sideIcon": "UI_AvatarIcon_Side_Xiangling",
        "gachaIcon": "UI_Gacha_AvatarImg_Xiangling",
        "constellations": [
            "UI_Talent_S_Xiangling_01",
            "UI_Talent_S_Xiangling_02",
            "UI_Talent_U_Xiangling_02",
            "UI_Talent_S_Xiangling_03",
            "UI_Talent_U_Xiangling_01",
            "UI_Talent_S_Xiangling_04"
        ],
        "skills": {
            "normalAttack": "Skill_A_03",
            "elementalSkill": "Skill_S_Xiangling_01",
            "elementalBurst": "Skill_E_Xiangling_01"
        },
        "skillOrder": [
            "10231",
            "10232",
            "10235"
        ]
    },
    "10000024": {
        "nameTextMapHash": 2646367730,
        "element": "Electro",
        "icon": "UI_AvatarIcon_Beidou",
        "rarity": 4,
        "sideIcon": "UI_AvatarIcon_Side_Beidou",
        "gachaIcon": "UI_Gacha_AvatarImg_Beidou",
        "constellations": [
            "UI_Talent_S_Beidou_02",
            "UI_Talent_S_Beidou_01",
            "UI_Talent_U_Beidou_01",
            "UI_Talent_S_Beidou_03",
            "UI_Talent_U_Beidou_02",
            "UI_Talent_S_Beidou_04"
        ],
        "skills": {
            "normalAttack": "Skill_A_04",
            "elementalSkill": "Skill_S_Beidou_01",
            "elementalBurst": "Skill_E_Beidou_01"
        },
        "skillOrder": [
            "10241",
            "10242",
            "10245"
        ]
    },
    "10000025": {
        "nameTextMapHash": 4197635682,
        "element": "Hydro",
        "icon": "UI_AvatarIcon_Xingqiu",
        "rarity": 4,
        "sideIcon": "UI_AvatarIcon_Side_Xingqiu",
        "gachaIcon": "UI_Gacha_AvatarImg_Xingqiu",
        "constellations": [
            "UI_Talent_S_Xingqiu_01",
            "UI_Talent_S_Xingqiu_02",
            "UI_Talent_U_Xingqiu_01",
            "UI_Talent_S_Xingqiu_03",
            "UI_Talent_U_Xingqiu_02",
            "UI_Talent_S_Xingqiu_04"
        ],
        "skills": {
            "normalAttack": "Skill_A_01",
            "elementalSkill": "Skill_S_Xingqiu_01",
            "elementalBurst": "Skill_E_Xingqiu_01"
        },
        "skillOrder": [
            "10381",
            "10382",
            "10385"
        ],
        "costumes": [
            {
                "sideIconName": "UI_AvatarIcon_Side_XingqiuCostumeBamboo",
                "icon": "UI_AvatarIcon_XingqiuCostumeBamboo",
                "art": "UI_Costume_XingqiuCostumeBamboo"
            }
        ]
    },
    "10000026": {
        "nameTextMapHash": 1021947690,
        "element": "Anemo",
        "icon": "UI_AvatarIcon_Xiao",
        "rarity": 5,
        "sideIcon": "UI_AvatarIcon_Side_Xiao",
        "gachaIcon": "UI_Gacha_AvatarImg_Xiao",
        "constellations": [
            "UI_Talent_S_Xiao_01",
            "UI_Talent_S_Xiao_02",
            "UI_Talent_U_Xiao_01",
            "UI_Talent_S_Xiao_03",
            "UI_Talent_U_Xiao_02",
            "UI_Talent_S_Xiao_04"
        ],
        "skills": {
            "normalAttack": "Skill_A_03",
            "elementalSkill": "Skill_S_Xiao_01",
            "elementalBurst": "Skill_E_Xiao_01"
        },
        "skillOrder": [
            "10261",
            "10262",
            "10265"
        ]
    },
    "10000027": {
        "nameTextMapHash": 4127888970,
        "element": "Geo",
        "icon": "UI_AvatarIcon_Ningguang",
        "rarity": 4,
        "sideIcon": "UI_AvatarIcon_Side_Ningguang",
        "gachaIcon": "UI_Gacha_AvatarImg_Ningguang",
        "constellations": [
            "UI_Talent_S_Ningguang_01",
            "UI_Talent_S_Ningguang_05",
            "UI_Talent_U_Ningguang_02",
            "UI_Talent_S_Ningguang_03",
            "UI_Talent_U_Ningguang_01",
            "UI_Talent_S_Ningguang_04"
        ],
        "skills": {
            "normalAttack": "Skill_A_Catalyst_MD",
            "elementalSkill": "Skill_S_Ningguang_01",
            "elementalBurst": "Skill_E_Ningguang_01"
        },
        "skillOrder": [
            "10271",
            "10272",
            "10274"
        ],
        "costumes": [
            {
                "sideIconName": "UI_AvatarIcon_Side_NingguangCostumeFloral",
                "icon": "UI_AvatarIcon_NingguangCostumeFloral",
                "art": "UI_Costume_NingguangCostumeFloral"
            }
        ]
    },
    "10000029": {
        "nameTextMapHash": 3339083250,
        "element": "Pyro",
        "icon": "UI_AvatarIcon_Klee",
        "rarity": 5,
        "sideIcon": "UI_AvatarIcon_Side_Klee",
        "gachaIcon": "UI_Gacha_AvatarImg_Klee",
        "constellations": [
            "UI_Talent_S_Klee_01",
            "UI_Talent_S_Klee_02",
            "UI_Talent_U_Klee_01",
            "UI_Talent_S_Klee_03",
            "UI_Talent_U_Klee_02",
            "UI_Talent_S_Klee_04"
        ],
        "skills": {
            "normalAttack": "Skill_A_Catalyst_MD",
            "elementalSkill": "Skill_S_Klee_01",
            "elementalBurst": "Skill_E_Klee_01"
        },
        "skillOrder": [
            "10291",
            "10292",
            "10295"
        ],
        "costumes": [
            {
                "sideIconName": "UI_AvatarIcon_Side_KleeCostumeWitch",
                "icon": "UI_AvatarIcon_KleeCostumeWitch",
                "art": "UI_Costume_KleeCostumeWitch"
            }
        ]
    },
    "10000030": {
        "nameTextMapHash": 3862787418,
        "element": "Geo",
        "icon": "UI_AvatarIcon_Zhongli",
        "rarity": 5,
        "sideIcon": "UI_AvatarIcon_Side_Zhongli",
        "gachaIcon": "UI_Gacha_AvatarImg_Zhongli",
        "constellations": [
            "UI_Talent_S_Zhongli_01",
            "UI_Talent_S_Zhongli_02",
            "UI_Talent_U_Zhongli_01",
            "UI_Talent_S_Zhongli_03",
            "UI_Talent_U_Zhongli_02",
            "UI_Talent_S_Zhongli_04"
        ],
        "skills": {
            "normalAttack": "Skill_A_03",
            "elementalSkill": "Skill_S_Zhongli_01",
            "elementalBurst": "Skill_E_Zhongli_01"
        },
        "skillOrder": [
            "10301",
            "10302",
            "10303"
        ]
    },
    "10000031": {
        "nameTextMapHash": 3277782506,
        "element": "Electro",
        "icon": "UI_AvatarIcon_Fischl",
        "rarity": 4,
        "sideIcon": "UI_AvatarIcon_Side_Fischl",
        "gachaIcon": "UI_Gacha_AvatarImg_Fischl",
        "constellations": [
            "UI_Talent_S_Fischl_01",
            "UI_Talent_S_Fischl_02",
            "UI_Talent_U_Fischl_01",
            "UI_Talent_S_Fischl_03",
            "UI_Talent_U_Fischl_02",
            "UI_Talent_S_Fischl_04"
        ],
        "skills": {
            "normalAttack": "Skill_A_02",
            "elementalSkill": "Skill_S_Fischl_01",
            "elementalBurst": "Skill_E_Fischl_01"
        },
        "skillOrder": [
            "10311",
            "10312",
            "10313"
        ],
        "costumes": [
            {
                "sideIconName": "UI_AvatarIcon_Side_FischlCostumeHighness",
                "icon": "UI_AvatarIcon_FischlCostumeHighness",
                "art": "UI_Costume_FischlCostumeHighness"
            }
        ]
    },
    "10000032": {
        "nameTextMapHash": 968893378,
        "element": "Pyro",
        "icon": "UI_AvatarIcon_Bennett",
        "rarity": 4,
        "sideIcon": "UI_AvatarIcon_Side_Bennett",
        "gachaIcon": "UI_Gacha_AvatarImg_Bennett",
        "constellations": [
            "UI_Talent_S_Bennett_01",
            "UI_Talent_S_Bennett_02",
            "UI_Talent_U_Bennett_01",
            "UI_Talent_S_Bennett_03",
            "UI_Talent_U_Bennett_02",
            "UI_Talent_S_Bennett_04"
        ],
        "skills": {
            "normalAttack": "Skill_A_01",
            "elementalSkill": "Skill_S_Bennett_01",
            "elementalBurst": "Skill_E_Bennett_01"
        },
        "skillOrder": [
            "10321",
            "10322",
            "10323"
        ]
    },
    "10000033": {
        "nameTextMapHash": 3847143266,
        "element": "Hydro",
        "icon": "UI_AvatarIcon_Tartaglia",
        "rarity": 5,
        "sideIcon": "UI_AvatarIcon_Side_Tartaglia",
        "gachaIcon": "UI_Gacha_AvatarImg_Tartaglia",
        "constellations": [
            "UI_Talent_S_Tartaglia_01",
            "UI_Talent_S_Tartaglia_02",
            "UI_Talent_U_Tartaglia_01",
            "UI_Talent_S_Tartaglia_05",
            "UI_Talent_U_Tartaglia_02",
            "UI_Talent_S_Tartaglia_04"
        ],
        "skills": {
            "normalAttack": "Skill_A_02",
            "elementalSkill": "Skill_S_Tartaglia_01",
            "elementalBurst": "Skill_E_Tartaglia_01"
        },
        "skillOrder": [
            "10331",
            "10332",
            "10333"
        ]
    },
    "10000034": {
        "nameTextMapHash": 1921418842,
        "element": "Geo",
        "icon": "UI_AvatarIcon_Noel",
        "rarity": 4,
        "sideIcon": "UI_AvatarIcon_Side_Noel",
        "gachaIcon": "UI_Gacha_AvatarImg_Noel",
        "constellations": [
            "UI_Talent_S_Noel_01",
            "UI_Talent_S_Noel_02",
            "UI_Talent_U_Noel_01",
            "UI_Talent_S_Noel_03",
            "UI_Talent_U_Noel_02",
            "UI_Talent_S_Noel_04"
        ],
        "skills": {
            "normalAttack": "Skill_A_04",
            "elementalSkill": "Skill_S_Noel_01",
            "elementalBurst": "Skill_E_Noel_01"
        },
        "skillOrder": [
            "10341",
            "10342",
            "10343"
        ]
    },
    "10000035": {
        "nameTextMapHash": 168956722,
        "element": "Cryo",
        "icon": "UI_AvatarIcon_Qiqi",
        "rarity": 5,
        "sideIcon": "UI_AvatarIcon_Side_Qiqi",
        "gachaIcon": "UI_Gacha_AvatarImg_Qiqi",
        "constellations": [
            "UI_Talent_S_Qiqi_01",
            "UI_Talent_S_Qiqi_02",
            "UI_Talent_U_Qiqi_01",
            "UI_Talent_S_Qiqi_03",
            "UI_Talent_U_Qiqi_02",
            "UI_Talent_S_Qiqi_04"
        ],
        "skills": {
            "normalAttack": "Skill_A_01",
            "elementalSkill": "Skill_S_Qiqi_01",
            "elementalBurst": "Skill_E_Qiqi_01"
        },
        "skillOrder": [
            "10351",
            "10352",
            "10353"
        ]
    },
    "10000036": {
        "nameTextMapHash": 2876340530,
        "element": "Cryo",
        "icon": "UI_AvatarIcon_Chongyun",
        "rarity": 4,
        "sideIcon": "UI_AvatarIcon_Side_Chongyun",
        "gachaIcon": "UI_Gacha_AvatarImg_Chongyun",
        "constellations": [
            "UI_Talent_S_Chongyun_01",
            "UI_Talent_S_Chongyun_02",
            "UI_Talent_U_Chongyun_01",
            "UI_Talent_S_Chongyun_03",
            "UI_Talent_U_Chongyun_02",
            "UI_Talent_S_Chongyun_04"
        ],
        "skills": {
            "normalAttack": "Skill_A_04",
            "elementalSkill": "Skill_S_Chongyun_01",
            "elementalBurst": "Skill_E_Chongyun_01"
        },
        "skillOrder": [
            "10401",
            "10402",
            "10403"
        ]
    },
    "10000037": {
        "nameTextMapHash": 2679781122,
        "element": "Cryo",
        "icon": "UI_AvatarIcon_Ganyu",
        "rarity": 5,
        "sideIcon": "UI_AvatarIcon_Side_Ganyu",
        "gachaIcon": "UI_Gacha_AvatarImg_Ganyu",
        "constellations": [
            "UI_Talent_S_Ganyu_01",
            "UI_Talent_S_Ganyu_02",
            "UI_Talent_U_Ganyu_01",
            "UI_Talent_S_Ganyu_03",
            "UI_Talent_U_Ganyu_02",
            "UI_Talent_S_Ganyu_04"
        ],
        "skills": {
            "normalAttack": "Skill_A_02",
            "elementalSkill": "Skill_S_Ganyu_01",
            "elementalBurst": "Skill_E_Ganyu_01"
        },
        "skillOrder": [
            "10371",
            "10372",
            "10373"
        ],
        "costumes": [
            {
                "sideIconName": "UI_AvatarIcon_Side_GanyuCostumeYu",
                "icon": "UI_AvatarIcon_GanyuCostumeYu",
                "art": "UI_Costume_GanyuCostumeYu"
            }
        ]
    },
    "10000038": {
        "nameTextMapHash": 4108620722,
        "element": "Geo",
        "icon": "UI_AvatarIcon_Albedo",
        "rarity": 5,
        "sideIcon": "UI_AvatarIcon_Side_Albedo",
        "gachaIcon": "UI_Gacha_AvatarImg_Albedo",
        "constellations": [
            "UI_Talent_S_Albedo_01",
            "UI_Talent_S_Albedo_02",
            "UI_Talent_U_Albedo_01",
            "UI_Talent_S_Albedo_03",
            "UI_Talent_U_Albedo_02",
            "UI_Talent_S_Albedo_04"
        ],
        "skills": {
            "normalAttack": "Skill_A_01",
            "elementalSkill": "Skill_S_Albedo_01",
            "elementalBurst": "Skill_E_Albedo_01"
        },
        "skillOrder": [
            "10386",
            "10387",
            "10388"
        ]
    },
    "10000039": {
        "nameTextMapHash": 1468367538,
        "element": "Cryo",
        "icon": "UI_AvatarIcon_Diona",
        "rarity": 4,
        "sideIcon": "UI_AvatarIcon_Side_Diona",
        "gachaIcon": "UI_Gacha_AvatarImg_Diona",
        "constellations": [
            "UI_Talent_S_Diona_01",
            "UI_Talent_S_Diona_02",
            "UI_Talent_U_Diona_01",
            "UI_Talent_S_Diona_03",
            "UI_Talent_U_Diona_02",
            "UI_Talent_S_Diona_04"
        ],
        "skills": {
            "normalAttack": "Skill_A_02",
            "elementalSkill": "Skill_S_Diona_01",
            "elementalBurst": "Skill_E_Diona_01"
        },
        "skillOrder": [
            "10391",
            "10392",
            "10395"
        ]
    },
    "10000041": {
        "nameTextMapHash": 1113306282,
        "element": "Hydro",
        "icon": "UI_AvatarIcon_Mona",
        "rarity": 5,
        "sideIcon": "UI_AvatarIcon_Side_Mona",
        "gachaIcon": "UI_Gacha_AvatarImg_Mona",
        "constellations": [
            "UI_Talent_S_Mona_01",
            "UI_Talent_S_Mona_02",
            "UI_Talent_U_Mona_01",
            "UI_Talent_S_Mona_03",
            "UI_Talent_U_Mona_02",
            "UI_Talent_S_Mona_04"
        ],
        "skills": {
            "normalAttack": "Skill_A_Catalyst_MD",
            "elementalSkill": "Skill_S_Mona_01",
            "elementalBurst": "Skill_E_Mona_01"
        },
        "skillOrder": [
            "10411",
            "10412",
            "10415"
        ],
        "costumes": [
            {
                "sideIconName": "UI_AvatarIcon_Side_MonaCostumeWic",
                "icon": "UI_AvatarIcon_MonaCostumeWic",
                "art": "UI_Costume_MonaCostumeWic"
            }
        ]
    },
    "10000042": {
        "nameTextMapHash": 1864015138,
        "element": "Electro",
        "icon": "UI_AvatarIcon_Keqing",
        "rarity": 5,
        "sideIcon": "UI_AvatarIcon_Side_Keqing",
        "gachaIcon": "UI_Gacha_AvatarImg_Keqing",
        "constellations": [
            "UI_Talent_S_Keqing_01",
            "UI_Talent_S_Keqing_02",
            "UI_Talent_U_Keqing_01",
            "UI_Talent_S_Keqing_03",
            "UI_Talent_U_Keqing_02",
            "UI_Talent_S_Keqing_04"
        ],
        "skills": {
            "normalAttack": "Skill_A_01",
            "elementalSkill": "Skill_S_Keqing_01",
            "elementalBurst": "Skill_E_Keqing_01"
        },
        "skillOrder": [
            "10421",
            "10422",
            "10425"
        ],
        "costumes": [
            {
                "sideIconName": "UI_AvatarIcon_Side_KeqingCostumeFeather",
                "icon": "UI_AvatarIcon_KeqingCostumeFeather",
                "art": "UI_Costume_KeqingCostumeFeather"
            }
        ]
    },
    "10000043": {
        "nameTextMapHash": 1053433018,
        "element": "Anemo",
        "icon": "UI_AvatarIcon_Sucrose",
        "rarity": 4,
        "sideIcon": "UI_AvatarIcon_Side_Sucrose",
        "gachaIcon": "UI_Gacha_AvatarImg_Sucrose",
        "constellations": [
            "UI_Talent_S_Sucrose_01",
            "UI_Talent_S_Sucrose_02",
            "UI_Talent_U_Sucrose_01",
            "UI_Talent_S_Sucrose_03",
            "UI_Talent_U_Sucrose_02",
            "UI_Talent_S_Sucrose_04"
        ],
        "skills": {
            "normalAttack": "Skill_A_Catalyst_MD",
            "elementalSkill": "Skill_S_Sucrose_01",
            "elementalBurst": "Skill_E_Sucrose_01"
        },
        "skillOrder": [
            "10431",
            "10432",
            "10435"
        ]
    },
    "10000044": {
        "nameTextMapHash": 4273845410,
        "element": "Pyro",
        "icon": "UI_AvatarIcon_Xinyan",
        "rarity": 4,
        "sideIcon": "UI_AvatarIcon_Side_Xinyan",
        "gachaIcon": "UI_Gacha_AvatarImg_Xinyan",
        "constellations": [
            "UI_Talent_S_Xinyan_01",
            "UI_Talent_S_Xinyan_02",
            "UI_Talent_U_Xinyan_01",
            "UI_Talent_S_Xinyan_03",
            "UI_Talent_U_Xinyan_02",
            "UI_Talent_S_Xinyan_04"
        ],
        "skills": {
            "normalAttack": "Skill_A_04",
            "elementalSkill": "Skill_S_Xinyan_01",
            "elementalBurst": "Skill_E_Xinyan_01"
        },
        "skillOrder": [
            "10441",
            "10442",
            "10443"
        ]
    },
    "10000045": {
        "nameTextMapHash": 4260733330,
        "element": "Cryo",
        "icon": "UI_AvatarIcon_Rosaria",
        "rarity": 4,
        "sideIcon": "UI_AvatarIcon_Side_Rosaria",
        "gachaIcon": "UI_Gacha_AvatarImg_Rosaria",
        "constellations": [
            "UI_Talent_S_Rosaria_01",
            "UI_Talent_S_Rosaria_02",
            "UI_Talent_U_Rosaria_01",
            "UI_Talent_S_Rosaria_03",
            "UI_Talent_U_Rosaria_02",
            "UI_Talent_S_Rosaria_04"
        ],
        "skills": {
            "normalAttack": "Skill_A_03",
            "elementalSkill": "Skill_S_Rosaria_01",
            "elementalBurst": "Skill_E_Rosaria_01"
        },
        "skillOrder": [
            "10451",
            "10452",
            "10453"
        ],
        "costumes": [
            {
                "sideIconName": "UI_AvatarIcon_Side_RosariaCostumeWic",
                "icon": "UI_AvatarIcon_RosariaCostumeWic",
                "art": "UI_Costume_RosariaCostumeWic"
            }
        ]
    },
    "10000046": {
        "nameTextMapHash": 1940919994,
        "element": "Pyro",
        "icon": "UI_AvatarIcon_Hutao",
        "rarity": 5,
        "sideIcon": "UI_AvatarIcon_Side_Hutao",
        "gachaIcon": "UI_Gacha_AvatarImg_Hutao",
        "constellations": [
            "UI_Talent_S_Hutao_03",
            "UI_Talent_S_Hutao_01",
            "UI_Talent_U_Hutao_01",
            "UI_Talent_S_Hutao_02",
            "UI_Talent_U_Hutao_02",
            "UI_Talent_S_Hutao_04"
        ],
        "skills": {
            "normalAttack": "Skill_A_03",
            "elementalSkill": "Skill_S_Hutao_01",
            "elementalBurst": "Skill_E_Hutao_01"
        },
        "skillOrder": [
            "10461",
            "10462",
            "10463"
        ]
    },
    "10000047": {
        "nameTextMapHash": 88505754,
        "element": "Anemo",
        "icon": "UI_AvatarIcon_Kazuha",
        "rarity": 5,
        "sideIcon": "UI_AvatarIcon_Side_Kazuha",
        "gachaIcon": "UI_Gacha_AvatarImg_Kazuha",
        "constellations": [
            "UI_Talent_S_Kazuha_01",
            "UI_Talent_S_Kazuha_02",
            "UI_Talent_U_Kazuha_01",
            "UI_Talent_S_Kazuha_03",
            "UI_Talent_U_Kazuha_02",
            "UI_Talent_S_Kazuha_04"
        ],
        "skills": {
            "normalAttack": "Skill_A_01",
            "elementalSkill": "Skill_S_Kazuha_01",
            "elementalBurst": "Skill_E_Kazuha_01"
        },
        "skillOrder": [
            "10471",
            "10472",
            "10475"
        ]
    },
    "10000048": {
        "nameTextMapHash": 697277554,
        "element": "Pyro",
        "icon": "UI_AvatarIcon_Feiyan",
        "rarity": 4,
        "sideIcon": "UI_AvatarIcon_Side_Feiyan",
        "gachaIcon": "UI_Gacha_AvatarImg_Feiyan",
        "constellations": [
            "UI_Talent_S_Feiyan_01",
            "UI_Talent_S_Feiyan_02",
            "UI_Talent_U_Feiyan_01",
            "UI_Talent_S_Feiyan_03",
            "UI_Talent_U_Feiyan_02",
            "UI_Talent_S_Feiyan_04"
        ],
        "skills": {
            "normalAttack": "Skill_A_Catalyst_MD",
            "elementalSkill": "Skill_S_Feiyan_01",
            "elementalBurst": "Skill_E_Feiyan_01"
        },
        "skillOrder": [
            "10481",
            "10482",
            "10485"
        ]
    },
    "10000049": {
        "nameTextMapHash": 2504399314,
        "element": "Pyro",
        "icon": "UI_AvatarIcon_Yoimiya",
        "rarity": 5,
        "sideIcon": "UI_AvatarIcon_Side_Yoimiya",
        "gachaIcon": "UI_Gacha_AvatarImg_Yoimiya",
        "constellations": [
            "UI_Talent_S_Yoimiya_01",
            "UI_Talent_S_Yoimiya_02",
            "UI_Talent_U_Yoimiya_01",
            "UI_Talent_S_Yoimiya_03",
            "UI_Talent_U_Yoimiya_02",
            "UI_Talent_S_Yoimiya_04"
        ],
        "skills": {
            "normalAttack": "Skill_A_02",
            "elementalSkill": "Skill_S_Yoimiya_01",
            "elementalBurst": "Skill_E_Yoimiya_01"
        },
        "skillOrder": [
            "10491",
            "10492",
            "10495"
        ]
    },
    "10000050": {
        "nameTextMapHash": 3555115602,
        "element": "Pyro",
        "icon": "UI_AvatarIcon_Tohma",
        "rarity": 4,
        "sideIcon": "UI_AvatarIcon_Side_Tohma",
        "gachaIcon": "UI_Gacha_AvatarImg_Tohma",
        "constellations": [
            "UI_Talent_S_Tohma_01",
            "UI_Talent_S_Tohma_02",
            "UI_Talent_U_Tohma_01",
            "UI_Talent_S_Tohma_03",
            "UI_Talent_U_Tohma_02",
            "UI_Talent_S_Tohma_04"
        ],
        "skills": {
            "normalAttack": "Skill_A_03",
            "elementalSkill": "Skill_S_Tohma_01",
            "elementalBurst": "Skill_E_Tohma_01"
        },
        "skillOrder": [
            "10501",
            "10502",
            "10505"
        ]
    },
    "10000051": {
        "nameTextMapHash": 3717667418,
        "element": "Cryo",
        "icon": "UI_AvatarIcon_Eula",
        "rarity": 5,
        "sideIcon": "UI_AvatarIcon_Side_Eula",
        "gachaIcon": "UI_Gacha_AvatarImg_Eula",
        "constellations": [
            "UI_Talent_S_Eula_02",
            "UI_Talent_S_Eula_01",
            "UI_Talent_U_Eula_01",
            "UI_Talent_S_Eula_03",
            "UI_Talent_U_Eula_02",
            "UI_Talent_S_Eula_04"
        ],
        "skills": {
            "normalAttack": "Skill_A_04",
            "elementalSkill": "Skill_S_Eula_01",
            "elementalBurst": "Skill_E_Eula_01"
        },
        "skillOrder": [
            "10511",
            "10512",
            "10515"
        ]
    },
    "10000052": {
        "nameTextMapHash": 3024507506,
        "element": "Electro",
        "icon": "UI_AvatarIcon_Shougun",
        "rarity": 5,
        "sideIcon": "UI_AvatarIcon_Side_Shougun",
        "gachaIcon": "UI_Gacha_AvatarImg_Shougun",
        "constellations": [
            "UI_Talent_S_Shougun_01",
            "UI_Talent_S_Shougun_03",
            "UI_Talent_U_Shougun_02",
            "UI_Talent_S_Shougun_02",
            "UI_Talent_U_Shougun_01",
            "UI_Talent_S_Shougun_04"
        ],
        "skills": {
            "normalAttack": "Skill_A_03",
            "elementalSkill": "Skill_S_Shougun_01",
            "elementalBurst": "Skill_E_Shougun_01"
        },
        "skillOrder": [
            "10521",
            "10522",
            "10525"
        ]
    },
    "10000053": {
        "nameTextMapHash": 2388785242,
        "element": "Anemo",
        "icon": "UI_AvatarIcon_Sayu",
        "rarity": 4,
        "sideIcon": "UI_AvatarIcon_Side_Sayu",
        "gachaIcon": "UI_Gacha_AvatarImg_Sayu",
        "constellations": [
            "UI_Talent_S_Sayu_01",
            "UI_Talent_S_Sayu_02",
            "UI_Talent_U_Sayu_02",
            "UI_Talent_S_Sayu_03",
            "UI_Talent_U_Sayu_01",
            "UI_Talent_S_Sayu_04"
        ],
        "skills": {
            "normalAttack": "Skill_A_04",
            "elementalSkill": "Skill_S_Sayu_01",
            "elementalBurst": "Skill_E_Sayu_01"
        },
        "skillOrder": [
            "10531",
            "10532",
            "10535"
        ]
    },
    "10000054": {
        "nameTextMapHash": 3914045794,
        "element": "Hydro",
        "icon": "UI_AvatarIcon_Kokomi",
        "rarity": 5,
        "sideIcon": "UI_AvatarIcon_Side_Kokomi",
        "gachaIcon": "UI_Gacha_AvatarImg_Kokomi",
        "constellations": [
            "UI_Talent_S_Kokomi_01",
            "UI_Talent_S_Kokomi_02",
            "UI_Talent_U_Kokomi_02",
            "UI_Talent_S_Kokomi_03",
            "UI_Talent_U_Kokomi_01",
            "UI_Talent_S_Kokomi_04"
        ],
        "skills": {
            "normalAttack": "Skill_A_Catalyst_MD",
            "elementalSkill": "Skill_S_Kokomi_01",
            "elementalBurst": "Skill_E_Kokomi_01"
        },
        "skillOrder": [
            "10541",
            "10542",
            "10545"
        ]
    },
    "10000055": {
        "nameTextMapHash": 3400133546,
        "element": "Geo",
        "icon": "UI_AvatarIcon_Gorou",
        "rarity": 4,
        "sideIcon": "UI_AvatarIcon_Side_Gorou",
        "gachaIcon": "UI_Gacha_AvatarImg_Gorou",
        "constellations": [
            "UI_Talent_S_Gorou_01",
            "UI_Talent_S_Gorou_02",
            "UI_Talent_U_Gorou_01",
            "UI_Talent_S_Gorou_03",
            "UI_Talent_U_Gorou_02",
            "UI_Talent_S_Gorou_04"
        ],
        "skills": {
            "normalAttack": "Skill_A_02",
            "elementalSkill": "Skill_S_Gorou_01",
            "elementalBurst": "Skill_E_Gorou_01"
        },
        "skillOrder": [
            "10551",
            "10552",
            "10555"
        ]
    },
    "10000056": {
        "nameTextMapHash": 1483922610,
        "element": "Electro",
        "icon": "UI_AvatarIcon_Sara",
        "rarity": 4,
        "sideIcon": "UI_AvatarIcon_Side_Sara",
        "gachaIcon": "UI_Gacha_AvatarImg_Sara",
        "constellations": [
            "UI_Talent_S_Sara_05",
            "UI_Talent_S_Sara_02",
            "UI_Talent_U_Sara_02",
            "UI_Talent_S_Sara_03",
            "UI_Talent_U_Sara_01",
            "UI_Talent_S_Sara_04"
        ],
        "skills": {
            "normalAttack": "Skill_A_02",
            "elementalSkill": "Skill_S_Sara_01",
            "elementalBurst": "Skill_E_Sara_01"
        },
        "skillOrder": [
            "10561",
            "10562",
            "10565"
        ]
    },
    "10000057": {
        "nameTextMapHash": 3068316954,
        "element": "Geo",
        "icon": "UI_AvatarIcon_Itto",
        "rarity": 5,
        "sideIcon": "UI_AvatarIcon_Side_Itto",
        "gachaIcon": "UI_Gacha_AvatarImg_Itto",
        "constellations": [
            "UI_Talent_S_Itto_01",
            "UI_Talent_S_Itto_02",
            "UI_Talent_U_Itto_01",
            "UI_Talent_S_Itto_03",
            "UI_Talent_U_Itto_02",
            "UI_Talent_S_Itto_04"
        ],
        "skills": {
            "normalAttack": "Skill_A_04",
            "elementalSkill": "Skill_S_Itto_01",
            "elementalBurst": "Skill_E_Itto_01"
        },
        "skillOrder": [
            "10571",
            "10572",
            "10575"
        ]
    },
    "10000058": {
        "nameTextMapHash": 2713453234,
        "element": "Electro",
        "icon": "UI_AvatarIcon_Yae",
        "rarity": 5,
        "sideIcon": "UI_AvatarIcon_Side_Yae",
        "gachaIcon": "UI_Gacha_AvatarImg_Yae",
        "constellations": [
            "UI_Talent_S_Yae_01",
            "UI_Talent_S_Yae_02",
            "UI_Talent_U_Yae_01",
            "UI_Talent_S_Yae_03",
            "UI_Talent_U_Yae_02",
            "UI_Talent_S_Yae_04"
        ],
        "skills": {
            "normalAttack": "Skill_A_Catalyst_MD",
            "elementalSkill": "Skill_S_Yae_01",
            "elementalBurst": "Skill_E_Yae_01"
        },
        "skillOrder": [
            "10581",
            "10582",
            "10585"
        ]
    },
    "10000059": {
        "nameTextMapHash": 646032090,
        "element": "Anemo",
        "icon": "UI_AvatarIcon_Heizo",
        "rarity": 4,
        "sideIcon": "UI_AvatarIcon_Side_Heizo",
        "gachaIcon": "UI_Gacha_AvatarImg_Heizo",
        "constellations": [
            "UI_Talent_S_Heizo_01",
            "UI_Talent_S_Heizo_02",
            "UI_Talent_U_Heizo_01",
            "UI_Talent_S_Heizo_03",
            "UI_Talent_U_Heizo_02",
            "UI_Talent_S_Heizo_04"
        ],
        "skills": {
            "normalAttack": "Skill_A_Catalyst_MD",
            "elementalSkill": "Skill_S_Heizo_01",
            "elementalBurst": "Skill_E_Heizo_01"
        },
        "skillOrder": [
            "10591",
            "10592",
            "10595"
        ]
    },
    "10000060": {
        "nameTextMapHash": 2848374378,
        "element": "Hydro",
        "icon": "UI_AvatarIcon_Yelan",
        "rarity": 5,
        "sideIcon": "UI_AvatarIcon_Side_Yelan",
        "gachaIcon": "UI_Gacha_AvatarImg_Yelan",
        "constellations": [
            "UI_Talent_S_Yelan_01",
            "UI_Talent_S_Yelan_02",
            "UI_Talent_U_Yelan_01",
            "UI_Talent_S_Yelan_03",
            "UI_Talent_U_Yelan_02",
            "UI_Talent_S_Yelan_04"
        ],
        "skills": {
            "normalAttack": "Skill_A_02",
            "elementalSkill": "Skill_S_Yelan_01",
            "elementalBurst": "Skill_E_Yelan_01"
        },
        "skillOrder": [
            "10606",
            "10607",
            "10610"
        ]
    },
    "10000061": {
        "nameTextMapHash": 1456643042,
        "element": "Dendro",
        "icon": "UI_AvatarIcon_Momoka",
        "rarity": 4,
        "sideIcon": "UI_AvatarIcon_Side_Momoka",
        "gachaIcon": "UI_Gacha_AvatarImg_Momoka",
        "constellations": [
            "UI_Talent_S_Momoka_01",
            "UI_Talent_S_Momoka_02",
            "UI_Talent_U_Momoka_01",
            "UI_Talent_S_Momoka_04",
            "UI_Talent_U_Momoka_02",
            "UI_Talent_S_Momoka_03"
        ],
        "skills": {
            "normalAttack": "Skill_A_01",
            "elementalSkill": "Skill_S_Momoka_01",
            "elementalBurst": "Skill_E_Momoka_01"
        },
        "skillOrder": [
            "10611",
            "10612",
            "10615"
        ],
        "costumes": [
            {
                "sideIconName": "UI_AvatarIcon_Side_MomokaCostumeErrantry",
                "icon": "UI_AvatarIcon_MomokaCostumeErrantry",
                "art": "UI_Costume_MomokaCostumeErrantry"
            }
        ]
    },
    "10000062": {
        "nameTextMapHash": 3689108098,
        "element": "Cryo",
        "icon": "UI_AvatarIcon_Aloy",
        "rarity": 5,
        "sideIcon": "UI_AvatarIcon_Side_Aloy",
        "gachaIcon": "UI_Gacha_AvatarImg_Aloy",
        "constellations": [
            "UI_Talent_S_Aloy_Lock",
            "UI_Talent_S_Aloy_Lock",
            "UI_Talent_S_Aloy_Lock",
            "UI_Talent_S_Aloy_Lock",
            "UI_Talent_S_Aloy_Lock",
            "UI_Talent_S_Aloy_Lock"
        ],
        "skills": {
            "normalAttack": "Skill_A_02",
            "elementalSkill": "Skill_S_Aloy_01",
            "elementalBurst": "Skill_E_Aloy_01"
        },
        "skillOrder": [
            "10621",
            "10622",
            "10625"
        ]
    },
    "10000063": {
        "nameTextMapHash": 334242634,
        "element": "Cryo",
        "icon": "UI_AvatarIcon_Shenhe",
        "rarity": 5,
        "sideIcon": "UI_AvatarIcon_Side_Shenhe",
        "gachaIcon": "UI_Gacha_AvatarImg_Shenhe",
        "constellations": [
            "UI_Talent_S_Shenhe_02",
            "UI_Talent_S_Shenhe_01",
            "UI_Talent_U_Shenhe_01",
            "UI_Talent_S_Shenhe_03",
            "UI_Talent_U_Shenhe_02",
            "UI_Talent_S_Shenhe_04"
        ],
        "skills": {
            "normalAttack": "Skill_A_03",
            "elementalSkill": "Skill_S_Shenhe_01",
            "elementalBurst": "Skill_E_Shenhe_01"
        },
        "skillOrder": [
            "10631",
            "10632",
            "10635"
        ],
        "costumes": [
            {
                "sideIconName": "UI_AvatarIcon_Side_ShenheCostumeDai",
                "icon": "UI_AvatarIcon_ShenheCostumeDai",
                "art": "UI_Costume_ShenheCostumeDai"
            }
        ]
    },
    "10000064": {
        "nameTextMapHash": 655825874,
        "element": "Geo",
        "icon": "UI_AvatarIcon_Yunjin",
        "rarity": 4,
        "sideIcon": "UI_AvatarIcon_Side_Yunjin",
        "gachaIcon": "UI_Gacha_AvatarImg_Yunjin",
        "constellations": [
            "UI_Talent_S_Yunjin_01",
            "UI_Talent_S_Yunjin_02",
            "UI_Talent_U_Yunjin_01",
            "UI_Talent_S_Yunjin_03",
            "UI_Talent_U_Yunjin_02",
            "UI_Talent_S_Yunjin_04"
        ],
        "skills": {
            "normalAttack": "Skill_A_03",
            "elementalSkill": "Skill_S_Yunjin_01",
            "elementalBurst": "Skill_E_Yunjin_01"
        },
        "skillOrder": [
            "10641",
            "10642",
            "10643"
        ]
    },
    "10000065": {
        "nameTextMapHash": 1940821986,
        "element": "Electro",
        "icon": "UI_AvatarIcon_Shinobu",
        "rarity": 4,
        "sideIcon": "UI_AvatarIcon_Side_Shinobu",
        "gachaIcon": "UI_Gacha_AvatarImg_Shinobu",
        "constellations": [
            "UI_Talent_S_Shinobu_01",
            "UI_Talent_S_Shinobu_02",
            "UI_Talent_U_Shinobu_01",
            "UI_Talent_S_Shinobu_03",
            "UI_Talent_U_Shinobu_02",
            "UI_Talent_S_Shinobu_04"
        ],
        "skills": {
            "normalAttack": "Skill_A_01",
            "elementalSkill": "Skill_S_Shinobu_01",
            "elementalBurst": "Skill_E_Shinobu_01"
        },
        "skillOrder": [
            "10651",
            "10652",
            "10655"
        ]
    },
    "10000066": {
        "nameTextMapHash": 1588620330,
        "element": "Hydro",
        "icon": "UI_AvatarIcon_Ayato",
        "rarity": 5,
        "sideIcon": "UI_AvatarIcon_Side_Ayato",
        "gachaIcon": "UI_Gacha_AvatarImg_Ayato",
        "constellations": [
            "UI_Talent_S_Ayato_01",
            "UI_Talent_S_Ayato_02",
            "UI_Talent_U_Ayato_02",
            "UI_Talent_S_Ayato_03",
            "UI_Talent_U_Ayato_01",
            "UI_Talent_S_Ayato_04"
        ],
        "skills": {
            "normalAttack": "Skill_A_01",
            "elementalSkill": "Skill_S_Ayato_01",
            "elementalBurst": "Skill_E_Ayato_01"
        },
        "skillOrder": [
            "10661",
            "10662",
            "10665"
        ]
    },
    "10000067": {
        "nameTextMapHash": 2948362178,
        "element": "Dendro",
        "icon": "UI_AvatarIcon_Collei",
        "rarity": 4,
        "sideIcon": "UI_AvatarIcon_Side_Collei",
        "gachaIcon": "UI_Gacha_AvatarImg_Collei",
        "constellations": [
            "UI_Talent_S_Collei_01",
            "UI_Talent_S_Collei_02",
            "UI_Talent_U_Collei_02",
            "UI_Talent_S_Collei_03",
            "UI_Talent_U_Collei_01",
            "UI_Talent_S_Collei_04"
        ],
        "skills": {
            "normalAttack": "Skill_A_02",
            "elementalSkill": "Skill_S_Collei_01",
            "elementalBurst": "Skill_E_Collei_01"
        },
        "skillOrder": [
            "10671",
            "10672",
            "10675"
        ]
    },
    "10000068": {
        "nameTextMapHash": 388272194,
        "element": "Electro",
        "icon": "UI_AvatarIcon_Dori",
        "rarity": 4,
        "sideIcon": "UI_AvatarIcon_Side_Dori",
        "gachaIcon": "UI_Gacha_AvatarImg_Dori",
        "constellations": [
            "UI_Talent_S_Dori_01",
            "UI_Talent_S_Dori_02",
            "UI_Talent_U_Dori_02",
            "UI_Talent_S_Dori_03",
            "UI_Talent_U_Dori_01",
            "UI_Talent_S_Dori_04"
        ],
        "skills": {
            "normalAttack": "Skill_A_04",
            "elementalSkill": "Skill_S_Dori_01",
            "elementalBurst": "Skill_E_Dori_01"
        },
        "skillOrder": [
            "10681",
            "10682",
            "10685"
        ]
    },
    "10000069": {
        "nameTextMapHash": 2506955778,
        "element": "Dendro",
        "icon": "UI_AvatarIcon_Tighnari",
        "rarity": 5,
        "sideIcon": "UI_AvatarIcon_Side_Tighnari",
        "gachaIcon": "UI_Gacha_AvatarImg_Tighnari",
        "constellations": [
            "UI_Talent_S_Tighnari_01",
            "UI_Talent_S_Tighnari_02",
            "UI_Talent_U_Tighnari_01",
            "UI_Talent_S_Tighnari_03",
            "UI_Talent_U_Tighnari_02",
            "UI_Talent_S_Tighnari_04"
        ],
        "skills": {
            "normalAttack": "Skill_A_02",
            "elementalSkill": "Skill_S_Tighnari_01",
            "elementalBurst": "Skill_E_Tighnari_01"
        },
        "skillOrder": [
            "10691",
            "10692",
            "10695"
        ]
    },
    "10000070": {
        "nameTextMapHash": 3850149970,
        "element": "Hydro",
        "icon": "UI_AvatarIcon_Nilou",
        "rarity": 5,
        "sideIcon": "UI_AvatarIcon_Side_Nilou",
        "gachaIcon": "UI_Gacha_AvatarImg_Nilou",
        "constellations": [
            "UI_Talent_S_Nilou_01",
            "UI_Talent_S_Nilou_02",
            "UI_Talent_U_Nilou_01",
            "UI_Talent_S_Nilou_03",
            "UI_Talent_U_Nilou_02",
            "UI_Talent_S_Nilou_04"
        ],
        "skills": {
            "normalAttack": "Skill_A_01",
            "elementalSkill": "Skill_S_Nilou_01",
            "elementalBurst": "Skill_E_Nilou_01"
        },
        "skillOrder": [
            "10701",
            "10702",
            "10705"
        ],
        "costumes": [
            {
                "sideIconName": "UI_AvatarIcon_Side_NilouCostumeFairy",
                "icon": "UI_AvatarIcon_NilouCostumeFairy",
                "art": "UI_Costume_NilouCostumeFairy"
            }
        ]
    },
    "10000071": {
        "nameTextMapHash": 1049891906,
        "element": "Electro",
        "icon": "UI_AvatarIcon_Cyno",
        "rarity": 5,
        "sideIcon": "UI_AvatarIcon_Side_Cyno",
        "gachaIcon": "UI_Gacha_AvatarImg_Cyno",
        "constellations": [
            "UI_Talent_S_Cyno_01",
            "UI_Talent_S_Cyno_02",
            "UI_Talent_U_Cyno_01",
            "UI_Talent_S_Cyno_03",
            "UI_Talent_U_Cyno_02",
            "UI_Talent_S_Cyno_04"
        ],
        "skills": {
            "normalAttack": "Skill_A_03",
            "elementalSkill": "Skill_S_Cyno_01",
            "elementalBurst": "Skill_E_Cyno_01"
        },
        "skillOrder": [
            "10711",
            "10712",
            "10715"
        ]
    },
    "10000072": {
        "nameTextMapHash": 3092975658,
        "element": "Hydro",
        "icon": "UI_AvatarIcon_Candace",
        "rarity": 4,
        "sideIcon": "UI_AvatarIcon_Side_Candace",
        "gachaIcon": "UI_Gacha_AvatarImg_Candace",
        "constellations": [
            "UI_Talent_S_Candace_01",
            "UI_Talent_S_Candace_02",
            "UI_Talent_U_Candace_01",
            "UI_Talent_S_Candace_03",
            "UI_Talent_U_Candace_02",
            "UI_Talent_S_Candace_04"
        ],
        "skills": {
            "normalAttack": "Skill_A_03",
            "elementalSkill": "Skill_S_Candace_01",
            "elementalBurst": "Skill_E_Candace_01"
        },
        "skillOrder": [
            "10721",
            "10722",
            "10725"
        ]
    },
    "10000073": {
        "nameTextMapHash": 712501082,
        "element": "Dendro",
        "icon": "UI_AvatarIcon_Nahida",
        "rarity": 5,
        "sideIcon": "UI_AvatarIcon_Side_Nahida",
        "gachaIcon": "UI_Gacha_AvatarImg_Nahida",
        "constellations": [
            "UI_Talent_S_Nahida_01",
            "UI_Talent_S_Nahida_02",
            "UI_Talent_U_Nahida_01",
            "UI_Talent_S_Nahida_03",
            "UI_Talent_U_Nahida_02",
            "UI_Talent_S_Nahida_04"
        ],
        "skills": {
            "normalAttack": "Skill_A_Catalyst_MD",
            "elementalSkill": "Skill_S_Nahida_01",
            "elementalBurst": "Skill_E_Nahida_01"
        },
        "skillOrder": [
            "10731",
            "10732",
            "10735"
        ]
    },
    "10000074": {
        "nameTextMapHash": 2889777514,
        "element": "Cryo",
        "icon": "UI_AvatarIcon_Layla",
        "rarity": 4,
        "sideIcon": "UI_AvatarIcon_Side_Layla",
        "gachaIcon": "UI_Gacha_AvatarImg_Layla",
        "constellations": [
            "UI_Talent_S_Layla_01",
            "UI_Talent_S_Layla_02",
            "UI_Talent_U_Layla_01",
            "UI_Talent_S_Layla_03",
            "UI_Talent_U_Layla_02",
            "UI_Talent_S_Layla_04"
        ],
        "skills": {
            "normalAttack": "Skill_A_01",
            "elementalSkill": "Skill_S_Layla_01",
            "elementalBurst": "Skill_E_Layla_01"
        },
        "skillOrder": [
            "10741",
            "10742",
            "10745"
        ]
    },
    "10000075": {
        "nameTextMapHash": 3230559562,
        "element": "Anemo",
        "icon": "UI_AvatarIcon_Wanderer",
        "rarity": 5,
        "sideIcon": "UI_AvatarIcon_Side_Wanderer",
        "gachaIcon": "UI_Gacha_AvatarImg_Wanderer",
        "constellations": [
            "UI_Talent_S_Wanderer_01",
            "UI_Talent_S_Wanderer_02",
            "UI_Talent_U_Wanderer_02",
            "UI_Talent_S_Wanderer_03",
            "UI_Talent_U_Wanderer_01",
            "UI_Talent_S_Wanderer_04"
        ],
        "skills": {
            "normalAttack": "Skill_A_Catalyst_MD",
            "elementalSkill": "Skill_S_Wanderer_01",
            "elementalBurst": "Skill_E_Wanderer_01"
        },
        "skillOrder": [
            "10751",
            "10752",
            "10755"
        ]
    },
    "10000076": {
        "nameTextMapHash": 2387711994,
        "element": "Anemo",
        "icon": "UI_AvatarIcon_Faruzan",
        "rarity": 4,
        "sideIcon": "UI_AvatarIcon_Side_Faruzan",
        "gachaIcon": "UI_Gacha_AvatarImg_Faruzan",
        "constellations": [
            "UI_Talent_S_Faruzan_01",
            "UI_Talent_S_Faruzan_02",
            "UI_Talent_U_Faruzan_01",
            "UI_Talent_S_Faruzan_03",
            "UI_Talent_U_Faruzan_02",
            "UI_Talent_S_Faruzan_04"
        ],
        "skills": {
            "normalAttack": "Skill_A_02",
            "elementalSkill": "Skill_S_Faruzan_01",
            "elementalBurst": "Skill_E_Faruzan_01"
        },
        "skillOrder": [
            "10761",
            "10762",
            "10765"
        ]
    },
    "10000077": {
        "nameTextMapHash": 1732418482,
        "element": "Dendro",
        "icon": "UI_AvatarIcon_Yaoyao",
        "rarity": 4,
        "sideIcon": "UI_AvatarIcon_Side_Yaoyao",
        "gachaIcon": "UI_Gacha_AvatarImg_Yaoyao",
        "constellations": [
            "UI_Talent_S_Yaoyao_01",
            "UI_Talent_S_Yaoyao_02",
            "UI_Talent_U_Yaoyao_01",
            "UI_Talent_S_Yaoyao_03",
            "UI_Talent_U_Yaoyao_02",
            "UI_Talent_S_Yaoyao_04"
        ],
        "skills": {
            "normalAttack": "Skill_A_03",
            "elementalSkill": "Skill_S_Yaoyao_01",
            "elementalBurst": "Skill_E_Yaoyao_01"
        },
        "skillOrder": [
            "10771",
            "10772",
            "10775"
        ]
    },
    "10000078": {
        "nameTextMapHash": 4002157418,
        "element": "Dendro",
        "icon": "UI_AvatarIcon_Alhatham",
        "rarity": 5,
        "sideIcon": "UI_AvatarIcon_Side_Alhatham",
        "gachaIcon": "UI_Gacha_AvatarImg_Alhatham",
        "constellations": [
            "UI_Talent_S_Alhatham_02",
            "UI_Talent_S_Alhatham_01",
            "UI_Talent_U_Alhatham_01",
            "UI_Talent_S_Alhatham_03",
            "UI_Talent_U_Alhatham_02",
            "UI_Talent_S_Alhatham_04"
        ],
        "skills": {
            "normalAttack": "Skill_A_01",
            "elementalSkill": "Skill_S_Alhatham_01",
            "elementalBurst": "Skill_E_Alhatham_01"
        },
        "skillOrder": [
            "10781",
            "10782",
            "10785"
        ]
    },
    "10000079": {
        "nameTextMapHash": 2360533154,
        "element": "Pyro",
        "icon": "UI_AvatarIcon_Dehya",
        "rarity": 5,
        "sideIcon": "UI_AvatarIcon_Side_Dehya",
        "gachaIcon": "UI_Gacha_AvatarImg_Dehya",
        "constellations": [
            "UI_Talent_S_Dehya_01",
            "UI_Talent_S_Dehya_02",
            "UI_Talent_U_Dehya_01",
            "UI_Talent_S_Dehya_03",
            "UI_Talent_U_Dehya_02",
            "UI_Talent_S_Dehya_04"
        ],
        "skills": {
            "normalAttack": "Skill_A_04",
            "elementalSkill": "Skill_S_Dehya_01",
            "elementalBurst": "Skill_E_Dehya_01"
        },
        "skillOrder": [
            "10791",
            "10792",
            "10795"
        ]
    },
    "10000080": {
        "nameTextMapHash": 231911858,
        "element": "Cryo",
        "icon": "UI_AvatarIcon_Mika",
        "rarity": 4,
        "sideIcon": "UI_AvatarIcon_Side_Mika",
        "gachaIcon": "UI_Gacha_AvatarImg_Mika",
        "constellations": [
            "UI_Talent_S_Mika_01",
            "UI_Talent_S_Mika_02",
            "UI_Talent_U_Mika_01",
            "UI_Talent_S_Mika_03",
            "UI_Talent_U_Mika_02",
            "UI_Talent_S_Mika_04"
        ],
        "skills": {
            "normalAttack": "Skill_A_03",
            "elementalSkill": "Skill_S_Mika_01",
            "elementalBurst": "Skill_E_Mika_01"
        },
        "skillOrder": [
            "10801",
            "10802",
            "10805"
        ]
    },
    "10000081": {
        "nameTextMapHash": 466355514,
        "element": "Dendro",
        "icon": "UI_AvatarIcon_Kaveh",
        "rarity": 4,
        "sideIcon": "UI_AvatarIcon_Side_Kaveh",
        "gachaIcon": "UI_Gacha_AvatarImg_Kaveh",
        "constellations": [
            "UI_Talent_S_Kaveh_01",
            "UI_Talent_S_Kaveh_02",
            "UI_Talent_U_Kaveh_02",
            "UI_Talent_S_Kaveh_03",
            "UI_Talent_U_Kaveh_01",
            "UI_Talent_S_Kaveh_04"
        ],
        "skills": {
            "normalAttack": "Skill_A_04",
            "elementalSkill": "Skill_S_Kaveh_01",
            "elementalBurst": "Skill_E_Kaveh_01"
        },
        "skillOrder": [
            "10811",
            "10812",
            "10815"
        ]
    },
    "10000082": {
        "nameTextMapHash": 2984815066,
        "element": "Dendro",
        "icon": "UI_AvatarIcon_Baizhuer",
        "rarity": 5,
        "sideIcon": "UI_AvatarIcon_Side_Baizhuer",
        "gachaIcon": "UI_Gacha_AvatarImg_Baizhuer",
        "constellations": [
            "UI_Talent_S_Baizhuer_01",
            "UI_Talent_S_Baizhuer_02",
            "UI_Talent_U_Baizhuer_01",
            "UI_Talent_S_Baizhuer_03",
            "UI_Talent_U_Baizhuer_02",
            "UI_Talent_S_Baizhuer_04"
        ],
        "skills": {
            "normalAttack": "Skill_A_Catalyst_MD",
            "elementalSkill": "Skill_S_Baizhuer_01",
            "elementalBurst": "Skill_E_Baizhuer_01"
        },
        "skillOrder": [
            "10821",
            "10822",
            "10825"
        ]
    },
    "10000083": {
        "nameTextMapHash": 1225226258,
        "element": "Anemo",
        "icon": "UI_AvatarIcon_Linette",
        "rarity": 4,
        "sideIcon": "UI_AvatarIcon_Side_Linette",
        "gachaIcon": "UI_Gacha_AvatarImg_Linette",
        "constellations": [
            "UI_Talent_S_Linette_01",
            "UI_Talent_S_Linette_02",
            "UI_Talent_U_Linette_01",
            "UI_Talent_S_Linette_03",
            "UI_Talent_U_Linette_02",
            "UI_Talent_S_Linette_04"
        ],
        "skills": {
            "normalAttack": "Skill_A_01",
            "elementalSkill": "Skill_S_Linette_01",
            "elementalBurst": "Skill_E_Linette_01"
        },
        "skillOrder": [
            "10831",
            "10832",
            "10835"
        ]
    },
    "10000084": {
        "nameTextMapHash": 2472444970,
        "element": "Pyro",
        "icon": "UI_AvatarIcon_Liney",
        "rarity": 5,
        "sideIcon": "UI_AvatarIcon_Side_Liney",
        "gachaIcon": "UI_Gacha_AvatarImg_Liney",
        "constellations": [
            "UI_Talent_S_Liney_01",
            "UI_Talent_S_Liney_03",
            "UI_Talent_U_Liney_01",
            "UI_Talent_S_Liney_02",
            "UI_Talent_U_Liney_02",
            "UI_Talent_S_Liney_04"
        ],
        "skills": {
            "normalAttack": "Skill_A_02",
            "elementalSkill": "Skill_S_Liney_01",
            "elementalBurst": "Skill_E_Liney_01"
        },
        "skillOrder": [
            "10841",
            "10842",
            "10845"
        ]
    },
    "10000085": {
        "nameTextMapHash": 4201964354,
        "element": "Cryo",
        "icon": "UI_AvatarIcon_Freminet",
        "rarity": 4,
        "sideIcon": "UI_AvatarIcon_Side_Freminet",
        "gachaIcon": "UI_Gacha_AvatarImg_Freminet",
        "constellations": [
            "UI_Talent_S_Freminet_01",
            "UI_Talent_S_Freminet_02",
            "UI_Talent_U_Freminet_01",
            "UI_Talent_S_Freminet_03",
            "UI_Talent_U_Freminet_02",
            "UI_Talent_S_Freminet_04"
        ],
        "skills": {
            "normalAttack": "Skill_A_04",
            "elementalSkill": "Skill_S_Freminet_01",
            "elementalBurst": "Skill_E_Freminet_01"
        },
        "skillOrder": [
            "10851",
            "10852",
            "10855"
        ]
    },
    "10000086": {
        "nameTextMapHash": 370151050,
        "element": "Cryo",
        "icon": "UI_AvatarIcon_Wriothesley",
        "rarity": 5,
        "sideIcon": "UI_AvatarIcon_Side_Wriothesley",
        "gachaIcon": "UI_Gacha_AvatarImg_Wriothesley",
        "constellations": [
            "UI_Talent_S_Wriothesley_01",
            "UI_Talent_S_Wriothesley_02",
            "UI_Talent_U_Wriothesley_01",
            "UI_Talent_S_Wriothesley_03",
            "UI_Talent_U_Wriothesley_02",
            "UI_Talent_S_Wriothesley_04"
        ],
        "skills": {
            "normalAttack": "Skill_A_Catalyst_MD",
            "elementalSkill": "Skill_S_Wriothesley_01",
            "elementalBurst": "Skill_E_Wriothesley_01"
        },
        "skillOrder": [
            "10861",
            "10862",
            "10865"
        ]
    },
    "10000087": {
        "nameTextMapHash": 1504902330,
        "element": "Hydro",
        "icon": "UI_AvatarIcon_Neuvillette",
        "rarity": 5,
        "sideIcon": "UI_AvatarIcon_Side_Neuvillette",
        "gachaIcon": "UI_Gacha_AvatarImg_Neuvillette",
        "constellations": [
            "UI_Talent_S_Neuvillette_01",
            "UI_Talent_S_Neuvillette_02",
            "UI_Talent_U_Neuvillette_01",
            "UI_Talent_S_Neuvillette_03",
            "UI_Talent_U_Neuvillette_02",
            "UI_Talent_S_Neuvillette_04"
        ],
        "skills": {
            "normalAttack": "Skill_A_Catalyst_MD",
            "elementalSkill": "Skill_S_Neuvillette_01",
            "elementalBurst": "Skill_E_Neuvillette_01"
        },
        "skillOrder": [
            "10871",
            "10872",
            "10875"
        ]
    },
    "10000088": {
        "nameTextMapHash": 3831162130,
        "element": "Cryo",
        "icon": "UI_AvatarIcon_Charlotte",
        "rarity": 4,
        "sideIcon": "UI_AvatarIcon_Side_Charlotte",
        "gachaIcon": "UI_Gacha_AvatarImg_Charlotte",
        "constellations": [
            "UI_Talent_S_Charlotte_01",
            "UI_Talent_S_Charlotte_02",
            "UI_Talent_U_Charlotte_01",
            "UI_Talent_S_Charlotte_03",
            "UI_Talent_U_Charlotte_02",
            "UI_Talent_S_Charlotte_04"
        ],
        "skills": {
            "normalAttack": "Skill_A_Catalyst_MD",
            "elementalSkill": "Skill_S_Charlotte_01",
            "elementalBurst": "Skill_E_Charlotte_01"
        },
        "skillOrder": [
            "10881",
            "10882",
            "10885"
        ]
    },
    "10000089": {
        "nameTextMapHash": 2180900234,
        "element": "Hydro",
        "icon": "UI_AvatarIcon_Furina",
        "rarity": 5,
        "sideIcon": "UI_AvatarIcon_Side_Furina",
        "gachaIcon": "UI_Gacha_AvatarImg_Furina",
        "constellations": [
            "UI_Talent_S_Furina_01",
            "UI_Talent_S_Furina_04",
            "UI_Talent_U_Furina_02",
            "UI_Talent_S_Furina_03",
            "UI_Talent_U_Furina_01",
            "UI_Talent_S_Furina_02"
        ],
        "skills": {
            "normalAttack": "Skill_A_01",
            "elementalSkill": "Skill_S_Furina_01",
            "elementalBurst": "Skill_E_Furina_01"
        },
        "skillOrder": [
            "10891",
            "10892",
            "10895"
        ]
    },
    "10000090": {
        "nameTextMapHash": 540313842,
        "element": "Pyro",
        "icon": "UI_AvatarIcon_Chevreuse",
        "rarity": 4,
        "sideIcon": "UI_AvatarIcon_Side_Chevreuse",
        "gachaIcon": "UI_Gacha_AvatarImg_Chevreuse",
        "constellations": [
            "UI_Talent_S_Chevreuse_01",
            "UI_Talent_S_Chevreuse_02",
            "UI_Talent_U_Chevreuse_01",
            "UI_Talent_S_Chevreuse_03",
            "UI_Talent_U_Chevreuse_02",
            "UI_Talent_S_Chevreuse_04"
        ],
        "skills": {
            "normalAttack": "Skill_A_03",
            "elementalSkill": "Skill_S_Chevreuse_01",
            "elementalBurst": "Skill_E_Chevreuse_01"
        },
        "skillOrder": [
            "10901",
            "10902",
            "10905"
        ]
    },
    "10000091": {
        "nameTextMapHash": 2877588578,
        "element": "Geo",
        "icon": "UI_AvatarIcon_Navia",
        "rarity": 5,
        "sideIcon": "UI_AvatarIcon_Side_Navia",
        "gachaIcon": "UI_Gacha_AvatarImg_Navia",
        "constellations": [
            "UI_Talent_S_Navia_01",
            "UI_Talent_S_Navia_02",
            "UI_Talent_U_Navia_01",
            "UI_Talent_S_Navia_03",
            "UI_Talent_U_Navia_02",
            "UI_Talent_S_Navia_04"
        ],
        "skills": {
            "normalAttack": "Skill_A_04",
            "elementalSkill": "Skill_S_Navia_01",
            "elementalBurst": "Skill_E_Navia_01"
        },
        "skillOrder": [
            "10911",
            "10912",
            "10915"
        ]
    },
    "10000092": {
        "nameTextMapHash": 2822240322,
        "element": "Pyro",
        "icon": "UI_AvatarIcon_Gaming",
        "rarity": 4,
        "sideIcon": "UI_AvatarIcon_Side_Gaming",
        "gachaIcon": "UI_Gacha_AvatarImg_Gaming",
        "constellations": [
            "UI_Talent_S_Gaming_01",
            "UI_Talent_S_Gaming_02",
            "UI_Talent_U_Gaming_01",
            "UI_Talent_S_Gaming_03",
            "UI_Talent_U_Gaming_02",
            "UI_Talent_S_Gaming_04"
        ],
        "skills": {
            "normalAttack": "Skill_A_04",
            "elementalSkill": "Skill_S_Gaming_01",
            "elementalBurst": "Skill_E_Gaming_01"
        },
        "skillOrder": [
            "10921",
            "10922",
            "10925"
        ]
    },
    "10000093": {
        "nameTextMapHash": 3648220770,
        "element": "Anemo",
        "icon": "UI_AvatarIcon_Liuyun",
        "rarity": 5,
        "sideIcon": "UI_AvatarIcon_Side_Liuyun",
        "gachaIcon": "UI_Gacha_AvatarImg_Liuyun",
        "constellations": [
            "UI_Talent_S_Liuyun_01",
            "UI_Talent_S_Liuyun_02",
            "UI_Talent_U_Liuyun_02",
            "UI_Talent_S_Liuyun_03",
            "UI_Talent_U_Liuyun_01",
            "UI_Talent_S_Liuyun_04"
        ],
        "skills": {
            "normalAttack": "Skill_A_Catalyst_MD",
            "elementalSkill": "Skill_S_Liuyun_01",
            "elementalBurst": "Skill_E_Liuyun_01"
        },
        "skillOrder": [
            "10931",
            "10932",
            "10935"
        ]
    },
    "10000094": {
        "nameTextMapHash": 1944606922,
        "element": "Geo",
        "icon": "UI_AvatarIcon_Chiori",
        "rarity": 5,
        "sideIcon": "UI_AvatarIcon_Side_Chiori",
        "gachaIcon": "UI_Gacha_AvatarImg_Chiori",
        "constellations": [
            "UI_Talent_S_Chiori_01",
            "UI_Talent_S_Chiori_03",
            "UI_Talent_U_Chiori_01",
            "UI_Talent_S_Chiori_02",
            "UI_Talent_U_Chiori_02",
            "UI_Talent_S_Chiori_04"
        ],
        "skills": {
            "normalAttack": "Skill_A_01",
            "elementalSkill": "Skill_S_Chiori_01",
            "elementalBurst": "Skill_E_Chiori_01"
        },
        "skillOrder": [
            "10941",
            "10942",
            "10945"
        ]
    },
    "10000095": {
        "nameTextMapHash": 781488962,
        "element": "Hydro",
        "icon": "UI_AvatarIcon_Sigewinne",
        "rarity": 5,
        "sideIcon": "UI_AvatarIcon_Side_Sigewinne",
        "gachaIcon": "UI_Gacha_AvatarImg_Sigewinne",
        "constellations": [
            "UI_Talent_S_Sigewinne_01",
            "UI_Talent_S_Sigewinne_02",
            "UI_Talent_U_Sigewinne_01",
            "UI_Talent_S_Sigewinne_03",
            "UI_Talent_U_Sigewinne_02",
            "UI_Talent_S_Sigewinne_04"
        ],
        "skills": {
            "normalAttack": "Skill_A_02",
            "elementalSkill": "Skill_S_Sigewinne_01",
            "elementalBurst": "Skill_E_Sigewinne_01"
        },
        "skillOrder": [
            "10951",
            "10952",
            "10955"
        ]
    },
    "10000096": {
        "nameTextMapHash": 167199474,
        "element": "Pyro",
        "icon": "UI_AvatarIcon_Arlecchino",
        "rarity": 5,
        "sideIcon": "UI_AvatarIcon_Side_Arlecchino",
        "gachaIcon": "UI_Gacha_AvatarImg_Arlecchino",
        "constellations": [
            "UI_Talent_S_Arlecchino_01",
            "UI_Talent_S_Arlecchino_02",
            "UI_Talent_U_Arlecchino_01",
            "UI_Talent_S_Arlecchino_03",
            "UI_Talent_U_Arlecchino_02",
            "UI_Talent_S_Arlecchino_04"
        ],
        "skills": {
            "normalAttack": "Skill_A_03",
            "elementalSkill": "Skill_S_Arlecchino_01",
            "elementalBurst": "Skill_E_Arlecchino_01"
        },
        "skillOrder": [
            "10961",
            "10962",
            "10965"
        ]
    },
    "10000097": {
        "nameTextMapHash": 1431322346,
        "element": "Electro",
        "icon": "UI_AvatarIcon_Sethos",
        "rarity": 4,
        "sideIcon": "UI_AvatarIcon_Side_Sethos",
        "gachaIcon": "UI_Gacha_AvatarImg_Sethos",
        "constellations": [
            "UI_Talent_S_Sethos_01",
            "UI_Talent_S_Sethos_02",
            "UI_Talent_U_Sethos_01",
            "UI_Talent_S_Sethos_03",
            "UI_Talent_U_Sethos_02",
            "UI_Talent_S_Sethos_04"
        ],
        "skills": {
            "normalAttack": "Skill_A_02",
            "elementalSkill": "Skill_S_Sethos_01",
            "elementalBurst": "Skill_E_Sethos_01"
        },
        "skillOrder": [
            "10971",
            "10972",
            "10975"
        ]
    },
    "10000098": {
        "nameTextMapHash": 2745369298,
        "element": "Electro",
        "icon": "UI_AvatarIcon_Clorinde",
        "rarity": 5,
        "sideIcon": "UI_AvatarIcon_Side_Clorinde",
        "gachaIcon": "UI_Gacha_AvatarImg_Clorinde",
        "constellations": [
            "UI_Talent_S_Clorinde_01",
            "UI_Talent_S_Clorinde_02",
            "UI_Talent_U_Clorinde_02",
            "UI_Talent_S_Clorinde_03",
            "UI_Talent_U_Clorinde_01",
            "UI_Talent_S_Clorinde_04"
        ],
        "skills": {
            "normalAttack": "Skill_A_01",
            "elementalSkill": "Skill_S_Clorinde_01",
            "elementalBurst": "Skill_E_Clorinde_01"
        },
        "skillOrder": [
            "10981",
            "10982",
            "10985"
        ]
    },
    "10000099": {
        "nameTextMapHash": 1705786122,
        "element": "Dendro",
        "icon": "UI_AvatarIcon_Emilie",
        "rarity": 5,
        "sideIcon": "UI_AvatarIcon_Side_Emilie",
        "gachaIcon": "UI_Gacha_AvatarImg_Emilie",
        "constellations": [
            "UI_Talent_S_Emilie_01",
            "UI_Talent_S_Emilie_02",
            "UI_Talent_U_Emilie_01",
            "UI_Talent_S_Emilie_03",
            "UI_Talent_U_Emilie_02",
            "UI_Talent_S_Emilie_04"
        ],
        "skills": {
            "normalAttack": "Skill_A_03",
            "elementalSkill": "Skill_S_Emilie_01",
            "elementalBurst": "Skill_E_Emilie_01"
        },
        "skillOrder": [
            "10991",
            "10992",
            "10995"
        ]
    },
    "10000100": {
        "nameTextMapHash": 2531816890,
        "element": "Geo",
        "icon": "UI_AvatarIcon_Kachina",
        "rarity": 4,
        "sideIcon": "UI_AvatarIcon_Side_Kachina",
        "gachaIcon": "UI_Gacha_AvatarImg_Kachina",
        "constellations": [
            "UI_Talent_S_Kachina_01",
            "UI_Talent_S_Kachina_02",
            "UI_Talent_U_Kachina_01",
            "UI_Talent_S_Kachina_03",
            "UI_Talent_U_Kachina_02",
            "UI_Talent_S_Kachina_04"
        ],
        "skills": {
            "normalAttack": "Skill_A_03",
            "elementalSkill": "Skill_S_Kachina_01",
            "elementalBurst": "Skill_E_Kachina_01"
        },
        "skillOrder": [
            "11001",
            "11002",
            "11005"
        ]
    },
    "10000101": {
        "nameTextMapHash": 4172712634,
        "element": "Dendro",
        "icon": "UI_AvatarIcon_Kinich",
        "rarity": 5,
        "sideIcon": "UI_AvatarIcon_Side_Kinich",
        "gachaIcon": "UI_Gacha_AvatarImg_Kinich",
        "constellations": [
            "UI_Talent_S_Kinich_01",
            "UI_Talent_S_Kinich_02",
            "UI_Talent_U_Kinich_01",
            "UI_Talent_S_Kinich_03",
            "UI_Talent_U_Kinich_02",
            "UI_Talent_S_Kinich_04"
        ],
        "skills": {
            "normalAttack": "Skill_A_04",
            "elementalSkill": "Skill_S_Kinich_01",
            "elementalBurst": "Skill_E_Kinich_01"
        },
        "skillOrder": [
            "11011",
            "11012",
            "11015"
        ]
    },
    "10000102": {
        "nameTextMapHash": 3949670506,
        "element": "Hydro",
        "icon": "UI_AvatarIcon_Mualani",
        "rarity": 5,
        "sideIcon": "UI_AvatarIcon_Side_Mualani",
        "gachaIcon": "UI_Gacha_AvatarImg_Mualani",
        "constellations": [
            "UI_Talent_S_Mualani_01",
            "UI_Talent_S_Mualani_02",
            "UI_Talent_U_Mualani_01",
            "UI_Talent_S_Mualani_03",
            "UI_Talent_U_Mualani_02",
            "UI_Talent_S_Mualani_04"
        ],
        "skills": {
            "normalAttack": "Skill_A_Catalyst_MD",
            "elementalSkill": "Skill_S_Mualani_01",
            "elementalBurst": "Skill_E_Mualani_01"
        },
        "skillOrder": [
            "30000",
            "30002",
            "30007"
        ]
    },
    "10000103": {
        "nameTextMapHash": 2515292882,
        "element": "Geo",
        "icon": "UI_AvatarIcon_Xilonen",
        "rarity": 5,
        "sideIcon": "UI_AvatarIcon_Side_Xilonen",
        "gachaIcon": "UI_Gacha_AvatarImg_Xilonen",
        "constellations": [
            "UI_Talent_S_Xilonen_01",
            "UI_Talent_S_Xilonen_02",
            "UI_Talent_U_Xilonen_01",
            "UI_Talent_S_Xilonen_03",
            "UI_Talent_U_Xilonen_02",
            "UI_Talent_S_Xilonen_04"
        ],
        "skills": {
            "normalAttack": "Skill_A_01",
            "elementalSkill": "Skill_S_Xilonen_01",
            "elementalBurst": "Skill_E_Xilonen_01"
        },
        "skillOrder": [
            "11031",
            "11032",
            "11035"
        ]
    },
    "10000901": {
        "nameTextMapHash": 3293134650,
        "element": "Pyro",
        "icon": "UI_AvatarIcon_Mavuika",
        "rarity": 5,
        "sideIcon": "UI_AvatarIcon_Side_Mavuika",
        "gachaIcon": "UI_Gacha_AvatarImg_Mavuika",
        "constellations": [
            "UI_Talent_S_Xiangling_01",
            "UI_Talent_S_Xiangling_02",
            "UI_Talent_U_Xiangling_02",
            "UI_Talent_S_Xiangling_03",
            "UI_Talent_U_Xiangling_01",
            "UI_Talent_S_Xiangling_04"
        ],
        "skills": {
            "normalAttack": "Skill_A_03",
            "elementalSkill": "Skill_S_Xiangling_01",
            "elementalBurst": "Skill_E_Xiangling_01"
        },
        "skillOrder": [
            "10231",
            "10232",
            "10235"
        ]
    },
    "11000046": {
        "nameTextMapHash": 3986000746,
        "element": "Cryo",
        "icon": "UI_AvatarIcon_Qin",
        "rarity": 4,
        "sideIcon": "UI_AvatarIcon_Side_Qin",
        "gachaIcon": "UI_Gacha_AvatarImg_Qin",
        "constellations": [
            "UI_Talent_S_Kaeya_01",
            "UI_Talent_S_Kaeya_02",
            "UI_Talent_U_Kaeya_01",
            "UI_Talent_S_Kaeya_03",
            "UI_Talent_U_Kaeya_02",
            "UI_Talent_S_Kaeya_04"
        ],
        "skills": {
            "normalAttack": "Skill_A_01",
            "elementalSkill": "Skill_S_Kaeya_01",
            "elementalBurst": "Skill_E_Kaeya_01"
        },
        "skillOrder": [
            "10073",
            "10074",
            "10075"
        ]
    },
    "10000005-501": {
        "nameTextMapHash": 3816664530,
        "icon": "UI_AvatarIcon_PlayerBoy",
        "rarity": 5,
        "sideIcon": "UI_AvatarIcon_Side_PlayerBoy",
        "gachaIcon": "UI_Gacha_AvatarImg_PlayerBoy",
        "constellations": [
            "None",
            "None",
            "None",
            "None",
            "None",
            "None"
        ],
        "skills": {
            "normalAttack": "Skill_A_01",
            "elementalSkill": "None",
            "elementalBurst": "None"
        },
        "skillOrder": [
            "100540",
            "10067",
            "10068"
        ]
    },
    "10000005-503": {
        "nameTextMapHash": 1533656818,
        "element": "Hydro",
        "icon": "UI_AvatarIcon_PlayerBoy",
        "rarity": 5,
        "sideIcon": "UI_AvatarIcon_Side_PlayerBoy",
        "gachaIcon": "UI_Gacha_AvatarImg_PlayerBoy",
        "constellations": [
            "UI_Talent_S_PlayerWater_01",
            "UI_Talent_S_PlayerWater_02",
            "UI_Talent_U_PlayerWater_01",
            "UI_Talent_S_PlayerWater_03",
            "UI_Talent_U_PlayerWater_02",
            "UI_Talent_S_PlayerWater_04"
        ],
        "skills": {
            "normalAttack": "Skill_A_01",
            "elementalSkill": "Skill_S_PlayerWater_01",
            "elementalBurst": "Skill_E_PlayerWater_01"
        },
        "skillOrder": [
            "100542",
            "10087",
            "10088"
        ]
    },
    "10000005-504": {
        "nameTextMapHash": 1533656818,
        "element": "Anemo",
        "icon": "UI_AvatarIcon_PlayerBoy",
        "rarity": 5,
        "sideIcon": "UI_AvatarIcon_Side_PlayerBoy",
        "gachaIcon": "UI_Gacha_AvatarImg_PlayerBoy",
        "constellations": [
            "UI_Talent_S_PlayerWind_01",
            "UI_Talent_S_PlayerWind_02",
            "UI_Talent_U_PlayerWind_02",
            "UI_Talent_S_PlayerWind_03",
            "UI_Talent_U_PlayerWind_01",
            "UI_Talent_S_PlayerWind_04"
        ],
        "skills": {
            "normalAttack": "Skill_A_01",
            "elementalSkill": "Skill_S_PlayerWind_01",
            "elementalBurst": "Skill_E_PlayerWind_01"
        },
        "skillOrder": [
            "100543",
            "10067",
            "10068"
        ]
    },
    "10000005-506": {
        "nameTextMapHash": 1533656818,
        "element": "Geo",
        "icon": "UI_AvatarIcon_PlayerBoy",
        "rarity": 5,
        "sideIcon": "UI_AvatarIcon_Side_PlayerBoy",
        "gachaIcon": "UI_Gacha_AvatarImg_PlayerBoy",
        "constellations": [
            "UI_Talent_S_PlayerRock_01",
            "UI_Talent_S_PlayerRock_02",
            "UI_Talent_U_PlayerRock_02",
            "UI_Talent_S_PlayerRock_03",
            "UI_Talent_U_PlayerRock_01",
            "UI_Talent_S_PlayerRock_04"
        ],
        "skills": {
            "normalAttack": "Skill_A_01",
            "elementalSkill": "Skill_S_PlayerRock_01",
            "elementalBurst": "Skill_E_PlayerRock_01"
        },
        "skillOrder": [
            "100545",
            "10077",
            "10078"
        ]
    },
    "10000005-507": {
        "nameTextMapHash": 1533656818,
        "element": "Electro",
        "icon": "UI_AvatarIcon_PlayerBoy",
        "rarity": 5,
        "sideIcon": "UI_AvatarIcon_Side_PlayerBoy",
        "gachaIcon": "UI_Gacha_AvatarImg_PlayerBoy",
        "constellations": [
            "UI_Talent_S_PlayerElectric_01",
            "UI_Talent_S_PlayerElectric_02",
            "UI_Talent_U_PlayerElectric_01",
            "UI_Talent_S_PlayerElectric_03",
            "UI_Talent_U_PlayerElectric_02",
            "UI_Talent_S_PlayerElectric_04"
        ],
        "skills": {
            "normalAttack": "Skill_A_01",
            "elementalSkill": "Skill_S_PlayerElectric_01",
            "elementalBurst": "Skill_E_PlayerElectric_01"
        },
        "skillOrder": [
            "100546",
            "10602",
            "10605"
        ]
    },
    "10000005-508": {
        "nameTextMapHash": 1533656818,
        "element": "Dendro",
        "icon": "UI_AvatarIcon_PlayerBoy",
        "rarity": 5,
        "sideIcon": "UI_AvatarIcon_Side_PlayerBoy",
        "gachaIcon": "UI_Gacha_AvatarImg_PlayerBoy",
        "constellations": [
            "UI_Talent_S_PlayerGrass_01",
            "UI_Talent_S_PlayerGrass_02",
            "UI_Talent_S_PlayerGrass_03",
            "UI_Talent_S_PlayerGrass_04",
            "UI_Talent_S_PlayerGrass_05",
            "UI_Talent_S_PlayerGrass_06"
        ],
        "skills": {
            "normalAttack": "Skill_A_01",
            "elementalSkill": "Skill_E_PlayerGrass_01",
            "elementalBurst": "Skill_S_PlayerGrass_01"
        },
        "skillOrder": [
            "100547",
            "10117",
            "10118"
        ]
    },
    "10000007-701": {
        "nameTextMapHash": 3816664530,
        "icon": "UI_AvatarIcon_PlayerGirl",
        "rarity": 5,
        "sideIcon": "UI_AvatarIcon_Side_PlayerGirl",
        "gachaIcon": "UI_Gacha_AvatarImg_PlayerGirl",
        "constellations": [
            "None",
            "None",
            "None",
            "None",
            "None",
            "None"
        ],
        "skills": {
            "normalAttack": "Skill_A_01",
            "elementalSkill": "None",
            "elementalBurst": "None"
        },
        "skillOrder": [
            "100550",
            "10067",
            "10068"
        ]
    },
    "10000007-703": {
        "nameTextMapHash": 3816664530,
        "element": "Hydro",
        "icon": "UI_AvatarIcon_PlayerGirl",
        "rarity": 5,
        "sideIcon": "UI_AvatarIcon_Side_PlayerGirl",
        "gachaIcon": "UI_Gacha_AvatarImg_PlayerGirl",
        "constellations": [
            "UI_Talent_S_PlayerWater_01",
            "UI_Talent_S_PlayerWater_02",
            "UI_Talent_U_PlayerWater_01",
            "UI_Talent_S_PlayerWater_03",
            "UI_Talent_U_PlayerWater_02",
            "UI_Talent_S_PlayerWater_04"
        ],
        "skills": {
            "normalAttack": "Skill_A_01",
            "elementalSkill": "Skill_S_PlayerWater_01",
            "elementalBurst": "Skill_E_PlayerWater_01"
        },
        "skillOrder": [
            "100552",
            "10087",
            "10088"
        ]
    },
    "10000007-704": {
        "nameTextMapHash": 3816664530,
        "element": "Anemo",
        "icon": "UI_AvatarIcon_PlayerGirl",
        "rarity": 5,
        "sideIcon": "UI_AvatarIcon_Side_PlayerGirl",
        "gachaIcon": "UI_Gacha_AvatarImg_PlayerGirl",
        "constellations": [
            "UI_Talent_S_PlayerWind_01",
            "UI_Talent_S_PlayerWind_02",
            "UI_Talent_U_PlayerWind_02",
            "UI_Talent_S_PlayerWind_03",
            "UI_Talent_U_PlayerWind_01",
            "UI_Talent_S_PlayerWind_04"
        ],
        "skills": {
            "normalAttack": "Skill_A_01",
            "elementalSkill": "Skill_S_PlayerWind_01",
            "elementalBurst": "Skill_E_PlayerWind_01"
        },
        "skillOrder": [
            "100553",
            "10067",
            "10068"
        ]
    },
    "10000007-706": {
        "nameTextMapHash": 3816664530,
        "element": "Geo",
        "icon": "UI_AvatarIcon_PlayerGirl",
        "rarity": 5,
        "sideIcon": "UI_AvatarIcon_Side_PlayerGirl",
        "gachaIcon": "UI_Gacha_AvatarImg_PlayerGirl",
        "constellations": [
            "UI_Talent_S_PlayerRock_01",
            "UI_Talent_S_PlayerRock_02",
            "UI_Talent_U_PlayerRock_02",
            "UI_Talent_S_PlayerRock_03",
            "UI_Talent_U_PlayerRock_01",
            "UI_Talent_S_PlayerRock_04"
        ],
        "skills": {
            "normalAttack": "Skill_A_01",
            "elementalSkill": "Skill_S_PlayerRock_01",
            "elementalBurst": "Skill_E_PlayerRock_01"
        },
        "skillOrder": [
            "100555",
            "10077",
            "10078"
        ]
    },
    "10000007-707": {
        "nameTextMapHash": 3816664530,
        "element": "Electro",
        "icon": "UI_AvatarIcon_PlayerGirl",
        "rarity": 5,
        "sideIcon": "UI_AvatarIcon_Side_PlayerGirl",
        "gachaIcon": "UI_Gacha_AvatarImg_PlayerGirl",
        "constellations": [
            "UI_Talent_S_PlayerElectric_01",
            "UI_Talent_S_PlayerElectric_02",
            "UI_Talent_U_PlayerElectric_01",
            "UI_Talent_S_PlayerElectric_03",
            "UI_Talent_U_PlayerElectric_02",
            "UI_Talent_S_PlayerElectric_04"
        ],
        "skills": {
            "normalAttack": "Skill_A_01",
            "elementalSkill": "Skill_S_PlayerElectric_01",
            "elementalBurst": "Skill_E_PlayerElectric_01"
        },
        "skillOrder": [
            "100556",
            "10602",
            "10605"
        ]
    },
    "10000007-708": {
        "nameTextMapHash": 3816664530,
        "element": "Dendro",
        "icon": "UI_AvatarIcon_PlayerGirl",
        "rarity": 5,
        "sideIcon": "UI_AvatarIcon_Side_PlayerGirl",
        "gachaIcon": "UI_Gacha_AvatarImg_PlayerGirl",
        "constellations": [
            "UI_Talent_S_PlayerGrass_01",
            "UI_Talent_S_PlayerGrass_02",
            "UI_Talent_S_PlayerGrass_03",
            "UI_Talent_S_PlayerGrass_04",
            "UI_Talent_S_PlayerGrass_05",
            "UI_Talent_S_PlayerGrass_06"
        ],
        "skills": {
            "normalAttack": "Skill_A_01",
            "elementalSkill": "Skill_E_PlayerGrass_01",
            "elementalBurst": "Skill_S_PlayerGrass_01"
        },
        "skillOrder": [
            "100557",
            "10117",
            "10118"
        ]
    }
}
