{
    "210001": {
        "nameTextMapHash": 3539860852,
        "icon": "UI_NameCardIcon_0",
        "picPath": [
            "UI_NameCardPic_0_P"
        ]
    },
    "210002": {
        "nameTextMapHash": 2465259604,
        "icon": "UI_NameCardIcon_Bp1",
        "picPath": [
            "UI_NameCardPic_Bp1_Alpha",
            "UI_NameCardPic_Bp1_P"
        ]
    },
    "210003": {
        "nameTextMapHash": 273890284,
        "icon": "UI_NameCardIcon_Ambor",
        "picPath": [
            "UI_NameCardPic_Ambor_Alpha",
            "UI_NameCardPic_Ambor_P"
        ]
    },
    "210004": {
        "nameTextMapHash": 2515326244,
        "icon": "UI_NameCardIcon_Klee",
        "picPath": [
            "UI_NameCardPic_Klee_Alpha",
            "UI_NameCardPic_Klee_P"
        ]
    },
    "210005": {
        "nameTextMapHash": 1029388116,
        "icon": "UI_NameCardIcon_Diluc",
        "picPath": [
            "UI_NameCardPic_Diluc_Alpha",
            "UI_NameCardPic_Diluc_P"
        ]
    },
    "210006": {
        "nameTextMapHash": 179136692,
        "icon": "UI_NameCardIcon_Razor",
        "picPath": [
            "UI_NameCardPic_Razor_Alpha",
            "UI_NameCardPic_Razor_P"
        ]
    },
    "210007": {
        "nameTextMapHash": 1368575780,
        "icon": "UI_NameCardIcon_Venti",
        "picPath": [
            "UI_NameCardPic_Venti_Alpha",
            "UI_NameCardPic_Venti_P"
        ]
    },
    "210008": {
        "nameTextMapHash": 1458264396,
        "icon": "UI_NameCardIcon_Qin",
        "picPath": [
            "UI_NameCardPic_Qin_Alpha",
            "UI_NameCardPic_Qin_P"
        ]
    },
    "210009": {
        "nameTextMapHash": 1225517052,
        "icon": "UI_NameCardIcon_Barbara",
        "picPath": [
            "UI_NameCardPic_Barbara_Alpha",
            "UI_NameCardPic_Barbara_P"
        ]
    },
    "210010": {
        "nameTextMapHash": 739507180,
        "icon": "UI_NameCardIcon_Kaeya",
        "picPath": [
            "UI_NameCardPic_Kaeya_Alpha",
            "UI_NameCardPic_Kaeya_P"
        ]
    },
    "210011": {
        "nameTextMapHash": 2137272300,
        "icon": "UI_NameCardIcon_Lisa",
        "picPath": [
            "UI_NameCardPic_Lisa_Alpha",
            "UI_NameCardPic_Lisa_P"
        ]
    },
    "210012": {
        "nameTextMapHash": 1872093284,
        "icon": "UI_NameCardIcon_Sucrose",
        "picPath": [
            "UI_NameCardPic_Sucrose_Alpha",
            "UI_NameCardPic_Sucrose_P"
        ]
    },
    "210013": {
        "nameTextMapHash": 488905812,
        "icon": "UI_NameCardIcon_Fischl",
        "picPath": [
            "UI_NameCardPic_Fischl_Alpha",
            "UI_NameCardPic_Fischl_P"
        ]
    },
    "210014": {
        "nameTextMapHash": 73191444,
        "icon": "UI_NameCardIcon_Noel",
        "picPath": [
            "UI_NameCardPic_Noel_Alpha",
            "UI_NameCardPic_Noel_P"
        ]
    },
    "210015": {
        "nameTextMapHash": 3868762092,
        "icon": "UI_NameCardIcon_Mona",
        "picPath": [
            "UI_NameCardPic_Mona_Alpha",
            "UI_NameCardPic_Mona_P"
        ]
    },
    "210016": {
        "nameTextMapHash": 741394036,
        "icon": "UI_NameCardIcon_Bennett",
        "picPath": [
            "UI_NameCardPic_Bennett_Alpha",
            "UI_NameCardPic_Bennett_P"
        ]
    },
    "210017": {
        "nameTextMapHash": 4038322452,
        "icon": "UI_NameCardIcon_Xiangling",
        "picPath": [
            "UI_NameCardPic_Xiangling_Alpha",
            "UI_NameCardPic_Xiangling_P"
        ]
    },
    "210018": {
        "nameTextMapHash": 1472554132,
        "icon": "UI_NameCardIcon_Xingqiu",
        "picPath": [
            "UI_NameCardPic_Xingqiu_Alpha",
            "UI_NameCardPic_Xingqiu_P"
        ]
    },
    "210019": {
        "nameTextMapHash": 3581079636,
        "icon": "UI_NameCardIcon_Qiqi",
        "picPath": [
            "UI_NameCardPic_Qiqi_Alpha",
            "UI_NameCardPic_Qiqi_P"
        ]
    },
    "210020": {
        "nameTextMapHash": 3585227580,
        "icon": "UI_NameCardIcon_Keqing",
        "picPath": [
            "UI_NameCardPic_Keqing_Alpha",
            "UI_NameCardPic_Keqing_P"
        ]
    },
    "210021": {
        "nameTextMapHash": 1728778908,
        "icon": "UI_NameCardIcon_Csxy1",
        "picPath": [
            "UI_NameCardPic_Csxy1_Alpha",
            "UI_NameCardPic_Csxy1_P"
        ]
    },
    "210022": {
        "nameTextMapHash": 3616510012,
        "icon": "UI_NameCardIcon_Mxsy",
        "picPath": [
            "UI_NameCardPic_Mxsy_Alpha",
            "UI_NameCardPic_Mxsy_P"
        ]
    },
    "210023": {
        "nameTextMapHash": 4069591388,
        "icon": "UI_NameCardIcon_Yxzl",
        "picPath": [
            "UI_NameCardPic_Yxzl_Alpha",
            "UI_NameCardPic_Yxzl_P"
        ]
    },
    "210024": {
        "nameTextMapHash": 3919805516,
        "icon": "UI_NameCardIcon_Md",
        "picPath": [
            "UI_NameCardPic_Md_Alpha",
            "UI_NameCardPic_Md_P"
        ]
    },
    "210025": {
        "nameTextMapHash": 1251144964,
        "icon": "UI_NameCardIcon_Ly",
        "picPath": [
            "UI_NameCardPic_Ly_Alpha",
            "UI_NameCardPic_Ly_P"
        ]
    },
    "210026": {
        "nameTextMapHash": 2107257348,
        "icon": "UI_NameCardIcon_Yszj",
        "picPath": [
            "UI_NameCardPic_Yszj_Alpha",
            "UI_NameCardPic_Yszj_P"
        ]
    },
    "210027": {
        "nameTextMapHash": 1000252212,
        "icon": "UI_NameCardIcon_Sss",
        "picPath": [
            "UI_NameCardPic_Sss_Alpha",
            "UI_NameCardPic_Sss_P"
        ]
    },
    "210028": {
        "nameTextMapHash": 505938796,
        "icon": "UI_NameCardIcon_Tzz1",
        "picPath": [
            "UI_NameCardPic_Tzz1_Alpha",
            "UI_NameCardPic_Tzz1_P"
        ]
    },
    "210029": {
        "nameTextMapHash": 3219583044,
        "icon": "UI_NameCardIcon_Sj1",
        "picPath": [
            "UI_NameCardPic_Sj1_Alpha",
            "UI_NameCardPic_Sj1_P"
        ]
    },
    "210030": {
        "nameTextMapHash": 288420212,
        "icon": "UI_NameCardIcon_Olah1",
        "picPath": [
            "UI_NameCardPic_Olah1_Alpha",
            "UI_NameCardPic_Olah1_P"
        ]
    },
    "210031": {
        "nameTextMapHash": 2892155556,
        "icon": "UI_NameCardIcon_Zdg1",
        "picPath": [
            "UI_NameCardPic_Zdg1_Alpha",
            "UI_NameCardPic_Zdg1_P"
        ]
    },
    "210032": {
        "nameTextMapHash": 78129044,
        "icon": "UI_NameCardIcon_Lyws1",
        "picPath": [
            "UI_NameCardPic_Lyws1_Alpha",
            "UI_NameCardPic_Lyws1_P"
        ]
    },
    "210033": {
        "nameTextMapHash": 2109606084,
        "icon": "UI_NameCardIcon_Ysxf1",
        "picPath": [
            "UI_NameCardPic_Ysxf1_Alpha",
            "UI_NameCardPic_Ysxf1_P"
        ]
    },
    "210038": {
        "nameTextMapHash": 523001444,
        "icon": "UI_NameCardIcon_Ningguang",
        "picPath": [
            "UI_NameCardPic_Ningguang_Alpha",
            "UI_NameCardPic_Ningguang_P"
        ]
    },
    "210039": {
        "nameTextMapHash": 3791261516,
        "icon": "UI_NameCardIcon_Beidou",
        "picPath": [
            "UI_NameCardPic_Beidou_Alpha",
            "UI_NameCardPic_Beidou_P"
        ]
    },
    "210040": {
        "nameTextMapHash": 1185661092,
        "icon": "UI_NameCardIcon_Chongyun",
        "picPath": [
            "UI_NameCardPic_Chongyun_Alpha",
            "UI_NameCardPic_Chongyun_P"
        ]
    },
    "210041": {
        "nameTextMapHash": 452965660,
        "icon": "UI_NameCardIcon_Tzz2",
        "picPath": [
            "UI_NameCardPic_Tzz2_Alpha",
            "UI_NameCardPic_Tzz2_P"
        ]
    },
    "210042": {
        "nameTextMapHash": 1365245820,
        "icon": "UI_NameCardIcon_Bp2",
        "picPath": [
            "UI_NameCardPic_Bp2_Alpha",
            "UI_NameCardPic_Bp2_P"
        ]
    },
    "210043": {
        "nameTextMapHash": 2512009332,
        "icon": "UI_NameCardIcon_Diona",
        "picPath": [
            "UI_NameCardPic_Diona_Alpha",
            "UI_NameCardPic_Diona_P"
        ]
    },
    "210044": {
        "nameTextMapHash": 2333236916,
        "icon": "UI_NameCardIcon_Zhongli",
        "picPath": [
            "UI_NameCardPic_Zhongli_Alpha",
            "UI_NameCardPic_Zhongli_P"
        ]
    },
    "210045": {
        "nameTextMapHash": 3735385756,
        "icon": "UI_NameCardPic_Xinyan",
        "picPath": [
            "UI_NameCardPic_Xinyan_Alpha",
            "UI_NameCardPic_Xinyan_P"
        ]
    },
    "210046": {
        "nameTextMapHash": 532848108,
        "icon": "UI_NameCardIcon_Tartaglia",
        "picPath": [
            "UI_NameCardPic_Tartaglia_Alpha",
            "UI_NameCardPic_Tartaglia_P"
        ]
    },
    "210047": {
        "nameTextMapHash": 1227874644,
        "icon": "UI_NameCardPic_Md2",
        "picPath": [
            "UI_NameCardPic_Md2_Alpha",
            "UI_NameCardPic_Md2_P"
        ]
    },
    "210048": {
        "nameTextMapHash": 3283981516,
        "icon": "UI_NameCardPic_Md1",
        "picPath": [
            "UI_NameCardPic_Md1_Alpha",
            "UI_NameCardPic_Md1_P"
        ]
    },
    "210049": {
        "nameTextMapHash": 3474324460,
        "icon": "UI_NameCardPic_Ly1",
        "picPath": [
            "UI_NameCardPic_Ly1_Alpha",
            "UI_NameCardPic_Ly1_P"
        ]
    },
    "210050": {
        "nameTextMapHash": 3132121140,
        "icon": "UI_NameCardPic_Ly2",
        "picPath": [
            "UI_NameCardPic_Ly2_Alpha",
            "UI_NameCardPic_Ly2_P"
        ]
    },
    "210051": {
        "nameTextMapHash": 741495036,
        "icon": "UI_NameCardIcon_Tzz3",
        "picPath": [
            "UI_NameCardPic_Tzz3_Alpha",
            "UI_NameCardPic_Tzz3_P"
        ]
    },
    "210052": {
        "nameTextMapHash": 1816201940,
        "icon": "UI_NameCardIcon_Xssdlk",
        "picPath": [
            "UI_NameCardPic_Xssdlk_P_Alpha",
            "UI_NameCardPic_Xssdlk_P"
        ]
    },
    "210053": {
        "nameTextMapHash": 3809570428,
        "icon": "UI_NameCardIcon_Ganyu",
        "picPath": [
            "UI_NameCardPic_Ganyu_Alpha",
            "UI_NameCardPic_Ganyu_P"
        ]
    },
    "210054": {
        "nameTextMapHash": 2541715356,
        "icon": "UI_NameCardIcon_Albedo",
        "picPath": [
            "UI_NameCardPic_Albedo_Alpha",
            "UI_NameCardPic_Albedo_P"
        ]
    },
    "210055": {
        "nameTextMapHash": 81600036,
        "icon": "UI_NameCardIcon_Bp3",
        "picPath": [
            "UI_NameCardPic_Bp3_P_Alpha",
            "UI_NameCardPic_Bp3_P"
        ]
    },
    "210056": {
        "nameTextMapHash": 382629508,
        "icon": "UI_NameCardIcon_ElderTree",
        "picPath": [
            "UI_NameCardPic_ElderTree_Alpha",
            "UI_NameCardPic_ElderTree_P"
        ]
    },
    "210057": {
        "nameTextMapHash": 1244103588,
        "icon": "UI_NameCardIcon_EffigyChallenge",
        "picPath": [
            "UI_NameCardPic_EffigyChallenge_Alpha",
            "UI_NameCardPic_EffigyChallenge_P"
        ]
    },
    "210058": {
        "nameTextMapHash": 975317892,
        "icon": "UI_NameCardIcon_Xiao",
        "picPath": [
            "UI_NameCardPic_Xiao_Alpha",
            "UI_NameCardPic_Xiao_P"
        ]
    },
    "210059": {
        "nameTextMapHash": 1848039196,
        "icon": "UI_NameCardIcon_Hutao",
        "picPath": [
            "UI_NameCardPic_Hutao_Alpha",
            "UI_NameCardPic_Hutao_P"
        ]
    },
    "210060": {
        "nameTextMapHash": 4005497196,
        "icon": "UI_NameCardIcon_Bp4",
        "picPath": [
            "UI_NameCardPic_Bp4_Alpha",
            "UI_NameCardPic_Bp4_P"
        ]
    },
    "210061": {
        "nameTextMapHash": 1358846364,
        "icon": "UI_NameCardIcon_LanternRite",
        "picPath": [
            "UI_NameCardPic_LanternRite_Alpha",
            "UI_NameCardPic_LanternRite_P"
        ]
    },
    "210062": {
        "nameTextMapHash": 2402595316,
        "icon": "UI_NameCardIcon_TheatreMechanicus",
        "picPath": [
            "UI_NameCardPic_TheatreMechanicus_Alpha",
            "UI_NameCardPic_TheatreMechanicus_P"
        ]
    },
    "210063": {
        "nameTextMapHash": 981233524,
        "icon": "UI_NameCardIcon_Rosaria",
        "picPath": [
            "UI_NameCardPic_Rosaria_Alpha",
            "UI_NameCardPic_Rosaria_P"
        ]
    },
    "210064": {
        "nameTextMapHash": 4135824276,
        "icon": "UI_NameCardIcon_Bp5",
        "picPath": [
            "UI_NameCardPic_Bp5_Alpha",
            "UI_NameCardPic_Bp5_P"
        ]
    },
    "210065": {
        "nameTextMapHash": 2047766308,
        "icon": "UI_NameCardIcon_RedandWhite",
        "picPath": [
            "UI_NameCardPic_RedandWhite_Alpha",
            "UI_NameCardPic_RedandWhite_P"
        ]
    },
    "210066": {
        "nameTextMapHash": 3264822228,
        "icon": "UI_NameCardIcon_Razer",
        "picPath": [
            "UI_NameCardPic_Razer_Alpha",
            "UI_NameCardPic_Razer_P"
        ]
    },
    "210067": {
        "nameTextMapHash": 4198302372,
        "icon": "UI_NameCardIcon_ChannellerSlab",
        "picPath": [
            "UI_NameCardPic_ChannellerSlab_Alpha",
            "UI_NameCardPic_ChannellerSlab_P"
        ]
    },
    "210068": {
        "nameTextMapHash": 3754293348,
        "icon": "UI_NameCardIcon_HideandSeek",
        "picPath": [
            "UI_NameCardPic_HideandSeek_Alpha",
            "UI_NameCardPic_HideandSeek_P"
        ]
    },
    "210069": {
        "nameTextMapHash": 1496263228,
        "icon": "UI_NameCardIcon_Feiyan",
        "picPath": [
            "UI_NameCardPic_Feiyan_Alpha",
            "UI_NameCardPic_Feiyan_P"
        ]
    },
    "210070": {
        "nameTextMapHash": 1021308668,
        "icon": "UI_NameCardIcon_Eula",
        "picPath": [
            "UI_NameCardPic_Eula_Alpha",
            "UI_NameCardPic_Eula_P"
        ]
    },
    "210071": {
        "nameTextMapHash": 2906313100,
        "icon": "UI_NameCardIcon_Bp6",
        "picPath": [
            "UI_NameCardPic_Bp6_Alpha",
            "UI_NameCardPic_Bp6_P"
        ]
    },
    "210072": {
        "nameTextMapHash": 3502886956,
        "icon": "UI_NameCardIcon_Homeworld",
        "picPath": [
            "UI_NameCardPic_Homeworld_Alpha",
            "UI_NameCardPic_Homeworld_P"
        ]
    },
    "210073": {
        "nameTextMapHash": 354336332,
        "icon": "UI_NameCardIcon_Kazuha",
        "picPath": [
            "UI_NameCardPic_Kazuha_Alpha",
            "UI_NameCardPic_Kazuha_P"
        ]
    },
    "210074": {
        "nameTextMapHash": 3629192860,
        "icon": "UI_NameCardIcon_Bp7",
        "picPath": [
            "UI_NameCardPic_Bp7_Alpha",
            "UI_NameCardPic_Bp7_P"
        ]
    },
    "210075": {
        "nameTextMapHash": 1763845860,
        "icon": "UI_NameCardIcon_Homeworld1",
        "picPath": [
            "UI_NameCardPic_Homeworld1_Alpha",
            "UI_NameCardPic_Homeworld1_P"
        ]
    },
    "210076": {
        "nameTextMapHash": 3838953412,
        "icon": "UI_NameCardIcon_Google",
        "picPath": [
            "UI_NameCardPic_Google_Alpha",
            "UI_NameCardPic_Google_P"
        ]
    },
    "210077": {
        "nameTextMapHash": 3706272004,
        "icon": "UI_NameCardIcon_BounceConjuringChallenge",
        "picPath": [
            "UI_NameCardPic_BounceConjuringChallenge_Alpha",
            "UI_NameCardPic_BounceConjuringChallenge_P"
        ]
    },
    "210078": {
        "nameTextMapHash": 89337292,
        "icon": "UI_NameCardIcon_EffigyChallenge02",
        "picPath": [
            "UI_NameCardPic_EffigyChallenge02_Alpha",
            "UI_NameCardPic_EffigyChallenge02_P"
        ]
    },
    "210079": {
        "nameTextMapHash": 2410190956,
        "icon": "UI_NameCardIcon_Oraionokami",
        "picPath": [
            "UI_NameCardPic_Oraionokami_Alpha",
            "UI_NameCardPic_Oraionokami_P"
        ]
    },
    "210080": {
        "nameTextMapHash": 1626279628,
        "icon": "UI_NameCardIcon_Bp8",
        "picPath": [
            "UI_NameCardPic_Bp8_Alpha",
            "UI_NameCardPic_Bp8_P"
        ]
    },
    "210081": {
        "nameTextMapHash": 1967492164,
        "icon": "UI_NameCardIcon_Ayaka",
        "picPath": [
            "UI_NameCardPic_Ayaka_Alpha",
            "UI_NameCardPic_Ayaka_P"
        ]
    },
    "210082": {
        "nameTextMapHash": 884046340,
        "icon": "UI_NameCardIcon_Yoimiya",
        "picPath": [
            "UI_NameCardPic_Yoimiya_Alpha",
            "UI_NameCardPic_Yoimiya_P"
        ]
    },
    "210083": {
        "nameTextMapHash": 910139316,
        "icon": "UI_NameCardIcon_Sayu",
        "picPath": [
            "UI_NameCardPic_Sayu_Alpha",
            "UI_NameCardPic_Sayu_P"
        ]
    },
    "210084": {
        "nameTextMapHash": 1034897276,
        "icon": "UI_NameCardIcon_Dq1",
        "picPath": [
            "UI_NameCardPic_Dq1_Alpha",
            "UI_NameCardPic_Dq1_P"
        ]
    },
    "210085": {
        "nameTextMapHash": 1388672580,
        "icon": "UI_NameCardIcon_Dq2",
        "picPath": [
            "UI_NameCardPic_Dq2_Alpha",
            "UI_NameCardPic_Dq2_P"
        ]
    },
    "210086": {
        "nameTextMapHash": 915017620,
        "icon": "UI_NameCardIcon_Ysxf2",
        "picPath": [
            "UI_NameCardPic_Ysxf2_Alpha",
            "UI_NameCardPic_Ysxf2_P"
        ]
    },
    "210087": {
        "nameTextMapHash": 3790721260,
        "icon": "UI_NameCardIcon_Csxy2",
        "picPath": [
            "UI_NameCardPic_Csxy2_Alpha",
            "UI_NameCardPic_Csxy2_P"
        ]
    },
    "210088": {
        "nameTextMapHash": 2157446436,
        "icon": "UI_NameCardIcon_Tzz4",
        "picPath": [
            "UI_NameCardPic_Tzz4_Alpha",
            "UI_NameCardPic_Tzz4_P"
        ]
    },
    "210089": {
        "nameTextMapHash": 2308551284,
        "icon": "UI_NameCardIcon_Homeworld2",
        "picPath": [
            "UI_NameCardPic_Homeworld2_Alpha",
            "UI_NameCardPic_Homeworld2_P"
        ]
    },
    "210090": {
        "nameTextMapHash": 2278845564,
        "icon": "UI_NameCardIcon_Daoqi1",
        "picPath": [
            "UI_NameCardPic_Daoqi1_Alpha",
            "UI_NameCardPic_Daoqi1_P"
        ]
    },
    "210091": {
        "nameTextMapHash": 3431743516,
        "icon": "UI_NameCardIcon_TheatreMechanicus2",
        "picPath": [
            "UI_NameCardPic_TheatreMechanicus2_Alpha",
            "UI_NameCardPic_TheatreMechanicus2_P"
        ]
    },
    "210092": {
        "nameTextMapHash": 829905988,
        "icon": "UI_NameCardIcon_Shougun",
        "picPath": [
            "UI_NameCardPic_Shougun_Alpha",
            "UI_NameCardPic_Shougun_P"
        ]
    },
    "210093": {
        "nameTextMapHash": 4001325628,
        "icon": "UI_NameCardIcon_Kokomi",
        "picPath": [
            "UI_NameCardPic_Kokomi_Alpha",
            "UI_NameCardPic_Kokomi_P"
        ]
    },
    "210094": {
        "nameTextMapHash": 1809683652,
        "icon": "UI_NameCardIcon_Sara",
        "picPath": [
            "UI_NameCardPic_Sara_Alpha",
            "UI_NameCardPic_Sara_P"
        ]
    },
    "210095": {
        "nameTextMapHash": 1189635932,
        "icon": "UI_NameCardIcon_Aloy",
        "picPath": [
            "UI_NameCardPic_Aloy_Alpha",
            "UI_NameCardPic_Aloy_P"
        ]
    },
    "210096": {
        "nameTextMapHash": 1788425036,
        "icon": "UI_NameCardIcon_Bp9",
        "picPath": [
            "UI_NameCardPic_Bp9_Alpha",
            "UI_NameCardPic_Bp9_P"
        ]
    },
    "210097": {
        "nameTextMapHash": 1465826588,
        "icon": "UI_NameCardIcon_Daoqi2",
        "picPath": [
            "UI_NameCardPic_Daoqi2_Alpha",
            "UI_NameCardPic_Daoqi2_P"
        ]
    },
    "210098": {
        "nameTextMapHash": 610572236,
        "icon": "UI_NameCardIcon_Fishing",
        "picPath": [
            "UI_NameCardPic_Fishing_Alpha",
            "UI_NameCardPic_Fishing_P"
        ]
    },
    "210099": {
        "nameTextMapHash": 1234196780,
        "icon": "UI_NameCardIcon_Concert",
        "picPath": [
            "UI_NameCardPic_Concert_Alpha",
            "UI_NameCardPic_Concert_P"
        ]
    },
    "210100": {
        "nameTextMapHash": 4157504452,
        "icon": "UI_NameCardIcon_Sumo",
        "picPath": [
            "UI_NameCardPic_Sumo_Alpha",
            "UI_NameCardPic_Sumo_P"
        ]
    },
    "210101": {
        "nameTextMapHash": 4076207684,
        "icon": "UI_NameCardIcon_Tohma",
        "picPath": [
            "UI_NameCardPic_Tohma_Alpha",
            "UI_NameCardPic_Tohma_P"
        ]
    },
    "210102": {
        "nameTextMapHash": 632319876,
        "icon": "UI_NameCardIcon_Bp10",
        "picPath": [
            "UI_NameCardPic_Bp10_Alpha",
            "UI_NameCardPic_Bp10_P"
        ]
    },
    "210103": {
        "nameTextMapHash": 209399988,
        "icon": "UI_NameCardIcon_Daoqi3",
        "picPath": [
            "UI_NameCardPic_Daoqi3_Alpha",
            "UI_NameCardPic_Daoqi3_P"
        ]
    },
    "210104": {
        "nameTextMapHash": 1897177796,
        "icon": "UI_NameCardIcon_Gorou",
        "picPath": [
            "UI_NameCardPic_Gorou_Alpha",
            "UI_NameCardPic_Gorou_P"
        ]
    },
    "210105": {
        "nameTextMapHash": 2514840108,
        "icon": "UI_NameCardIcon_Itto",
        "picPath": [
            "UI_NameCardPic_Itto_Alpha",
            "UI_NameCardPic_Itto_P"
        ]
    },
    "210106": {
        "nameTextMapHash": 3843143436,
        "icon": "UI_NameCardIcon_Bp11",
        "picPath": [
            "UI_NameCardPic_Bp11_Alpha",
            "UI_NameCardPic_Bp11_P"
        ]
    },
    "210107": {
        "nameTextMapHash": 2849383404,
        "icon": "UI_NameCardIcon_Shenhe",
        "picPath": [
            "UI_NameCardPic_Shenhe_Alpha",
            "UI_NameCardPic_Shenhe_P"
        ]
    },
    "210108": {
        "nameTextMapHash": 1435336524,
        "icon": "UI_NameCardIcon_Yunjin",
        "picPath": [
            "UI_NameCardPic_Yunjin_Alpha",
            "UI_NameCardPic_Yunjin_P"
        ]
    },
    "210109": {
        "nameTextMapHash": 3295622364,
        "icon": "UI_NameCardIcon_Daoqi4",
        "picPath": [
            "UI_NameCardPic_Daoqi4_Alpha",
            "UI_NameCardPic_Daoqi4_P"
        ]
    },
    "210110": {
        "nameTextMapHash": 4026280356,
        "icon": "UI_NameCardIcon_Bp12",
        "picPath": [
            "UI_NameCardPic_Bp12_P_Alpha",
            "UI_NameCardPic_Bp12_P"
        ]
    },
    "210111": {
        "nameTextMapHash": 2921604708,
        "icon": "UI_NameCardIcon_Bartender",
        "picPath": [
            "UI_NameCardPic_Bartender_Alpha",
            "UI_NameCardPic_Bartender_P"
        ]
    },
    "210112": {
        "nameTextMapHash": 3322694252,
        "icon": "UI_NameCardIcon_Yae1",
        "picPath": [
            "UI_NameCardPic_Yae1_Alpha",
            "UI_NameCardPic_Yae1_P"
        ]
    },
    "210113": {
        "nameTextMapHash": 4249583788,
        "icon": "UI_NameCardIcon_Bp13",
        "picPath": [
            "UI_NameCardPic_Bp13_P_Alpha",
            "UI_NameCardPic_Bp13_P"
        ]
    },
    "210114": {
        "nameTextMapHash": 294140780,
        "icon": "UI_NameCardIcon_Ayato",
        "picPath": [
            "UI_NameCardPic_Ayato_Alpha",
            "UI_NameCardPic_Ayato_P"
        ]
    },
    "210115": {
        "nameTextMapHash": 3278382996,
        "icon": "UI_NameCardIcon_LuminanceStone",
        "picPath": [
            "UI_NameCardPic_LuminanceStone_Alpha",
            "UI_NameCardPic_LuminanceStone_P"
        ]
    },
    "210116": {
        "nameTextMapHash": 1424307148,
        "icon": "UI_NameCardIcon_Tzz5",
        "picPath": [
            "UI_NameCardPic_Tzz5_Alpha",
            "UI_NameCardPic_Tzz5_P"
        ]
    },
    "210117": {
        "nameTextMapHash": 60191844,
        "icon": "UI_NameCardIcon_Cenyan1",
        "picPath": [
            "UI_NameCardPic_Cenyan1_Alpha",
            "UI_NameCardPic_Cenyan1_P"
        ]
    },
    "210118": {
        "nameTextMapHash": 4085716716,
        "icon": "UI_NameCardIcon_Bp14",
        "picPath": [
            "UI_NameCardPic_Bp14_P_Alpha",
            "UI_NameCardPic_Bp14_P"
        ]
    },
    "210119": {
        "nameTextMapHash": 2757081100,
        "icon": "UI_NameCardIcon_Yelan",
        "picPath": [
            "UI_NameCardPic_Yelan_Alpha",
            "UI_NameCardPic_Yelan_P"
        ]
    },
    "210120": {
        "nameTextMapHash": 2907339228,
        "icon": "UI_NameCardIcon_Shinobu",
        "picPath": [
            "UI_NameCardPic_Shinobu_Alpha",
            "UI_NameCardPic_Shinobu_P"
        ]
    },
    "210121": {
        "nameTextMapHash": 3188840620,
        "icon": "UI_NameCardIcon_Bp15",
        "picPath": [
            "UI_NameCardPic_Bp15_P_Alpha",
            "UI_NameCardPic_Bp15_P"
        ]
    },
    "210122": {
        "nameTextMapHash": 1688417908,
        "icon": "UI_NameCardIcon_Heizo",
        "picPath": [
            "UI_NameCardPic_Heizo_Alpha",
            "UI_NameCardPic_Heizo_P"
        ]
    },
    "210123": {
        "nameTextMapHash": 2652433876,
        "icon": "UI_NameCardIcon_Bp16",
        "picPath": [
            "UI_NameCardPic_Bp16_P_Alpha",
            "UI_NameCardPic_Bp16_P"
        ]
    },
    "210124": {
        "nameTextMapHash": 705455564,
        "icon": "UI_NameCardIcon_Tighnari",
        "picPath": [
            "UI_NameCardPic_Tighnari_Alpha",
            "UI_NameCardPic_Tighnari_P"
        ]
    },
    "210125": {
        "nameTextMapHash": 485055372,
        "icon": "UI_NameCardIcon_Collei",
        "picPath": [
            "UI_NameCardPic_Collei_Alpha",
            "UI_NameCardPic_Collei_P"
        ]
    },
    "210126": {
        "nameTextMapHash": 3477892188,
        "icon": "UI_NameCardIcon_Dori",
        "picPath": [
            "UI_NameCardPic_Dori_Alpha",
            "UI_NameCardPic_Dori_P"
        ]
    },
    "210127": {
        "nameTextMapHash": 4155038212,
        "icon": "UI_NameCardIcon_Bp17",
        "picPath": [
            "UI_NameCardPic_Bp17_P_Alpha",
            "UI_NameCardPic_Bp17_P"
        ]
    },
    "210128": {
        "nameTextMapHash": 4269297340,
        "icon": "UI_NameCardIcon_Csxy3",
        "picPath": [
            "UI_NameCardPic_Csxy3_Alpha",
            "UI_NameCardPic_Csxy3_P"
        ]
    },
    "210129": {
        "nameTextMapHash": 1698005228,
        "icon": "UI_NameCardIcon_Ysxf3",
        "picPath": [
            "UI_NameCardPic_Ysxf3_Alpha",
            "UI_NameCardPic_Ysxf3_P"
        ]
    },
    "210130": {
        "nameTextMapHash": 1375881172,
        "icon": "UI_NameCardIcon_Xm1",
        "picPath": [
            "UI_NameCardPic_Xm1_Alpha",
            "UI_NameCardPic_Xm1_P"
        ]
    },
    "210131": {
        "nameTextMapHash": 3231725428,
        "icon": "UI_NameCardIcon_Xumi1",
        "picPath": [
            "UI_NameCardPic_Xumi1_Alpha",
            "UI_NameCardPic_Xumi1_P"
        ]
    },
    "210132": {
        "nameTextMapHash": 1447772932,
        "icon": "UI_NameCardIcon_Xumi2",
        "picPath": [
            "UI_NameCardPic_Xumi2_Alpha",
            "UI_NameCardPic_Xumi2_P"
        ]
    },
    "210133": {
        "nameTextMapHash": 4032969252,
        "icon": "UI_NameCardIcon_Bp18",
        "picPath": [
            "UI_NameCardPic_Bp18_P_Alpha",
            "UI_NameCardPic_Bp18_P"
        ]
    },
    "210134": {
        "nameTextMapHash": 1075869604,
        "icon": "UI_NameCardIcon_Cyno",
        "picPath": [
            "UI_NameCardPic_Cyno_Alpha",
            "UI_NameCardPic_Cyno_P"
        ]
    },
    "210135": {
        "nameTextMapHash": 2373252516,
        "icon": "UI_NameCardIcon_Candace",
        "picPath": [
            "UI_NameCardPic_Candace_Alpha",
            "UI_NameCardPic_Candace_P"
        ]
    },
    "210136": {
        "nameTextMapHash": 106635948,
        "icon": "UI_NameCardIcon_Nilou",
        "picPath": [
            "UI_NameCardPic_Nilou_Alpha",
            "UI_NameCardPic_Nilou_P"
        ]
    },
    "210137": {
        "nameTextMapHash": 3705138196,
        "icon": "UI_NameCardIcon_Yszj2",
        "picPath": [
            "UI_NameCardPic_Yszj2_Alpha",
            "UI_NameCardPic_Yszj2_P"
        ]
    },
    "210138": {
        "nameTextMapHash": 2226474204,
        "icon": "UI_NameCardIcon_Xm2",
        "picPath": [
            "UI_NameCardPic_Xm2_Alpha",
            "UI_NameCardPic_Xm2_P"
        ]
    },
    "210139": {
        "nameTextMapHash": 3879141996,
        "icon": "UI_NameCardIcon_Tzz6",
        "picPath": [
            "UI_NameCardPic_Tzz6_Alpha",
            "UI_NameCardPic_Tzz6_P"
        ]
    },
    "210140": {
        "nameTextMapHash": 3336724900,
        "icon": "UI_NameCardIcon_Nahida",
        "picPath": [
            "UI_NameCardPic_Nahida_Alpha",
            "UI_NameCardPic_Nahida_P"
        ]
    },
    "210141": {
        "nameTextMapHash": 1712457348,
        "icon": "UI_NameCardIcon_Layla",
        "picPath": [
            "UI_NameCardPic_Layla_Alpha",
            "UI_NameCardPic_Layla_P"
        ]
    },
    "210142": {
        "nameTextMapHash": 2502680804,
        "icon": "UI_NameCardIcon_Bp19",
        "picPath": [
            "UI_NameCardPic_Bp19_Alpha",
            "UI_NameCardPic_Bp19_P"
        ]
    },
    "210143": {
        "nameTextMapHash": 3043367508,
        "icon": "UI_NameCardIcon_Wanderer",
        "picPath": [
            "UI_NameCardPic_Wanderer_Alpha",
            "UI_NameCardPic_Wanderer_P"
        ]
    },
    "210144": {
        "nameTextMapHash": 1032682012,
        "icon": "UI_NameCardIcon_Faruzan",
        "picPath": [
            "UI_NameCardPic_Faruzan_Alpha",
            "UI_NameCardPic_Faruzan_P"
        ]
    },
    "210145": {
        "nameTextMapHash": 3106010580,
        "icon": "UI_NameCardIcon_Gcg1",
        "picPath": [
            "UI_NameCardPic_Gcg1_Alpha",
            "UI_NameCardPic_Gcg1_P"
        ]
    },
    "210146": {
        "nameTextMapHash": 30950492,
        "icon": "UI_NameCardIcon_Bp20",
        "picPath": [
            "UI_NameCardPic_Bp20_Alpha",
            "UI_NameCardPic_Bp20_P"
        ]
    },
    "210147": {
        "nameTextMapHash": 2958088124,
        "icon": "UI_NameCardIcon_Alhatham",
        "picPath": [
            "UI_NameCardPic_Alhatham_Alpha",
            "UI_NameCardPic_Alhatham_P"
        ]
    },
    "210148": {
        "nameTextMapHash": 2049099756,
        "icon": "UI_NameCardIcon_Yaoyao",
        "picPath": [
            "UI_NameCardPic_Yaoyao_Alpha",
            "UI_NameCardPic_Yaoyao_P"
        ]
    },
    "210149": {
        "nameTextMapHash": 3236464132,
        "icon": "UI_NameCardIcon_Cadillac",
        "picPath": [
            "UI_NameCardPic_Cadillac_Alpha",
            "UI_NameCardPic_Cadillac_P"
        ]
    },
    "210150": {
        "nameTextMapHash": 2673900508,
        "icon": "UI_NameCardIcon_Bp21",
        "picPath": [
            "UI_NameCardPic_Bp21_P_Alpha",
            "UI_NameCardPic_Bp21_P"
        ]
    },
    "210151": {
        "nameTextMapHash": 3778817588,
        "icon": "UI_NameCardIcon_Xm3",
        "picPath": [
            "UI_NameCardPic_Xm3_Alpha",
            "UI_NameCardPic_Xm3_P"
        ]
    },
    "210152": {
        "nameTextMapHash": 3153965316,
        "icon": "UI_NameCardIcon_Dehya",
        "picPath": [
            "UI_NameCardPic_Dehya_Alpha",
            "UI_NameCardPic_Dehya_P"
        ]
    },
    "210153": {
        "nameTextMapHash": 3025228532,
        "icon": "UI_NameCardIcon_Mika",
        "picPath": [
            "UI_NameCardPic_Mika_Alpha",
            "UI_NameCardPic_Mika_P"
        ]
    },
    "210154": {
        "nameTextMapHash": 893197700,
        "icon": "UI_NameCardIcon_Bp22",
        "picPath": [
            "UI_NameCardPic_Bp22_P_Alpha",
            "UI_NameCardPic_Bp22_P"
        ]
    },
    "210155": {
        "nameTextMapHash": 2816803308,
        "icon": "UI_NameCardIcon_Baizhuer",
        "picPath": [
            "UI_NameCardPic_Baizhuer_Alpha",
            "UI_NameCardPic_Baizhuer_P"
        ]
    },
    "210156": {
        "nameTextMapHash": 2684456012,
        "icon": "UI_NameCardIcon_Kaveh",
        "picPath": [
            "UI_NameCardPic_Kaveh_Alpha",
            "UI_NameCardPic_Kaveh_P"
        ]
    },
    "210157": {
        "nameTextMapHash": 370573972,
        "icon": "UI_NameCardIcon_Xm4",
        "picPath": [
            "UI_NameCardPic_Xm4_Alpha",
            "UI_NameCardPic_Xm4_P"
        ]
    },
    "210158": {
        "nameTextMapHash": 110943356,
        "icon": "UI_NameCardIcon_Tzz7",
        "picPath": [
            "UI_NameCardPic_Tzz7_Alpha",
            "UI_NameCardPic_Tzz7_P"
        ]
    },
    "210159": {
        "nameTextMapHash": 1790614036,
        "icon": "UI_NameCardIcon_Vasara",
        "picPath": [
            "UI_NameCardPic_Vasara_Alpha",
            "UI_NameCardPic_Vasara_P"
        ]
    },
    "210160": {
        "nameTextMapHash": 3159539884,
        "icon": "UI_NameCardIcon_OfferingPari",
        "picPath": [
            "UI_NameCardPic_OfferingPari_Alpha",
            "UI_NameCardPic_OfferingPari_P"
        ]
    },
    "210161": {
        "nameTextMapHash": 641457676,
        "icon": "UI_NameCardIcon_Bp23",
        "picPath": [
            "UI_NameCardPic_Bp23_Alpha",
            "UI_NameCardPic_Bp23_P"
        ]
    },
    "210162": {
        "nameTextMapHash": 2371279924,
        "icon": "UI_NameCardIcon_Kirara",
        "picPath": [
            "UI_NameCardPic_Kirara_Alpha",
            "UI_NameCardPic_Kirara_P"
        ]
    },
    "210163": {
        "nameTextMapHash": 252168660,
        "icon": "UI_NameCardIcon_Bp24",
        "picPath": [
            "UI_NameCardPic_Bp24_Alpha",
            "UI_NameCardPic_Bp24_P"
        ]
    },
    "210164": {
        "nameTextMapHash": 2257348780,
        "icon": "UI_NameCardIcon_Bp25",
        "picPath": [
            "UI_NameCardPic_Bp25_Alpha",
            "UI_NameCardPic_Bp25_P"
        ]
    },
    "210165": {
        "nameTextMapHash": 1528445668,
        "icon": "UI_NameCardIcon_Liney",
        "picPath": [
            "UI_NameCardPic_Liney_Alpha",
            "UI_NameCardPic_Liney_P"
        ]
    },
    "210166": {
        "nameTextMapHash": 1633726356,
        "icon": "UI_NameCardIcon_Linette",
        "picPath": [
            "UI_NameCardPic_Linette_Alpha",
            "UI_NameCardPic_Linette_P"
        ]
    },
    "210167": {
        "nameTextMapHash": 479426332,
        "icon": "UI_NameCardIcon_Freminet",
        "picPath": [
            "UI_NameCardPic_Freminet_Alpha",
            "UI_NameCardPic_Freminet_P"
        ]
    },
    "210168": {
        "nameTextMapHash": 3839352012,
        "icon": "UI_NameCardIcon_FD1",
        "picPath": [
            "UI_NameCardPic_FD1_Alpha",
            "UI_NameCardPic_FD1_P"
        ]
    },
    "210169": {
        "nameTextMapHash": 3503408332,
        "icon": "UI_NameCardIcon_Ysxf4",
        "picPath": [
            "UI_NameCardPic_Ysxf4_Alpha",
            "UI_NameCardPic_Ysxf4_P"
        ]
    },
    "210170": {
        "nameTextMapHash": 314888012,
        "icon": "UI_NameCardIcon_Csxy4",
        "picPath": [
            "UI_NameCardPic_Csxy4_Alpha",
            "UI_NameCardPic_Csxy4_P"
        ]
    },
    "210171": {
        "nameTextMapHash": 950590004,
        "icon": "UI_NameCardIcon_Fontaine1",
        "picPath": [
            "UI_NameCardPic_Fontaine1_Alpha",
            "UI_NameCardPic_Fontaine1_P"
        ]
    },
    "210172": {
        "nameTextMapHash": 1044303764,
        "icon": "UI_NameCardIcon_Fontaine2",
        "picPath": [
            "UI_NameCardPic_Fontaine2_Alpha",
            "UI_NameCardPic_Fontaine2_P"
        ]
    },
    "210173": {
        "nameTextMapHash": 1496418108,
        "icon": "UI_NameCardIcon_Bp26",
        "picPath": [
            "UI_NameCardPic_Bp26_Alpha",
            "UI_NameCardPic_Bp26_P"
        ]
    },
    "210174": {
        "nameTextMapHash": 696265500,
        "icon": "UI_NameCardIcon_Neuvillette",
        "picPath": [
            "UI_NameCardPic_Neuvillette_Alpha",
            "UI_NameCardPic_Neuvillette_P"
        ]
    },
    "210175": {
        "nameTextMapHash": 4090643572,
        "icon": "UI_NameCardIcon_Wriothesley",
        "picPath": [
            "UI_NameCardPic_Wriothesley_Alpha",
            "UI_NameCardPic_Wriothesley_P"
        ]
    },
    "210176": {
        "nameTextMapHash": 866604532,
        "icon": "UI_NameCardIcon_Bp27",
        "picPath": [
            "UI_NameCardPic_Bp27_Alpha",
            "UI_NameCardPic_Bp27_P"
        ]
    },
    "210177": {
        "nameTextMapHash": 3976555596,
        "icon": "UI_NameCardIcon_Guqin",
        "picPath": [
            "UI_NameCardPic_Guqin_Alpha",
            "UI_NameCardPic_Guqin_P"
        ]
    },
    "210178": {
        "nameTextMapHash": 1715198612,
        "icon": "UI_NameCardIcon_Tzz8",
        "picPath": [
            "UI_NameCardPic_Tzz8_Alpha",
            "UI_NameCardPic_Tzz8_P"
        ]
    },
    "210179": {
        "nameTextMapHash": 13290652,
        "icon": "UI_NameCardIcon_FD2",
        "picPath": [
            "UI_NameCardPic_FD2_Alpha",
            "UI_NameCardPic_FD2_P"
        ]
    },
    "210180": {
        "nameTextMapHash": 1009805764,
        "icon": "UI_NameCardIcon_Furina",
        "picPath": [
            "UI_NameCardPic_Furina_Alpha",
            "UI_NameCardPic_Furina_P"
        ]
    },
    "210181": {
        "nameTextMapHash": 1586228084,
        "icon": "UI_NameCardIcon_Charlotte",
        "picPath": [
            "UI_NameCardPic_Charlotte_Alpha",
            "UI_NameCardPic_Charlotte_P"
        ]
    },
    "210182": {
        "nameTextMapHash": 935246276,
        "icon": "UI_NameCardIcon_FD3",
        "picPath": [
            "UI_NameCardPic_FD3_Alpha",
            "UI_NameCardPic_FD3_P"
        ]
    },
    "210183": {
        "nameTextMapHash": 2679763348,
        "icon": "UI_NameCardIcon_Bp28",
        "picPath": [
            "UI_NameCardPic_Bp28_Alpha",
            "UI_NameCardPic_Bp28_P"
        ]
    },
    "210184": {
        "nameTextMapHash": 4045353212,
        "icon": "UI_NameCardIcon_Navia",
        "picPath": [
            "UI_NameCardPic_Navia_Alpha",
            "UI_NameCardPic_Navia_P"
        ]
    },
    "210185": {
        "nameTextMapHash": 3595817204,
        "icon": "UI_NameCardIcon_Chevreuse",
        "picPath": [
            "UI_NameCardPic_Chevreuse_Alpha",
            "UI_NameCardPic_Chevreuse_P"
        ]
    },
    "210186": {
        "nameTextMapHash": 1957949780,
        "icon": "UI_NameCardIcon_Bp29",
        "picPath": [
            "UI_NameCardPic_Bp29_Alpha",
            "UI_NameCardPic_Bp29_P"
        ]
    },
    "210187": {
        "nameTextMapHash": 1130858180,
        "icon": "UI_NameCardIcon_Liuyun",
        "picPath": [
            "UI_NameCardPic_Liuyun_Alpha",
            "UI_NameCardPic_Liuyun_P"
        ]
    },
    "210188": {
        "nameTextMapHash": 2811359836,
        "icon": "UI_NameCardIcon_Gaming",
        "picPath": [
            "UI_NameCardPic_Gaming_Alpha",
            "UI_NameCardPic_Gaming_P"
        ]
    },
    "210189": {
        "nameTextMapHash": 1631438412,
        "icon": "UI_NameCardIcon_Chenyu1",
        "picPath": [
            "UI_NameCardPic_Chenyu1_Alpha",
            "UI_NameCardPic_Chenyu1_P"
        ]
    },
    "210190": {
        "nameTextMapHash": 2708620900,
        "icon": "UI_NameCardIcon_OfferingSilong",
        "picPath": [
            "UI_NameCardPic_OfferingSilong_Alpha",
            "UI_NameCardPic_OfferingSilong_P"
        ]
    },
    "210191": {
        "nameTextMapHash": 1868468372,
        "icon": "UI_NameCardIcon_Bp30",
        "picPath": [
            "UI_NameCardPic_Bp30_Alpha",
            "UI_NameCardPic_Bp30_P"
        ]
    },
    "210192": {
        "nameTextMapHash": 1212836964,
        "icon": "UI_NameCardIcon_OST4",
        "picPath": [
            "UI_NameCardPic_OST4_Alpha",
            "UI_NameCardPic_OST4_P"
        ]
    },
    "210193": {
        "nameTextMapHash": 3292114052,
        "icon": "UI_NameCardIcon_Chiori",
        "picPath": [
            "UI_NameCardPic_Chiori_Alpha",
            "UI_NameCardPic_Chiori_P"
        ]
    },
    "210194": {
        "nameTextMapHash": 882758588,
        "icon": "UI_NameCardIcon_Bp31",
        "picPath": [
            "UI_NameCardPic_Bp31_Alpha",
            "UI_NameCardPic_Bp31_P"
        ]
    },
    "210195": {
        "nameTextMapHash": 89079668,
        "icon": "UI_NameCardIcon_Arlecchino",
        "picPath": [
            "UI_NameCardPic_Arlecchino_Alpha",
            "UI_NameCardPic_Arlecchino_P"
        ]
    },
    "210196": {
        "nameTextMapHash": 3853344316,
        "icon": "UI_NameCardIcon_Deep",
        "picPath": [
            "UI_NameCardPic_Deep_Alpha",
            "UI_NameCardPic_Deep_P"
        ]
    },
    "210197": {
        "nameTextMapHash": 1686874332,
        "icon": "UI_NameCardIcon_Tzz9",
        "picPath": [
            "UI_NameCardPic_Tzz9_Alpha",
            "UI_NameCardPic_Tzz9_P"
        ]
    },
    "210198": {
        "nameTextMapHash": 328422540,
        "icon": "UI_NameCardIcon_WishingPond",
        "picPath": [
            "UI_NameCardPic_WishingPond_Alpha",
            "UI_NameCardPic_WishingPond_P"
        ]
    },
    "210199": {
        "nameTextMapHash": 1744889084,
        "icon": "UI_NameCardIcon_GreatFestivalV2",
        "picPath": [
            "UI_NameCardPic_GreatFestivalV2_Alpha",
            "UI_NameCardPic_GreatFestivalV2_P"
        ]
    },
    "210200": {
        "nameTextMapHash": 1434145132,
        "icon": "UI_NameCardIcon_Clorinde",
        "picPath": [
            "UI_NameCardPic_Clorinde_Alpha",
            "UI_NameCardPic_Clorinde_P"
        ]
    },
    "210201": {
        "nameTextMapHash": 2519862828,
        "icon": "UI_NameCardIcon_Sigewinne",
        "picPath": [
            "UI_NameCardPic_Sigewinne_Alpha",
            "UI_NameCardPic_Sigewinne_P"
        ]
    },
    "210202": {
        "nameTextMapHash": 3809875516,
        "icon": "UI_NameCardIcon_Sethos",
        "picPath": [
            "UI_NameCardPic_Sethos_Alpha",
            "UI_NameCardPic_Sethos_P"
        ]
    },
    "210203": {
        "nameTextMapHash": 3545893804,
        "icon": "UI_NameCardIcon_RoleCombat",
        "picPath": [
            "UI_NameCardPic_RoleCombat_Alpha",
            "UI_NameCardPic_RoleCombat_P"
        ]
    },
    "210204": {
        "nameTextMapHash": 3965647636,
        "icon": "UI_NameCardIcon_Bp33",
        "picPath": [
            "UI_NameCardPic_Bp33_Alpha",
            "UI_NameCardPic_Bp33_P"
        ]
    },
    "210205": {
        "nameTextMapHash": 2842121124,
        "icon": "UI_NameCardIcon_Emilie",
        "picPath": [
            "UI_NameCardPic_Emilie_Alpha",
            "UI_NameCardPic_Emilie_P"
        ]
    },
    "210206": {
        "nameTextMapHash": 1026212828,
        "icon": "UI_NameCardIcon_Bp34",
        "picPath": [
            "UI_NameCardPic_Bp34_Alpha",
            "UI_NameCardPic_Bp34_P"
        ]
    },
    "210207": {
        "nameTextMapHash": 1919389884,
        "icon": "UI_NameCardIcon_RedandWhite2",
        "picPath": [
            "UI_NameCardPic_RedandWhite2_Alpha",
            "UI_NameCardPic_RedandWhite2_P"
        ]
    },
    "210208": {
        "nameTextMapHash": 1606225092,
        "icon": "UI_NameCardIcon_Kinich",
        "picPath": [
            "UI_NameCardPic_Kinich_Alpha",
            "UI_NameCardPic_Kinich_P"
        ]
    },
    "210209": {
        "nameTextMapHash": 3760846220,
        "icon": "UI_NameCardIcon_Mualani",
        "picPath": [
            "UI_NameCardPic_Mualani_Alpha",
            "UI_NameCardPic_Mualani_P"
        ]
    },
    "210210": {
        "nameTextMapHash": 2554912596,
        "icon": "UI_NameCardIcon_Kachina",
        "picPath": [
            "UI_NameCardPic_Kachina_Alpha",
            "UI_NameCardPic_Kachina_P"
        ]
    },
    "210211": {
        "nameTextMapHash": 2843734004,
        "icon": "UI_NameCardIcon_NatlanSW1",
        "picPath": [
            "UI_NameCardPic_NatlanSW1_Alpha",
            "UI_NameCardPic_NatlanSW1_P"
        ]
    },
    "210212": {
        "nameTextMapHash": 653393756,
        "icon": "UI_NameCardIcon_NatlanSW2",
        "picPath": [
            "UI_NameCardPic_NatlanSW2_Alpha",
            "UI_NameCardPic_NatlanSW2_P"
        ]
    },
    "210213": {
        "nameTextMapHash": 1305810940,
        "icon": "UI_NameCardIcon_Ysxf5",
        "picPath": [
            "UI_NameCardPic_Ysxf5_Alpha",
            "UI_NameCardPic_Ysxf5_P"
        ]
    },
    "210214": {
        "nameTextMapHash": 1070873436,
        "icon": "UI_NameCardIcon_RoleCombat2",
        "picPath": [
            "UI_NameCardPic_RoleCombat2_Alpha",
            "UI_NameCardPic_RoleCombat2_P"
        ]
    },
    "210215": {
        "nameTextMapHash": 3458103500,
        "icon": "UI_NameCardIcon_Natlan1",
        "picPath": [
            "UI_NameCardPic_Natlan1_Alpha",
            "UI_NameCardPic_Natlan1_P"
        ]
    },
    "210216": {
        "nameTextMapHash": 3849522924,
        "icon": "UI_NameCardIcon_Dfcq1",
        "picPath": [
            "UI_NameCardPic_Dfcq1_Alpha",
            "UI_NameCardPic_Dfcq1_P"
        ]
    },
    "210217": {
        "nameTextMapHash": 3285143108,
        "icon": "UI_NameCardIcon_Bp35",
        "picPath": [
            "UI_NameCardPic_Bp35_Alpha",
            "UI_NameCardPic_Bp35_P"
        ]
    },
    "210218": {
        "nameTextMapHash": 893559876,
        "icon": "UI_NameCardIcon_Yellow",
        "picPath": [
            "UI_NameCardPic_Yellow_Alpha",
            "UI_NameCardPic_Yellow_P"
        ]
    },
    "210219": {
        "nameTextMapHash": 1731853172,
        "icon": "UI_NameCardIcon_Xilonen",
        "picPath": [
            "UI_NameCardPic_Xilonen_Alpha",
            "UI_NameCardPic_Xilonen_P"
        ]
    },
    "210220": {
        "nameTextMapHash": 3875363388,
        "icon": "UI_NameCardIcon_Bp36",
        "picPath": [
            "UI_NameCardPic_Bp36_Alpha",
            "UI_NameCardPic_Bp36_P"
        ]
    },
    "210221": {
        "nameTextMapHash": 4278710644,
        "icon": "UI_NameCardIcon_Chasca",
        "picPath": [
            "UI_NameCardPic_Chasca_Alpha",
            "UI_NameCardPic_Chasca_P"
        ]
    },
    "210222": {
        "nameTextMapHash": 142182812,
        "icon": "UI_NameCardIcon_Olorun",
        "picPath": [
            "UI_NameCardPic_Olorun_Alpha",
            "UI_NameCardPic_Olorun_P"
        ]
    },
    "210223": {
        "nameTextMapHash": 3119227452,
        "icon": "UI_NameCardIcon_Natlan2",
        "picPath": [
            "UI_NameCardPic_Natlan2_Alpha",
            "UI_NameCardPic_Natlan2_P"
        ]
    },
    "210224": {
        "nameTextMapHash": 1955675780,
        "icon": "UI_NameCardIcon_Dfcq2",
        "picPath": [
            "UI_NameCardPic_Dfcq2_Alpha",
            "UI_NameCardPic_Dfcq2_P"
        ]
    },
    "210225": {
        "nameTextMapHash": 141626612,
        "icon": "UI_NameCardIcon_Bp37",
        "picPath": [
            "UI_NameCardPic_Bp37_Alpha",
            "UI_NameCardPic_Bp37_P"
        ]
    },
    "210226": {
        "nameTextMapHash": 4132784100,
        "icon": "UI_NameCardIcon_Mavuika",
        "picPath": [
            "UI_NameCardPic_Mavuika_Alpha",
            "UI_NameCardPic_Mavuika_P"
        ]
    },
    "210227": {
        "nameTextMapHash": 653858276,
        "icon": "UI_NameCardIcon_Citlali",
        "picPath": [
            "UI_NameCardPic_Citlali_Alpha",
            "UI_NameCardPic_Citlali_P"
        ]
    },
    "210228": {
        "nameTextMapHash": 12824332,
        "icon": "UI_NameCardIcon_Lanyan",
        "picPath": [
            "UI_NameCardPic_Lanyan_Alpha",
            "UI_NameCardPic_Lanyan_P"
        ]
    },
    "210229": {
        "nameTextMapHash": 2492545436,
        "icon": "UI_NameCardIcon_Csxy5",
        "picPath": [
            "UI_NameCardPic_Csxy5_Alpha",
            "UI_NameCardPic_Csxy5_P"
        ]
    },
    "210230": {
        "nameTextMapHash": 893797092,
        "icon": "UI_NameCardIcon_Tzz10",
        "picPath": [
            "UI_NameCardPic_Tzz10_Alpha",
            "UI_NameCardPic_Tzz10_P"
        ]
    },
    "210231": {
        "nameTextMapHash": 1556804276,
        "icon": "UI_NameCardIcon_MusicGame01",
        "picPath": [
            "UI_NameCardPic_MusicGame01_Alpha",
            "UI_NameCardPic_MusicGame01_P"
        ]
    },
    "210232": {
        "nameTextMapHash": 526870476,
        "icon": "UI_NameCardIcon_Bp38",
        "picPath": [
            "UI_NameCardPic_Bp38_Alpha",
            "UI_NameCardPic_Bp38_P"
        ]
    }
}
