{
    "1": {
        "icon": "UI_AvatarIcon_PlayerBoy_Circle",
        "nameTextMapHash": 3604285884,
        "oldIcon": "UI_AvatarIcon_PlayerBoy"
    },
    "2": {
        "icon": "UI_AvatarIcon_PlayerGirl_Circle",
        "nameTextMapHash": 271219620,
        "oldIcon": "UI_AvatarIcon_PlayerGirl"
    },
    "100": {
        "icon": "UI_AvatarIcon_Ambor_Circle",
        "nameTextMapHash": 4129650764,
        "oldIcon": "UI_AvatarIcon_Ambor"
    },
    "101": {
        "icon": "UI_AvatarIcon_AmborCostumeWic_Circle",
        "nameTextMapHash": 4011886236,
        "oldIcon": "UI_AvatarIcon_AmborCostumeWic"
    },
    "200": {
        "icon": "UI_AvatarIcon_Kaeya_Circle",
        "nameTextMapHash": 4198292852,
        "oldIcon": "UI_AvatarIcon_Kaeya"
    },
    "201": {
        "icon": "UI_AvatarIcon_KaeyaCostumeDancer_Circle",
        "nameTextMapHash": 2326024484,
        "oldIcon": "UI_AvatarIcon_KaeyaCostumeDancer"
    },
    "300": {
        "icon": "UI_AvatarIcon_Lisa_Circle",
        "nameTextMapHash": 1430880228,
        "oldIcon": "UI_AvatarIcon_Lisa"
    },
    "301": {
        "icon": "UI_AvatarIcon_LisaCostumeStudentin_Circle",
        "nameTextMapHash": 1999891572,
        "oldIcon": "UI_AvatarIcon_LisaCostumeStudentin"
    },
    "400": {
        "icon": "UI_AvatarIcon_Barbara_Circle",
        "nameTextMapHash": 1760985308,
        "oldIcon": "UI_AvatarIcon_Barbara"
    },
    "401": {
        "icon": "UI_AvatarIcon_BarbaraCostumeSummertime_Circle",
        "nameTextMapHash": 2943208916,
        "oldIcon": "UI_AvatarIcon_BarbaraCostumeSummertime"
    },
    "500": {
        "icon": "UI_AvatarIcon_Razor_Circle",
        "nameTextMapHash": 1324426164,
        "oldIcon": "UI_AvatarIcon_Razor"
    },
    "600": {
        "icon": "UI_AvatarIcon_Xiangling_Circle",
        "nameTextMapHash": 2206393084,
        "oldIcon": "UI_AvatarIcon_Xiangling"
    },
    "700": {
        "icon": "UI_AvatarIcon_Beidou_Circle",
        "nameTextMapHash": 2755210500,
        "oldIcon": "UI_AvatarIcon_Beidou"
    },
    "800": {
        "icon": "UI_AvatarIcon_Xingqiu_Circle",
        "nameTextMapHash": 2904405116,
        "oldIcon": "UI_AvatarIcon_Xingqiu"
    },
    "801": {
        "icon": "UI_AvatarIcon_XingqiuCostumeBamboo_Circle",
        "nameTextMapHash": 2018771404,
        "oldIcon": "UI_AvatarIcon_XingqiuCostumeBamboo"
    },
    "900": {
        "icon": "UI_AvatarIcon_Ningguang_Circle",
        "nameTextMapHash": 3467578556,
        "oldIcon": "UI_AvatarIcon_Ningguang"
    },
    "901": {
        "icon": "UI_AvatarIcon_NingguangCostumeFloral_Circle",
        "nameTextMapHash": 3049375396,
        "oldIcon": "UI_AvatarIcon_NingguangCostumeFloral"
    },
    "1000": {
        "icon": "UI_AvatarIcon_Fischl_Circle",
        "nameTextMapHash": 2448248284,
        "oldIcon": "UI_AvatarIcon_Fischl"
    },
    "1001": {
        "icon": "UI_AvatarIcon_FischlCostumeHighness_Circle",
        "nameTextMapHash": 1161026004,
        "oldIcon": "UI_AvatarIcon_FischlCostumeHighness"
    },
    "1100": {
        "icon": "UI_AvatarIcon_Bennett_Circle",
        "nameTextMapHash": 3881895660,
        "oldIcon": "UI_AvatarIcon_Bennett"
    },
    "1200": {
        "icon": "UI_AvatarIcon_Noel_Circle",
        "nameTextMapHash": 2140800276,
        "oldIcon": "UI_AvatarIcon_Noel"
    },
    "1300": {
        "icon": "UI_AvatarIcon_Chongyun_Circle",
        "nameTextMapHash": 1589080740,
        "oldIcon": "UI_AvatarIcon_Chongyun"
    },
    "1400": {
        "icon": "UI_AvatarIcon_Sucrose_Circle",
        "nameTextMapHash": 3451600692,
        "oldIcon": "UI_AvatarIcon_Sucrose"
    },
    "1500": {
        "icon": "UI_AvatarIcon_Qin_Circle",
        "nameTextMapHash": 3076704084,
        "oldIcon": "UI_AvatarIcon_Qin"
    },
    "1501": {
        "icon": "UI_AvatarIcon_QinCostumeWic_Circle",
        "nameTextMapHash": 1385160708,
        "oldIcon": "UI_AvatarIcon_QinCostumeWic"
    },
    "1502": {
        "icon": "UI_AvatarIcon_QinCostumeSea_Circle",
        "nameTextMapHash": 106642220,
        "oldIcon": "UI_AvatarIcon_QinCostumeSea"
    },
    "1600": {
        "icon": "UI_AvatarIcon_Diluc_Circle",
        "nameTextMapHash": 2487288620,
        "oldIcon": "UI_AvatarIcon_Diluc"
    },
    "1601": {
        "icon": "UI_AvatarIcon_DilucCostumeFlamme_Circle",
        "nameTextMapHash": 2579470204,
        "oldIcon": "UI_AvatarIcon_DilucCostumeFlamme"
    },
    "1700": {
        "icon": "UI_AvatarIcon_Qiqi_Circle",
        "nameTextMapHash": 1651684028,
        "oldIcon": "UI_AvatarIcon_Qiqi"
    },
    "1800": {
        "icon": "UI_AvatarIcon_Mona_Circle",
        "nameTextMapHash": 580553172,
        "oldIcon": "UI_AvatarIcon_Mona"
    },
    "1801": {
        "icon": "UI_AvatarIcon_MonaCostumeWic_Circle",
        "nameTextMapHash": 1859247892,
        "oldIcon": "UI_AvatarIcon_MonaCostumeWic"
    },
    "1900": {
        "icon": "UI_AvatarIcon_Keqing_Circle",
        "nameTextMapHash": 2904482116,
        "oldIcon": "UI_AvatarIcon_Keqing"
    },
    "1901": {
        "icon": "UI_AvatarIcon_KeqingCostumeFeather_Circle",
        "nameTextMapHash": 2350549260,
        "oldIcon": "UI_AvatarIcon_KeqingCostumeFeather"
    },
    "2000": {
        "icon": "UI_AvatarIcon_Venti_Circle",
        "nameTextMapHash": 2636283300,
        "oldIcon": "UI_AvatarIcon_Venti"
    },
    "2100": {
        "icon": "UI_AvatarIcon_Klee_Circle",
        "nameTextMapHash": 2278572156,
        "oldIcon": "UI_AvatarIcon_Klee"
    },
    "2101": {
        "icon": "UI_AvatarIcon_KleeCostumeWitch_Circle",
        "nameTextMapHash": 3797120244,
        "oldIcon": "UI_AvatarIcon_KleeCostumeWitch"
    },
    "2200": {
        "icon": "UI_AvatarIcon_Diona_Circle",
        "nameTextMapHash": 3452475956,
        "oldIcon": "UI_AvatarIcon_Diona"
    },
    "2300": {
        "icon": "UI_AvatarIcon_Tartaglia_Circle",
        "nameTextMapHash": 66233604,
        "oldIcon": "UI_AvatarIcon_Tartaglia"
    },
    "2400": {
        "icon": "UI_AvatarIcon_Xinyan_Circle",
        "nameTextMapHash": 2352103668,
        "oldIcon": "UI_AvatarIcon_Xinyan"
    },
    "2500": {
        "icon": "UI_AvatarIcon_Zhongli_Circle",
        "nameTextMapHash": 945047940,
        "oldIcon": "UI_AvatarIcon_Zhongli"
    },
    "2600": {
        "icon": "UI_AvatarIcon_Albedo_Circle",
        "nameTextMapHash": 4037900132,
        "oldIcon": "UI_AvatarIcon_Albedo"
    },
    "2700": {
        "icon": "UI_AvatarIcon_Ganyu_Circle",
        "nameTextMapHash": 1049883700,
        "oldIcon": "UI_AvatarIcon_Ganyu"
    },
    "2701": {
        "icon": "UI_AvatarIcon_GanyuCostumeYu_Circle",
        "nameTextMapHash": 1365886372,
        "oldIcon": "UI_AvatarIcon_GanyuCostumeYu"
    },
    "2800": {
        "icon": "UI_AvatarIcon_Xiao_Circle",
        "nameTextMapHash": 2799653588,
        "oldIcon": "UI_AvatarIcon_Xiao"
    },
    "2900": {
        "icon": "UI_AvatarIcon_Hutao_Circle",
        "nameTextMapHash": 678944044,
        "oldIcon": "UI_AvatarIcon_Hutao"
    },
    "3000": {
        "icon": "UI_AvatarIcon_Rosaria_Circle",
        "nameTextMapHash": 2851323220,
        "oldIcon": "UI_AvatarIcon_Rosaria"
    },
    "3001": {
        "icon": "UI_AvatarIcon_RosariaCostumeWic_Circle",
        "nameTextMapHash": 300481684,
        "oldIcon": "UI_AvatarIcon_RosariaCostumeWic"
    },
    "3100": {
        "icon": "UI_AvatarIcon_Feiyan_Circle",
        "nameTextMapHash": 2418667468,
        "oldIcon": "UI_AvatarIcon_Feiyan"
    },
    "3200": {
        "icon": "UI_AvatarIcon_Eula_Circle",
        "nameTextMapHash": 3544158164,
        "oldIcon": "UI_AvatarIcon_Eula"
    },
    "3300": {
        "icon": "UI_AvatarIcon_Kazuha_Circle",
        "nameTextMapHash": 3249781436,
        "oldIcon": "UI_AvatarIcon_Kazuha"
    },
    "3400": {
        "icon": "UI_AvatarIcon_Ayaka_Circle",
        "nameTextMapHash": 3187703364,
        "oldIcon": "UI_AvatarIcon_Ayaka"
    },
    "3401": {
        "icon": "UI_AvatarIcon_AyakaCostumeFruhling_Circle",
        "nameTextMapHash": 376817380,
        "oldIcon": "UI_AvatarIcon_AyakaCostumeFruhling"
    },
    "3500": {
        "icon": "UI_AvatarIcon_Sayu_Circle",
        "nameTextMapHash": 4082960244,
        "oldIcon": "UI_AvatarIcon_Sayu"
    },
    "3600": {
        "icon": "UI_AvatarIcon_Yoimiya_Circle",
        "nameTextMapHash": 2552836988,
        "oldIcon": "UI_AvatarIcon_Yoimiya"
    },
    "3700": {
        "icon": "UI_AvatarIcon_Aloy_Circle",
        "nameTextMapHash": 762807356,
        "oldIcon": "UI_AvatarIcon_Aloy"
    },
    "3800": {
        "icon": "UI_AvatarIcon_Sara_Circle",
        "nameTextMapHash": 3988675588,
        "oldIcon": "UI_AvatarIcon_Sara"
    },
    "3900": {
        "icon": "UI_AvatarIcon_Shougun_Circle",
        "nameTextMapHash": 1384773420,
        "oldIcon": "UI_AvatarIcon_Shougun"
    },
    "4000": {
        "icon": "UI_AvatarIcon_Kokomi_Circle",
        "nameTextMapHash": 412156284,
        "oldIcon": "UI_AvatarIcon_Kokomi"
    },
    "4100": {
        "icon": "UI_AvatarIcon_Tohma_Circle",
        "nameTextMapHash": 4259359556,
        "oldIcon": "UI_AvatarIcon_Tohma"
    },
    "4200": {
        "icon": "UI_AvatarIcon_Gorou_Circle",
        "nameTextMapHash": 2590272292,
        "oldIcon": "UI_AvatarIcon_Gorou"
    },
    "4300": {
        "icon": "UI_AvatarIcon_Itto_Circle",
        "nameTextMapHash": 1439449756,
        "oldIcon": "UI_AvatarIcon_Itto"
    },
    "4400": {
        "icon": "UI_AvatarIcon_Yunjin_Circle",
        "nameTextMapHash": 1748326324,
        "oldIcon": "UI_AvatarIcon_Yunjin"
    },
    "4500": {
        "icon": "UI_AvatarIcon_Shenhe_Circle",
        "nameTextMapHash": 1379338044,
        "oldIcon": "UI_AvatarIcon_Shenhe"
    },
    "4501": {
        "icon": "UI_AvatarIcon_ShenheCostumeDai_Circle",
        "nameTextMapHash": 561207228,
        "oldIcon": "UI_AvatarIcon_ShenheCostumeDai"
    },
    "4600": {
        "icon": "UI_AvatarIcon_Yae_Circle",
        "nameTextMapHash": 45847804,
        "oldIcon": "UI_AvatarIcon_Yae"
    },
    "4700": {
        "icon": "UI_AvatarIcon_Ayato_Circle",
        "nameTextMapHash": 2898090420,
        "oldIcon": "UI_AvatarIcon_Ayato"
    },
    "4800": {
        "icon": "UI_AvatarIcon_Yelan_Circle",
        "nameTextMapHash": 1139213860,
        "oldIcon": "UI_AvatarIcon_Yelan"
    },
    "4900": {
        "icon": "UI_AvatarIcon_Shinobu_Circle",
        "nameTextMapHash": 3488543924,
        "oldIcon": "UI_AvatarIcon_Shinobu"
    },
    "5000": {
        "icon": "UI_AvatarIcon_Heizo_Circle",
        "nameTextMapHash": 2814342260,
        "oldIcon": "UI_AvatarIcon_Heizo"
    },
    "5100": {
        "icon": "UI_AvatarIcon_Collei_Circle",
        "nameTextMapHash": 1985782300,
        "oldIcon": "UI_AvatarIcon_Collei"
    },
    "5200": {
        "icon": "UI_AvatarIcon_Tighnari_Circle",
        "nameTextMapHash": 2369699668,
        "oldIcon": "UI_AvatarIcon_Tighnari"
    },
    "5300": {
        "icon": "UI_AvatarIcon_Dori_Circle",
        "nameTextMapHash": 3746931452,
        "oldIcon": "UI_AvatarIcon_Dori"
    },
    "5400": {
        "icon": "UI_AvatarIcon_Candace_Circle",
        "nameTextMapHash": 3874523500,
        "oldIcon": "UI_AvatarIcon_Candace"
    },
    "5500": {
        "icon": "UI_AvatarIcon_Cyno_Circle",
        "nameTextMapHash": 4170326540,
        "oldIcon": "UI_AvatarIcon_Cyno"
    },
    "5600": {
        "icon": "UI_AvatarIcon_Nilou_Circle",
        "nameTextMapHash": 1598209428,
        "oldIcon": "UI_AvatarIcon_Nilou"
    },
    "5601": {
        "icon": "UI_AvatarIcon_NilouCostumeFairy_Circle",
        "nameTextMapHash": 3251293852,
        "oldIcon": "UI_AvatarIcon_NilouCostumeFairy"
    },
    "5700": {
        "icon": "UI_AvatarIcon_Nahida_Circle",
        "nameTextMapHash": 533361044,
        "oldIcon": "UI_AvatarIcon_Nahida"
    },
    "5800": {
        "icon": "UI_AvatarIcon_Layla_Circle",
        "nameTextMapHash": 1540669524,
        "oldIcon": "UI_AvatarIcon_Layla"
    },
    "5900": {
        "icon": "UI_AvatarIcon_Faruzan_Circle",
        "nameTextMapHash": 1171845828,
        "oldIcon": "UI_AvatarIcon_Faruzan"
    },
    "6000": {
        "icon": "UI_AvatarIcon_Wanderer_Circle",
        "nameTextMapHash": 3210918732,
        "oldIcon": "UI_AvatarIcon_Wanderer"
    },
    "6100": {
        "icon": "UI_AvatarIcon_Yaoyao_Circle",
        "nameTextMapHash": 196788628,
        "oldIcon": "UI_AvatarIcon_Yaoyao"
    },
    "6200": {
        "icon": "UI_AvatarIcon_Alhatham_Circle",
        "nameTextMapHash": 984331444,
        "oldIcon": "UI_AvatarIcon_Alhatham"
    },
    "6300": {
        "icon": "UI_AvatarIcon_Dehya_Circle",
        "nameTextMapHash": 1497016220,
        "oldIcon": "UI_AvatarIcon_Dehya"
    },
    "6400": {
        "icon": "UI_AvatarIcon_Mika_Circle",
        "nameTextMapHash": 2186517540,
        "oldIcon": "UI_AvatarIcon_Mika"
    },
    "6500": {
        "icon": "UI_AvatarIcon_Kaveh_Circle",
        "nameTextMapHash": 1467637604,
        "oldIcon": "UI_AvatarIcon_Kaveh"
    },
    "6600": {
        "icon": "UI_AvatarIcon_Baizhuer_Circle",
        "nameTextMapHash": 420768780,
        "oldIcon": "UI_AvatarIcon_Baizhuer"
    },
    "6700": {
        "icon": "UI_AvatarIcon_Momoka_Circle",
        "nameTextMapHash": 1129094484,
        "oldIcon": "UI_AvatarIcon_Momoka"
    },
    "6701": {
        "icon": "UI_AvatarIcon_MomokaCostumeErrantry_Circle",
        "nameTextMapHash": 3602188772,
        "oldIcon": "UI_AvatarIcon_MomokaCostumeErrantry"
    },
    "6800": {
        "icon": "UI_AvatarIcon_Linette_Circle",
        "nameTextMapHash": 1586137212,
        "oldIcon": "UI_AvatarIcon_Linette"
    },
    "6900": {
        "icon": "UI_AvatarIcon_Liney_Circle",
        "nameTextMapHash": 907368204,
        "oldIcon": "UI_AvatarIcon_Liney"
    },
    "7000": {
        "icon": "UI_AvatarIcon_Freminet_Circle",
        "nameTextMapHash": 1821673276,
        "oldIcon": "UI_AvatarIcon_Freminet"
    },
    "7100": {
        "icon": "UI_AvatarIcon_Neuvillette_Circle",
        "nameTextMapHash": 3752117636,
        "oldIcon": "UI_AvatarIcon_Neuvillette"
    },
    "7200": {
        "icon": "UI_AvatarIcon_Wriothesley_Circle",
        "nameTextMapHash": 2892052,
        "oldIcon": "UI_AvatarIcon_Wriothesley"
    },
    "7300": {
        "icon": "UI_AvatarIcon_Charlotte_Circle",
        "nameTextMapHash": 2782129108,
        "oldIcon": "UI_AvatarIcon_Charlotte"
    },
    "7400": {
        "icon": "UI_AvatarIcon_Furina_Circle",
        "nameTextMapHash": 3727373268,
        "oldIcon": "UI_AvatarIcon_Furina"
    },
    "7500": {
        "icon": "UI_AvatarIcon_Navia_Circle",
        "nameTextMapHash": 3420068796,
        "oldIcon": "UI_AvatarIcon_Navia"
    },
    "7600": {
        "icon": "UI_AvatarIcon_Chevreuse_Circle",
        "nameTextMapHash": 241782844,
        "oldIcon": "UI_AvatarIcon_Chevreuse"
    },
    "7700": {
        "icon": "UI_AvatarIcon_Gaming_Circle",
        "nameTextMapHash": 4228481004,
        "oldIcon": "UI_AvatarIcon_Gaming"
    },
    "7800": {
        "icon": "UI_AvatarIcon_Liuyun_Circle",
        "nameTextMapHash": 1294266220,
        "oldIcon": "UI_AvatarIcon_Liuyun"
    },
    "7900": {
        "icon": "UI_AvatarIcon_Chiori_Circle",
        "nameTextMapHash": 1057050268,
        "oldIcon": "UI_AvatarIcon_Chiori"
    },
    "8000": {
        "icon": "UI_AvatarIcon_Arlecchino_Circle",
        "nameTextMapHash": 3363124668,
        "oldIcon": "UI_AvatarIcon_Arlecchino"
    },
    "8100": {
        "icon": "UI_AvatarIcon_Clorinde_Circle",
        "nameTextMapHash": 1195616540,
        "oldIcon": "UI_AvatarIcon_Clorinde"
    },
    "8200": {
        "icon": "UI_AvatarIcon_Sethos_Circle",
        "nameTextMapHash": 770768196,
        "oldIcon": "UI_AvatarIcon_Sethos"
    },
    "8300": {
        "icon": "UI_AvatarIcon_Sigewinne_Circle",
        "nameTextMapHash": 3342848348,
        "oldIcon": "UI_AvatarIcon_Sigewinne"
    },
    "8400": {
        "icon": "UI_AvatarIcon_Emilie_Circle",
        "nameTextMapHash": 2716554828,
        "oldIcon": "UI_AvatarIcon_Emilie"
    },
    "99999": {
        "icon": "UI_AvatarIcon_Ambor_Circle",
        "nameTextMapHash": 3995351756,
        "oldIcon": "UI_AvatarIcon_Ambor"
    },
    "100010": {
        "icon": "UI_AvatarIcon_72105_Circle",
        "nameTextMapHash": 4284320332
    },
    "100020": {
        "icon": "UI_AvatarIcon_72158_Circle",
        "nameTextMapHash": 2115514524
    },
    "100030": {
        "icon": "UI_AvatarIcon_72173_Circle",
        "nameTextMapHash": 537096092
    },
    "100040": {
        "icon": "UI_AvatarIcon_72177_Circle",
        "nameTextMapHash": 2055558492
    },
    "100050": {
        "icon": "UI_AvatarIcon_71045_Circle",
        "nameTextMapHash": 3628954484
    },
    "100060": {
        "icon": "UI_AvatarIcon_73038_Circle",
        "nameTextMapHash": 2914387620
    },
    "100070": {
        "icon": "UI_AvatarIcon_73055_Circle",
        "nameTextMapHash": 1698312916
    },
    "100080": {
        "icon": "UI_AvatarIcon_73220_Circle",
        "nameTextMapHash": 1025414580
    },
    "100090": {
        "icon": "UI_AvatarIcon_73232_Circle",
        "nameTextMapHash": 4204508124
    },
    "100100": {
        "icon": "UI_AvatarIcon_74007_Circle",
        "nameTextMapHash": 423665740
    },
    "100110": {
        "icon": "UI_AvatarIcon_74004_Circle",
        "nameTextMapHash": 1584610884
    },
    "100120": {
        "icon": "UI_AvatarIcon_74028_Circle",
        "nameTextMapHash": 3637200084
    },
    "100130": {
        "icon": "UI_AvatarIcon_74053_Circle",
        "nameTextMapHash": 1630051180
    },
    "100140": {
        "icon": "UI_AvatarIcon_74078_Circle",
        "nameTextMapHash": 2732020044
    },
    "100150": {
        "icon": "UI_AvatarIcon_74085_Circle",
        "nameTextMapHash": 131812372
    },
    "100160": {
        "icon": "UI_AvatarIcon_71100_Circle",
        "nameTextMapHash": 1960492844
    },
    "100170": {
        "icon": "UI_AvatarIcon_74196_Circle",
        "nameTextMapHash": 860131476
    }
}
