{
    "101021": {
        "propType": "FIGHT_PROP_HP",
        "propValue": 23.9
    },
    "101022": {
        "propType": "FIGHT_PROP_HP",
        "propValue": 29.88
    },
    "101031": {
        "propType": "FIGHT_PROP_HP_PERCENT",
        "propValue": 0.0117
    },
    "101032": {
        "propType": "FIGHT_PROP_HP_PERCENT",
        "propValue": 0.0146
    },
    "101051": {
        "propType": "FIGHT_PROP_ATTACK",
        "propValue": 1.56
    },
    "101052": {
        "propType": "FIGHT_PROP_ATTACK",
        "propValue": 1.95
    },
    "101061": {
        "propType": "FIGHT_PROP_ATTACK_PERCENT",
        "propValue": 0.0117
    },
    "101062": {
        "propType": "FIGHT_PROP_ATTACK_PERCENT",
        "propValue": 0.0146
    },
    "101081": {
        "propType": "FIGHT_PROP_DEFENSE",
        "propValue": 1.85
    },
    "101082": {
        "propType": "FIGHT_PROP_DEFENSE",
        "propValue": 2.31
    },
    "101091": {
        "propType": "FIGHT_PROP_DEFENSE_PERCENT",
        "propValue": 0.0146
    },
    "101092": {
        "propType": "FIGHT_PROP_DEFENSE_PERCENT",
        "propValue": 0.0182
    },
    "101201": {
        "propType": "FIGHT_PROP_CRITICAL",
        "propValue": 0.0078
    },
    "101202": {
        "propType": "FIGHT_PROP_CRITICAL",
        "propValue": 0.0097
    },
    "101221": {
        "propType": "FIGHT_PROP_CRITICAL_HURT",
        "propValue": 0.0155
    },
    "101222": {
        "propType": "FIGHT_PROP_CRITICAL_HURT",
        "propValue": 0.0194
    },
    "101231": {
        "propType": "FIGHT_PROP_CHARGE_EFFICIENCY",
        "propValue": 0.013
    },
    "101232": {
        "propType": "FIGHT_PROP_CHARGE_EFFICIENCY",
        "propValue": 0.0162
    },
    "101241": {
        "propType": "FIGHT_PROP_ELEMENT_MASTERY",
        "propValue": 4.66
    },
    "101242": {
        "propType": "FIGHT_PROP_ELEMENT_MASTERY",
        "propValue": 5.83
    },
    "201021": {
        "propType": "FIGHT_PROP_HP",
        "propValue": 50.19
    },
    "201022": {
        "propType": "FIGHT_PROP_HP",
        "propValue": 60.95
    },
    "201023": {
        "propType": "FIGHT_PROP_HP",
        "propValue": 71.7
    },
    "201031": {
        "propType": "FIGHT_PROP_HP_PERCENT",
        "propValue": 0.0163
    },
    "201032": {
        "propType": "FIGHT_PROP_HP_PERCENT",
        "propValue": 0.0198
    },
    "201033": {
        "propType": "FIGHT_PROP_HP_PERCENT",
        "propValue": 0.0233
    },
    "201051": {
        "propType": "FIGHT_PROP_ATTACK",
        "propValue": 3.27
    },
    "201052": {
        "propType": "FIGHT_PROP_ATTACK",
        "propValue": 3.97
    },
    "201053": {
        "propType": "FIGHT_PROP_ATTACK",
        "propValue": 4.67
    },
    "201061": {
        "propType": "FIGHT_PROP_ATTACK_PERCENT",
        "propValue": 0.0163
    },
    "201062": {
        "propType": "FIGHT_PROP_ATTACK_PERCENT",
        "propValue": 0.0198
    },
    "201063": {
        "propType": "FIGHT_PROP_ATTACK_PERCENT",
        "propValue": 0.0233
    },
    "201081": {
        "propType": "FIGHT_PROP_DEFENSE",
        "propValue": 3.89
    },
    "201082": {
        "propType": "FIGHT_PROP_DEFENSE",
        "propValue": 4.72
    },
    "201083": {
        "propType": "FIGHT_PROP_DEFENSE",
        "propValue": 5.56
    },
    "201091": {
        "propType": "FIGHT_PROP_DEFENSE_PERCENT",
        "propValue": 0.0204
    },
    "201092": {
        "propType": "FIGHT_PROP_DEFENSE_PERCENT",
        "propValue": 0.0248
    },
    "201093": {
        "propType": "FIGHT_PROP_DEFENSE_PERCENT",
        "propValue": 0.0291
    },
    "201201": {
        "propType": "FIGHT_PROP_CRITICAL",
        "propValue": 0.0109
    },
    "201202": {
        "propType": "FIGHT_PROP_CRITICAL",
        "propValue": 0.0132
    },
    "201203": {
        "propType": "FIGHT_PROP_CRITICAL",
        "propValue": 0.0155
    },
    "201221": {
        "propType": "FIGHT_PROP_CRITICAL_HURT",
        "propValue": 0.0218
    },
    "201222": {
        "propType": "FIGHT_PROP_CRITICAL_HURT",
        "propValue": 0.0264
    },
    "201223": {
        "propType": "FIGHT_PROP_CRITICAL_HURT",
        "propValue": 0.0311
    },
    "201231": {
        "propType": "FIGHT_PROP_CHARGE_EFFICIENCY",
        "propValue": 0.0181
    },
    "201232": {
        "propType": "FIGHT_PROP_CHARGE_EFFICIENCY",
        "propValue": 0.022
    },
    "201233": {
        "propType": "FIGHT_PROP_CHARGE_EFFICIENCY",
        "propValue": 0.0259
    },
    "201241": {
        "propType": "FIGHT_PROP_ELEMENT_MASTERY",
        "propValue": 6.53
    },
    "201242": {
        "propType": "FIGHT_PROP_ELEMENT_MASTERY",
        "propValue": 7.93
    },
    "201243": {
        "propType": "FIGHT_PROP_ELEMENT_MASTERY",
        "propValue": 9.33
    },
    "301021": {
        "propType": "FIGHT_PROP_HP",
        "propValue": 100.38
    },
    "301022": {
        "propType": "FIGHT_PROP_HP",
        "propValue": 114.72
    },
    "301023": {
        "propType": "FIGHT_PROP_HP",
        "propValue": 129.06
    },
    "301024": {
        "propType": "FIGHT_PROP_HP",
        "propValue": 143.4
    },
    "301031": {
        "propType": "FIGHT_PROP_HP_PERCENT",
        "propValue": 0.0245
    },
    "301032": {
        "propType": "FIGHT_PROP_HP_PERCENT",
        "propValue": 0.028
    },
    "301033": {
        "propType": "FIGHT_PROP_HP_PERCENT",
        "propValue": 0.0315
    },
    "301034": {
        "propType": "FIGHT_PROP_HP_PERCENT",
        "propValue": 0.035
    },
    "301051": {
        "propType": "FIGHT_PROP_ATTACK",
        "propValue": 6.54
    },
    "301052": {
        "propType": "FIGHT_PROP_ATTACK",
        "propValue": 7.47
    },
    "301053": {
        "propType": "FIGHT_PROP_ATTACK",
        "propValue": 8.4
    },
    "301054": {
        "propType": "FIGHT_PROP_ATTACK",
        "propValue": 9.34
    },
    "301061": {
        "propType": "FIGHT_PROP_ATTACK_PERCENT",
        "propValue": 0.0245
    },
    "301062": {
        "propType": "FIGHT_PROP_ATTACK_PERCENT",
        "propValue": 0.028
    },
    "301063": {
        "propType": "FIGHT_PROP_ATTACK_PERCENT",
        "propValue": 0.0315
    },
    "301064": {
        "propType": "FIGHT_PROP_ATTACK_PERCENT",
        "propValue": 0.035
    },
    "301081": {
        "propType": "FIGHT_PROP_DEFENSE",
        "propValue": 7.78
    },
    "301082": {
        "propType": "FIGHT_PROP_DEFENSE",
        "propValue": 8.89
    },
    "301083": {
        "propType": "FIGHT_PROP_DEFENSE",
        "propValue": 10
    },
    "301084": {
        "propType": "FIGHT_PROP_DEFENSE",
        "propValue": 11.11
    },
    "301091": {
        "propType": "FIGHT_PROP_DEFENSE_PERCENT",
        "propValue": 0.0306
    },
    "301092": {
        "propType": "FIGHT_PROP_DEFENSE_PERCENT",
        "propValue": 0.035
    },
    "301093": {
        "propType": "FIGHT_PROP_DEFENSE_PERCENT",
        "propValue": 0.0393
    },
    "301094": {
        "propType": "FIGHT_PROP_DEFENSE_PERCENT",
        "propValue": 0.0437
    },
    "301201": {
        "propType": "FIGHT_PROP_CRITICAL",
        "propValue": 0.0163
    },
    "301202": {
        "propType": "FIGHT_PROP_CRITICAL",
        "propValue": 0.0186
    },
    "301203": {
        "propType": "FIGHT_PROP_CRITICAL",
        "propValue": 0.021
    },
    "301204": {
        "propType": "FIGHT_PROP_CRITICAL",
        "propValue": 0.0233
    },
    "301221": {
        "propType": "FIGHT_PROP_CRITICAL_HURT",
        "propValue": 0.0326
    },
    "301222": {
        "propType": "FIGHT_PROP_CRITICAL_HURT",
        "propValue": 0.0373
    },
    "301223": {
        "propType": "FIGHT_PROP_CRITICAL_HURT",
        "propValue": 0.042
    },
    "301224": {
        "propType": "FIGHT_PROP_CRITICAL_HURT",
        "propValue": 0.0466
    },
    "301231": {
        "propType": "FIGHT_PROP_CHARGE_EFFICIENCY",
        "propValue": 0.0272
    },
    "301232": {
        "propType": "FIGHT_PROP_CHARGE_EFFICIENCY",
        "propValue": 0.0311
    },
    "301233": {
        "propType": "FIGHT_PROP_CHARGE_EFFICIENCY",
        "propValue": 0.035
    },
    "301234": {
        "propType": "FIGHT_PROP_CHARGE_EFFICIENCY",
        "propValue": 0.0389
    },
    "301241": {
        "propType": "FIGHT_PROP_ELEMENT_MASTERY",
        "propValue": 9.79
    },
    "301242": {
        "propType": "FIGHT_PROP_ELEMENT_MASTERY",
        "propValue": 11.19
    },
    "301243": {
        "propType": "FIGHT_PROP_ELEMENT_MASTERY",
        "propValue": 12.59
    },
    "301244": {
        "propType": "FIGHT_PROP_ELEMENT_MASTERY",
        "propValue": 13.99
    },
    "401021": {
        "propType": "FIGHT_PROP_HP",
        "propValue": 167.3
    },
    "401022": {
        "propType": "FIGHT_PROP_HP",
        "propValue": 191.2
    },
    "401023": {
        "propType": "FIGHT_PROP_HP",
        "propValue": 215.1
    },
    "401024": {
        "propType": "FIGHT_PROP_HP",
        "propValue": 239
    },
    "401031": {
        "propType": "FIGHT_PROP_HP_PERCENT",
        "propValue": 0.0326
    },
    "401032": {
        "propType": "FIGHT_PROP_HP_PERCENT",
        "propValue": 0.0373
    },
    "401033": {
        "propType": "FIGHT_PROP_HP_PERCENT",
        "propValue": 0.042
    },
    "401034": {
        "propType": "FIGHT_PROP_HP_PERCENT",
        "propValue": 0.0466
    },
    "401051": {
        "propType": "FIGHT_PROP_ATTACK",
        "propValue": 10.89
    },
    "401052": {
        "propType": "FIGHT_PROP_ATTACK",
        "propValue": 12.45
    },
    "401053": {
        "propType": "FIGHT_PROP_ATTACK",
        "propValue": 14
    },
    "401054": {
        "propType": "FIGHT_PROP_ATTACK",
        "propValue": 15.56
    },
    "401061": {
        "propType": "FIGHT_PROP_ATTACK_PERCENT",
        "propValue": 0.0326
    },
    "401062": {
        "propType": "FIGHT_PROP_ATTACK_PERCENT",
        "propValue": 0.0373
    },
    "401063": {
        "propType": "FIGHT_PROP_ATTACK_PERCENT",
        "propValue": 0.042
    },
    "401064": {
        "propType": "FIGHT_PROP_ATTACK_PERCENT",
        "propValue": 0.0466
    },
    "401081": {
        "propType": "FIGHT_PROP_DEFENSE",
        "propValue": 12.96
    },
    "401082": {
        "propType": "FIGHT_PROP_DEFENSE",
        "propValue": 14.82
    },
    "401083": {
        "propType": "FIGHT_PROP_DEFENSE",
        "propValue": 16.67
    },
    "401084": {
        "propType": "FIGHT_PROP_DEFENSE",
        "propValue": 18.52
    },
    "401091": {
        "propType": "FIGHT_PROP_DEFENSE_PERCENT",
        "propValue": 0.0408
    },
    "401092": {
        "propType": "FIGHT_PROP_DEFENSE_PERCENT",
        "propValue": 0.0466
    },
    "401093": {
        "propType": "FIGHT_PROP_DEFENSE_PERCENT",
        "propValue": 0.0525
    },
    "401094": {
        "propType": "FIGHT_PROP_DEFENSE_PERCENT",
        "propValue": 0.0583
    },
    "401201": {
        "propType": "FIGHT_PROP_CRITICAL",
        "propValue": 0.0218
    },
    "401202": {
        "propType": "FIGHT_PROP_CRITICAL",
        "propValue": 0.0249
    },
    "401203": {
        "propType": "FIGHT_PROP_CRITICAL",
        "propValue": 0.028
    },
    "401204": {
        "propType": "FIGHT_PROP_CRITICAL",
        "propValue": 0.0311
    },
    "401221": {
        "propType": "FIGHT_PROP_CRITICAL_HURT",
        "propValue": 0.0435
    },
    "401222": {
        "propType": "FIGHT_PROP_CRITICAL_HURT",
        "propValue": 0.0497
    },
    "401223": {
        "propType": "FIGHT_PROP_CRITICAL_HURT",
        "propValue": 0.056
    },
    "401224": {
        "propType": "FIGHT_PROP_CRITICAL_HURT",
        "propValue": 0.0622
    },
    "401231": {
        "propType": "FIGHT_PROP_CHARGE_EFFICIENCY",
        "propValue": 0.0363
    },
    "401232": {
        "propType": "FIGHT_PROP_CHARGE_EFFICIENCY",
        "propValue": 0.0414
    },
    "401233": {
        "propType": "FIGHT_PROP_CHARGE_EFFICIENCY",
        "propValue": 0.0466
    },
    "401234": {
        "propType": "FIGHT_PROP_CHARGE_EFFICIENCY",
        "propValue": 0.0518
    },
    "401241": {
        "propType": "FIGHT_PROP_ELEMENT_MASTERY",
        "propValue": 13.06
    },
    "401242": {
        "propType": "FIGHT_PROP_ELEMENT_MASTERY",
        "propValue": 14.92
    },
    "401243": {
        "propType": "FIGHT_PROP_ELEMENT_MASTERY",
        "propValue": 16.79
    },
    "401244": {
        "propType": "FIGHT_PROP_ELEMENT_MASTERY",
        "propValue": 18.65
    },
    "501021": {
        "propType": "FIGHT_PROP_HP",
        "propValue": 209.13
    },
    "501022": {
        "propType": "FIGHT_PROP_HP",
        "propValue": 239
    },
    "501023": {
        "propType": "FIGHT_PROP_HP",
        "propValue": 268.88
    },
    "501024": {
        "propType": "FIGHT_PROP_HP",
        "propValue": 298.75
    },
    "501031": {
        "propType": "FIGHT_PROP_HP_PERCENT",
        "propValue": 0.0408
    },
    "501032": {
        "propType": "FIGHT_PROP_HP_PERCENT",
        "propValue": 0.0466
    },
    "501033": {
        "propType": "FIGHT_PROP_HP_PERCENT",
        "propValue": 0.0525
    },
    "501034": {
        "propType": "FIGHT_PROP_HP_PERCENT",
        "propValue": 0.0583
    },
    "501051": {
        "propType": "FIGHT_PROP_ATTACK",
        "propValue": 13.62
    },
    "501052": {
        "propType": "FIGHT_PROP_ATTACK",
        "propValue": 15.56
    },
    "501053": {
        "propType": "FIGHT_PROP_ATTACK",
        "propValue": 17.51
    },
    "501054": {
        "propType": "FIGHT_PROP_ATTACK",
        "propValue": 19.45
    },
    "501061": {
        "propType": "FIGHT_PROP_ATTACK_PERCENT",
        "propValue": 0.0408
    },
    "501062": {
        "propType": "FIGHT_PROP_ATTACK_PERCENT",
        "propValue": 0.0466
    },
    "501063": {
        "propType": "FIGHT_PROP_ATTACK_PERCENT",
        "propValue": 0.0525
    },
    "501064": {
        "propType": "FIGHT_PROP_ATTACK_PERCENT",
        "propValue": 0.0583
    },
    "501081": {
        "propType": "FIGHT_PROP_DEFENSE",
        "propValue": 16.2
    },
    "501082": {
        "propType": "FIGHT_PROP_DEFENSE",
        "propValue": 18.52
    },
    "501083": {
        "propType": "FIGHT_PROP_DEFENSE",
        "propValue": 20.83
    },
    "501084": {
        "propType": "FIGHT_PROP_DEFENSE",
        "propValue": 23.15
    },
    "501091": {
        "propType": "FIGHT_PROP_DEFENSE_PERCENT",
        "propValue": 0.051
    },
    "501092": {
        "propType": "FIGHT_PROP_DEFENSE_PERCENT",
        "propValue": 0.0583
    },
    "501093": {
        "propType": "FIGHT_PROP_DEFENSE_PERCENT",
        "propValue": 0.0656
    },
    "501094": {
        "propType": "FIGHT_PROP_DEFENSE_PERCENT",
        "propValue": 0.0729
    },
    "501201": {
        "propType": "FIGHT_PROP_CRITICAL",
        "propValue": 0.0272
    },
    "501202": {
        "propType": "FIGHT_PROP_CRITICAL",
        "propValue": 0.0311
    },
    "501203": {
        "propType": "FIGHT_PROP_CRITICAL",
        "propValue": 0.035
    },
    "501204": {
        "propType": "FIGHT_PROP_CRITICAL",
        "propValue": 0.0389
    },
    "501221": {
        "propType": "FIGHT_PROP_CRITICAL_HURT",
        "propValue": 0.0544
    },
    "501222": {
        "propType": "FIGHT_PROP_CRITICAL_HURT",
        "propValue": 0.0622
    },
    "501223": {
        "propType": "FIGHT_PROP_CRITICAL_HURT",
        "propValue": 0.0699
    },
    "501224": {
        "propType": "FIGHT_PROP_CRITICAL_HURT",
        "propValue": 0.0777
    },
    "501231": {
        "propType": "FIGHT_PROP_CHARGE_EFFICIENCY",
        "propValue": 0.0453
    },
    "501232": {
        "propType": "FIGHT_PROP_CHARGE_EFFICIENCY",
        "propValue": 0.0518
    },
    "501233": {
        "propType": "FIGHT_PROP_CHARGE_EFFICIENCY",
        "propValue": 0.0583
    },
    "501234": {
        "propType": "FIGHT_PROP_CHARGE_EFFICIENCY",
        "propValue": 0.0648
    },
    "501241": {
        "propType": "FIGHT_PROP_ELEMENT_MASTERY",
        "propValue": 16.32
    },
    "501242": {
        "propType": "FIGHT_PROP_ELEMENT_MASTERY",
        "propValue": 18.65
    },
    "501243": {
        "propType": "FIGHT_PROP_ELEMENT_MASTERY",
        "propValue": 20.98
    },
    "501244": {
        "propType": "FIGHT_PROP_ELEMENT_MASTERY",
        "propValue": 23.31
    },
    "941001": {
        "propType": "FIGHT_PROP_HP_PERCENT",
        "propValue": 0.0932
    },
    "941002": {
        "propType": "FIGHT_PROP_ATTACK_PERCENT",
        "propValue": 0.0932
    },
    "941003": {
        "propType": "FIGHT_PROP_DEFENSE_PERCENT",
        "propValue": 0.1166
    },
    "941004": {
        "propType": "FIGHT_PROP_CRITICAL",
        "propValue": 0.0622
    },
    "941005": {
        "propType": "FIGHT_PROP_CHARGE_EFFICIENCY",
        "propValue": 0.1036
    },
    "941006": {
        "propType": "FIGHT_PROP_ELEMENT_MASTERY",
        "propValue": 37.3
    },
    "941007": {
        "propType": "FIGHT_PROP_CRITICAL_HURT",
        "propValue": 0.1243
    },
    "942001": {
        "propType": "FIGHT_PROP_HP_PERCENT",
        "propValue": 0.0932
    },
    "942002": {
        "propType": "FIGHT_PROP_ATTACK_PERCENT",
        "propValue": 0.0932
    },
    "942003": {
        "propType": "FIGHT_PROP_DEFENSE_PERCENT",
        "propValue": 0.1166
    },
    "942004": {
        "propType": "FIGHT_PROP_CRITICAL",
        "propValue": 0.0622
    },
    "942005": {
        "propType": "FIGHT_PROP_CHARGE_EFFICIENCY",
        "propValue": 0.1036
    },
    "942006": {
        "propType": "FIGHT_PROP_ELEMENT_MASTERY",
        "propValue": 37.3
    },
    "942007": {
        "propType": "FIGHT_PROP_CRITICAL_HURT",
        "propValue": 0.1243
    },
    "943001": {
        "propType": "FIGHT_PROP_HP_PERCENT",
        "propValue": 0.0932
    },
    "943002": {
        "propType": "FIGHT_PROP_ATTACK_PERCENT",
        "propValue": 0.0932
    },
    "943003": {
        "propType": "FIGHT_PROP_DEFENSE_PERCENT",
        "propValue": 0.1166
    },
    "943004": {
        "propType": "FIGHT_PROP_CRITICAL",
        "propValue": 0.0622
    },
    "943005": {
        "propType": "FIGHT_PROP_CHARGE_EFFICIENCY",
        "propValue": 0.1036
    },
    "943006": {
        "propType": "FIGHT_PROP_ELEMENT_MASTERY",
        "propValue": 37.3
    },
    "943007": {
        "propType": "FIGHT_PROP_CRITICAL_HURT",
        "propValue": 0.1243
    },
    "946001": {
        "propType": "FIGHT_PROP_HP_PERCENT",
        "propValue": 0.0932
    },
    "946002": {
        "propType": "FIGHT_PROP_ATTACK_PERCENT",
        "propValue": 0.0932
    },
    "946003": {
        "propType": "FIGHT_PROP_DEFENSE_PERCENT",
        "propValue": 0.1166
    },
    "946004": {
        "propType": "FIGHT_PROP_CRITICAL",
        "propValue": 0.0622
    },
    "946005": {
        "propType": "FIGHT_PROP_CHARGE_EFFICIENCY",
        "propValue": 0.1036
    },
    "946006": {
        "propType": "FIGHT_PROP_ELEMENT_MASTERY",
        "propValue": 37.3
    },
    "946007": {
        "propType": "FIGHT_PROP_CRITICAL_HURT",
        "propValue": 0.1243
    },
    "947001": {
        "propType": "FIGHT_PROP_HP_PERCENT",
        "propValue": 0.0396
    },
    "947002": {
        "propType": "FIGHT_PROP_ATTACK_PERCENT",
        "propValue": 0.0396
    },
    "947003": {
        "propType": "FIGHT_PROP_DEFENSE_PERCENT",
        "propValue": 0.0495
    },
    "947004": {
        "propType": "FIGHT_PROP_CRITICAL",
        "propValue": 0.0264
    },
    "947005": {
        "propType": "FIGHT_PROP_CHARGE_EFFICIENCY",
        "propValue": 0.044
    },
    "947006": {
        "propType": "FIGHT_PROP_ELEMENT_MASTERY",
        "propValue": 15.85
    },
    "947007": {
        "propType": "FIGHT_PROP_CRITICAL_HURT",
        "propValue": 0.0528
    },
    "947008": {
        "propType": "FIGHT_PROP_HP",
        "propValue": 203.15
    },
    "947009": {
        "propType": "FIGHT_PROP_ATTACK",
        "propValue": 13.23
    },
    "947010": {
        "propType": "FIGHT_PROP_DEFENSE",
        "propValue": 15.74
    },
    "951001": {
        "propType": "FIGHT_PROP_HP_PERCENT",
        "propValue": 0.1457
    },
    "951002": {
        "propType": "FIGHT_PROP_ATTACK_PERCENT",
        "propValue": 0.1457
    },
    "951003": {
        "propType": "FIGHT_PROP_DEFENSE_PERCENT",
        "propValue": 0.1821
    },
    "951004": {
        "propType": "FIGHT_PROP_CRITICAL",
        "propValue": 0.0971
    },
    "951005": {
        "propType": "FIGHT_PROP_CHARGE_EFFICIENCY",
        "propValue": 0.1619
    },
    "951006": {
        "propType": "FIGHT_PROP_ELEMENT_MASTERY",
        "propValue": 58.28
    },
    "951007": {
        "propType": "FIGHT_PROP_CRITICAL_HURT",
        "propValue": 0.1943
    },
    "952001": {
        "propType": "FIGHT_PROP_HP_PERCENT",
        "propValue": 0.1457
    },
    "952002": {
        "propType": "FIGHT_PROP_ATTACK_PERCENT",
        "propValue": 0.1457
    },
    "952003": {
        "propType": "FIGHT_PROP_DEFENSE_PERCENT",
        "propValue": 0.1821
    },
    "952004": {
        "propType": "FIGHT_PROP_CRITICAL",
        "propValue": 0.0971
    },
    "952005": {
        "propType": "FIGHT_PROP_CHARGE_EFFICIENCY",
        "propValue": 0.1619
    },
    "952006": {
        "propType": "FIGHT_PROP_ELEMENT_MASTERY",
        "propValue": 58.28
    },
    "952007": {
        "propType": "FIGHT_PROP_CRITICAL_HURT",
        "propValue": 0.1943
    },
    "953001": {
        "propType": "FIGHT_PROP_HP_PERCENT",
        "propValue": 0.1457
    },
    "953002": {
        "propType": "FIGHT_PROP_ATTACK_PERCENT",
        "propValue": 0.1457
    },
    "953003": {
        "propType": "FIGHT_PROP_DEFENSE_PERCENT",
        "propValue": 0.1821
    },
    "953004": {
        "propType": "FIGHT_PROP_CRITICAL",
        "propValue": 0.0971
    },
    "953005": {
        "propType": "FIGHT_PROP_CHARGE_EFFICIENCY",
        "propValue": 0.1619
    },
    "953006": {
        "propType": "FIGHT_PROP_ELEMENT_MASTERY",
        "propValue": 58.28
    },
    "953007": {
        "propType": "FIGHT_PROP_CRITICAL_HURT",
        "propValue": 0.1943
    },
    "956001": {
        "propType": "FIGHT_PROP_HP_PERCENT",
        "propValue": 0.1457
    },
    "956002": {
        "propType": "FIGHT_PROP_ATTACK_PERCENT",
        "propValue": 0.1457
    },
    "956003": {
        "propType": "FIGHT_PROP_DEFENSE_PERCENT",
        "propValue": 0.1821
    },
    "956004": {
        "propType": "FIGHT_PROP_CRITICAL",
        "propValue": 0.0971
    },
    "956005": {
        "propType": "FIGHT_PROP_CHARGE_EFFICIENCY",
        "propValue": 0.1619
    },
    "956006": {
        "propType": "FIGHT_PROP_ELEMENT_MASTERY",
        "propValue": 58.28
    },
    "956007": {
        "propType": "FIGHT_PROP_CRITICAL_HURT",
        "propValue": 0.1943
    },
    "961001": {
        "propType": "FIGHT_PROP_HP_PERCENT",
        "propValue": 0.1457
    },
    "961002": {
        "propType": "FIGHT_PROP_ATTACK_PERCENT",
        "propValue": 0.1457
    },
    "961003": {
        "propType": "FIGHT_PROP_DEFENSE_PERCENT",
        "propValue": 0.1821
    },
    "961004": {
        "propType": "FIGHT_PROP_CRITICAL",
        "propValue": 0.0971
    },
    "961005": {
        "propType": "FIGHT_PROP_CHARGE_EFFICIENCY",
        "propValue": 0.1619
    },
    "961006": {
        "propType": "FIGHT_PROP_ELEMENT_MASTERY",
        "propValue": 58.28
    },
    "961007": {
        "propType": "FIGHT_PROP_CRITICAL_HURT",
        "propValue": 0.1943
    },
    "961008": {
        "propType": "FIGHT_PROP_HP",
        "propValue": 746.88
    },
    "961009": {
        "propType": "FIGHT_PROP_ATTACK",
        "propValue": 48.63
    },
    "961010": {
        "propType": "FIGHT_PROP_DEFENSE",
        "propValue": 57.87
    },
    "962001": {
        "propType": "FIGHT_PROP_HP_PERCENT",
        "propValue": 0.1457
    },
    "962002": {
        "propType": "FIGHT_PROP_ATTACK_PERCENT",
        "propValue": 0.1457
    },
    "962003": {
        "propType": "FIGHT_PROP_DEFENSE_PERCENT",
        "propValue": 0.1821
    },
    "962004": {
        "propType": "FIGHT_PROP_CRITICAL",
        "propValue": 0.0971
    },
    "962005": {
        "propType": "FIGHT_PROP_CHARGE_EFFICIENCY",
        "propValue": 0.1619
    },
    "962006": {
        "propType": "FIGHT_PROP_ELEMENT_MASTERY",
        "propValue": 58.28
    },
    "962007": {
        "propType": "FIGHT_PROP_CRITICAL_HURT",
        "propValue": 0.1943
    },
    "962008": {
        "propType": "FIGHT_PROP_HP",
        "propValue": 746.88
    },
    "962009": {
        "propType": "FIGHT_PROP_ATTACK",
        "propValue": 48.63
    },
    "962010": {
        "propType": "FIGHT_PROP_DEFENSE",
        "propValue": 57.87
    },
    "963001": {
        "propType": "FIGHT_PROP_HP_PERCENT",
        "propValue": 0.1457
    },
    "963002": {
        "propType": "FIGHT_PROP_ATTACK_PERCENT",
        "propValue": 0.1457
    },
    "963003": {
        "propType": "FIGHT_PROP_DEFENSE_PERCENT",
        "propValue": 0.1821
    },
    "963004": {
        "propType": "FIGHT_PROP_CRITICAL",
        "propValue": 0.0971
    },
    "963005": {
        "propType": "FIGHT_PROP_CHARGE_EFFICIENCY",
        "propValue": 0.1619
    },
    "963006": {
        "propType": "FIGHT_PROP_ELEMENT_MASTERY",
        "propValue": 58.28
    },
    "963007": {
        "propType": "FIGHT_PROP_CRITICAL_HURT",
        "propValue": 0.1943
    },
    "963008": {
        "propType": "FIGHT_PROP_HP",
        "propValue": 746.88
    },
    "963009": {
        "propType": "FIGHT_PROP_ATTACK",
        "propValue": 48.63
    },
    "963010": {
        "propType": "FIGHT_PROP_DEFENSE",
        "propValue": 57.87
    },
    "964001": {
        "propType": "FIGHT_PROP_HP_PERCENT",
        "propValue": 0.1457
    },
    "964002": {
        "propType": "FIGHT_PROP_ATTACK_PERCENT",
        "propValue": 0.1457
    },
    "964003": {
        "propType": "FIGHT_PROP_DEFENSE_PERCENT",
        "propValue": 0.1821
    },
    "964004": {
        "propType": "FIGHT_PROP_CRITICAL",
        "propValue": 0.0971
    },
    "964005": {
        "propType": "FIGHT_PROP_CHARGE_EFFICIENCY",
        "propValue": 0.1619
    },
    "964006": {
        "propType": "FIGHT_PROP_ELEMENT_MASTERY",
        "propValue": 58.28
    },
    "964007": {
        "propType": "FIGHT_PROP_CRITICAL_HURT",
        "propValue": 0.1943
    },
    "964008": {
        "propType": "FIGHT_PROP_HP",
        "propValue": 746.88
    },
    "964009": {
        "propType": "FIGHT_PROP_ATTACK",
        "propValue": 48.63
    },
    "964010": {
        "propType": "FIGHT_PROP_DEFENSE",
        "propValue": 57.87
    },
    "965001": {
        "propType": "FIGHT_PROP_HP_PERCENT",
        "propValue": 0.1457
    },
    "965002": {
        "propType": "FIGHT_PROP_ATTACK_PERCENT",
        "propValue": 0.1457
    },
    "965003": {
        "propType": "FIGHT_PROP_DEFENSE_PERCENT",
        "propValue": 0.1821
    },
    "965004": {
        "propType": "FIGHT_PROP_CRITICAL",
        "propValue": 0.0971
    },
    "965005": {
        "propType": "FIGHT_PROP_CHARGE_EFFICIENCY",
        "propValue": 0.1619
    },
    "965006": {
        "propType": "FIGHT_PROP_ELEMENT_MASTERY",
        "propValue": 58.28
    },
    "965007": {
        "propType": "FIGHT_PROP_CRITICAL_HURT",
        "propValue": 0.1943
    },
    "965008": {
        "propType": "FIGHT_PROP_HP",
        "propValue": 746.88
    },
    "965009": {
        "propType": "FIGHT_PROP_ATTACK",
        "propValue": 48.63
    },
    "965010": {
        "propType": "FIGHT_PROP_DEFENSE",
        "propValue": 57.87
    },
    "966001": {
        "propType": "FIGHT_PROP_ELEMENT_MASTERY",
        "propValue": 300
    },
    "967001": {
        "propType": "FIGHT_PROP_CRITICAL",
        "propValue": 1
    },
    "968001": {
        "propType": "FIGHT_PROP_ELEMENT_MASTERY",
        "propValue": -300
    },
    "969001": {
        "propType": "FIGHT_PROP_DEFENSE",
        "propValue": -500
    },
    "970001": {
        "propType": "FIGHT_PROP_SUB_HURT",
        "propValue": 0.8
    },
    "971001": {
        "propType": "FIGHT_PROP_ADD_HURT",
        "propValue": 0.8
    },
    "972001": {
        "propType": "FIGHT_PROP_PHYSICAL_SUB_HURT",
        "propValue": 0.8
    },
    "973001": {
        "propType": "FIGHT_PROP_ICE_SUB_HURT",
        "propValue": 0.8
    },
    "974001": {
        "propType": "FIGHT_PROP_ROCK_SUB_HURT",
        "propValue": 0.8
    },
    "975001": {
        "propType": "FIGHT_PROP_WIND_SUB_HURT",
        "propValue": 0.8
    },
    "976001": {
        "propType": "FIGHT_PROP_GRASS_SUB_HURT",
        "propValue": 0.8
    },
    "977001": {
        "propType": "FIGHT_PROP_WATER_SUB_HURT",
        "propValue": 0.8
    },
    "978001": {
        "propType": "FIGHT_PROP_ELEC_SUB_HURT",
        "propValue": 0.8
    },
    "979001": {
        "propType": "FIGHT_PROP_FIRE_SUB_HURT",
        "propValue": 0.8
    },
    "980001": {
        "propType": "FIGHT_PROP_PHYSICAL_ADD_HURT",
        "propValue": 0.8
    },
    "981001": {
        "propType": "FIGHT_PROP_ICE_ADD_HURT",
        "propValue": 0.8
    },
    "982001": {
        "propType": "FIGHT_PROP_ROCK_ADD_HURT",
        "propValue": 0.8
    },
    "983001": {
        "propType": "FIGHT_PROP_WIND_ADD_HURT",
        "propValue": 0.8
    },
    "984001": {
        "propType": "FIGHT_PROP_GRASS_ADD_HURT",
        "propValue": 0.8
    },
    "985001": {
        "propType": "FIGHT_PROP_WATER_ADD_HURT",
        "propValue": 0.8
    },
    "986001": {
        "propType": "FIGHT_PROP_ELEC_ADD_HURT",
        "propValue": 0.8
    },
    "987001": {
        "propType": "FIGHT_PROP_FIRE_ADD_HURT",
        "propValue": 0.8
    },
    "988001": {
        "propType": "FIGHT_PROP_SPEED_PERCENT",
        "propValue": 0.3
    },
    "989001": {
        "propType": "FIGHT_PROP_SKILL_CD_MINUS_RATIO",
        "propValue": 0.5
    },
    "990001": {
        "propType": "FIGHT_PROP_HEALED_ADD",
        "propValue": 0.8
    },
    "991001": {
        "propType": "FIGHT_PROP_HEAL_ADD",
        "propValue": 0.8
    },
    "992001": {
        "propType": "FIGHT_PROP_SHIELD_COST_MINUS_RATIO",
        "propValue": 0.8
    },
    "993001": {
        "propType": "FIGHT_PROP_CRITICAL_HURT",
        "propValue": 0.8
    },
    "994001": {
        "propType": "FIGHT_PROP_CRITICAL",
        "propValue": 0.8
    },
    "995001": {
        "propType": "FIGHT_PROP_HP_PERCENT",
        "propValue": 0.1457
    },
    "995002": {
        "propType": "FIGHT_PROP_ATTACK_PERCENT",
        "propValue": 0.1457
    },
    "995003": {
        "propType": "FIGHT_PROP_DEFENSE_PERCENT",
        "propValue": 0.1821
    },
    "995004": {
        "propType": "FIGHT_PROP_CRITICAL",
        "propValue": 0.0971
    },
    "995005": {
        "propType": "FIGHT_PROP_CHARGE_EFFICIENCY",
        "propValue": 0.1619
    },
    "995006": {
        "propType": "FIGHT_PROP_ELEMENT_MASTERY",
        "propValue": 58.28
    },
    "995007": {
        "propType": "FIGHT_PROP_CRITICAL_HURT",
        "propValue": 0.1943
    },
    "996001": {
        "propType": "FIGHT_PROP_HP_PERCENT",
        "propValue": 0.0932
    },
    "996002": {
        "propType": "FIGHT_PROP_ATTACK_PERCENT",
        "propValue": 0.0932
    },
    "996003": {
        "propType": "FIGHT_PROP_DEFENSE_PERCENT",
        "propValue": 0.1166
    },
    "996004": {
        "propType": "FIGHT_PROP_CRITICAL",
        "propValue": 0.0622
    },
    "996005": {
        "propType": "FIGHT_PROP_CHARGE_EFFICIENCY",
        "propValue": 0.1036
    },
    "996006": {
        "propType": "FIGHT_PROP_ELEMENT_MASTERY",
        "propValue": 37.3
    },
    "996007": {
        "propType": "FIGHT_PROP_CRITICAL_HURT",
        "propValue": 0.1243
    },
    "996008": {
        "propType": "FIGHT_PROP_HP",
        "propValue": 478
    },
    "996009": {
        "propType": "FIGHT_PROP_ATTACK",
        "propValue": 31.12
    },
    "996010": {
        "propType": "FIGHT_PROP_DEFENSE",
        "propValue": 37.04
    },
    "997001": {
        "propType": "FIGHT_PROP_HP_PERCENT",
        "propValue": 0.0932
    },
    "997002": {
        "propType": "FIGHT_PROP_ATTACK_PERCENT",
        "propValue": 0.0932
    },
    "997003": {
        "propType": "FIGHT_PROP_DEFENSE_PERCENT",
        "propValue": 0.1166
    },
    "997004": {
        "propType": "FIGHT_PROP_CRITICAL",
        "propValue": 0.0622
    },
    "997005": {
        "propType": "FIGHT_PROP_CHARGE_EFFICIENCY",
        "propValue": 0.1036
    },
    "997006": {
        "propType": "FIGHT_PROP_ELEMENT_MASTERY",
        "propValue": 37.3
    },
    "997007": {
        "propType": "FIGHT_PROP_CRITICAL_HURT",
        "propValue": 0.1243
    },
    "998001": {
        "propType": "FIGHT_PROP_HP_PERCENT",
        "propValue": 0.1457
    },
    "998002": {
        "propType": "FIGHT_PROP_ATTACK_PERCENT",
        "propValue": 0.1457
    },
    "998003": {
        "propType": "FIGHT_PROP_DEFENSE_PERCENT",
        "propValue": 0.1821
    },
    "998004": {
        "propType": "FIGHT_PROP_CRITICAL",
        "propValue": 0.0971
    },
    "998005": {
        "propType": "FIGHT_PROP_CHARGE_EFFICIENCY",
        "propValue": 0.1619
    },
    "998006": {
        "propType": "FIGHT_PROP_ELEMENT_MASTERY",
        "propValue": 58.28
    },
    "998007": {
        "propType": "FIGHT_PROP_CRITICAL_HURT",
        "propValue": 0.1943
    },
    "999001": {
        "propType": "FIGHT_PROP_CRITICAL_HURT",
        "propValue": 3.5
    },
    "999002": {
        "propType": "FIGHT_PROP_CRITICAL",
        "propValue": 1
    },
    "999003": {
        "propType": "FIGHT_PROP_ATTACK",
        "propValue": 233333
    },
    "999004": {
        "propType": "FIGHT_PROP_DEFENSE",
        "propValue": 233333
    }
}
