{
    "21": {
        "nameTextMapHash": 3364696049,
        "icon": "UI_Talent_S_Ayaka_01"
    },
    "22": {
        "nameTextMapHash": 562006217,
        "icon": "UI_Talent_S_Ayaka_02"
    },
    "23": {
        "nameTextMapHash": 1186654377,
        "icon": "UI_Talent_U_Ayaka_02"
    },
    "24": {
        "nameTextMapHash": 2463454169,
        "icon": "UI_Talent_S_Ayaka_03"
    },
    "25": {
        "nameTextMapHash": 51561297,
        "icon": "UI_Talent_U_Ayaka_01"
    },
    "26": {
        "nameTextMapHash": 2587184913,
        "icon": "UI_Talent_S_Ayaka_04"
    },
    "31": {
        "nameTextMapHash": 2935753641,
        "icon": "UI_Talent_S_Qin_01"
    },
    "32": {
        "nameTextMapHash": 573725673,
        "icon": "UI_Talent_S_Qin_02"
    },
    "33": {
        "nameTextMapHash": 997607873,
        "icon": "UI_Talent_U_Qin_02"
    },
    "34": {
        "nameTextMapHash": 2887613457,
        "icon": "UI_Talent_S_Qin_03"
    },
    "35": {
        "nameTextMapHash": 2712156785,
        "icon": "UI_Talent_U_Qin_01"
    },
    "36": {
        "nameTextMapHash": 3167949041,
        "icon": "UI_Talent_S_Qin_04"
    },
    "41": {
        "nameTextMapHash": 12874089,
        "icon": "UI_Talent_S_Lisa_01"
    },
    "42": {
        "nameTextMapHash": 1523216321,
        "icon": "UI_Talent_S_Lisa_02"
    },
    "43": {
        "nameTextMapHash": 3707731441,
        "icon": "UI_Talent_U_Lisa_02"
    },
    "44": {
        "nameTextMapHash": 1540277121,
        "icon": "UI_Talent_S_Lisa_03"
    },
    "45": {
        "nameTextMapHash": 2256541273,
        "icon": "UI_Talent_U_Lisa_01"
    },
    "46": {
        "nameTextMapHash": 2935728161,
        "icon": "UI_Talent_S_Lisa_04"
    },
    "61": {
        "nameTextMapHash": 464807465,
        "icon": "UI_Talent_S_PlayerWater_01"
    },
    "62": {
        "nameTextMapHash": 2736315841,
        "icon": "UI_Talent_S_PlayerWater_02"
    },
    "63": {
        "nameTextMapHash": 3914394073,
        "icon": "UI_Talent_U_PlayerWater_01"
    },
    "64": {
        "nameTextMapHash": 663820225,
        "icon": "UI_Talent_S_PlayerWater_03"
    },
    "65": {
        "nameTextMapHash": 110055385,
        "icon": "UI_Talent_U_PlayerWater_02"
    },
    "66": {
        "nameTextMapHash": 4220874993,
        "icon": "UI_Talent_S_PlayerWater_04"
    },
    "71": {
        "nameTextMapHash": 1939010113,
        "icon": "UI_Talent_S_PlayerWind_01"
    },
    "72": {
        "nameTextMapHash": 202198665,
        "icon": "UI_Talent_S_PlayerWind_02"
    },
    "73": {
        "nameTextMapHash": 3296754769,
        "icon": "UI_Talent_U_PlayerWind_02"
    },
    "74": {
        "nameTextMapHash": 2963680761,
        "icon": "UI_Talent_S_PlayerWind_03"
    },
    "75": {
        "nameTextMapHash": 1400173321,
        "icon": "UI_Talent_U_PlayerWind_01"
    },
    "76": {
        "nameTextMapHash": 3558611633,
        "icon": "UI_Talent_S_PlayerWind_04"
    },
    "91": {
        "nameTextMapHash": 3120087313,
        "icon": "UI_Talent_S_PlayerRock_01"
    },
    "92": {
        "nameTextMapHash": 1377520009,
        "icon": "UI_Talent_S_PlayerRock_02"
    },
    "93": {
        "nameTextMapHash": 622533617,
        "icon": "UI_Talent_U_PlayerRock_02"
    },
    "94": {
        "nameTextMapHash": 161259209,
        "icon": "UI_Talent_S_PlayerRock_03"
    },
    "95": {
        "nameTextMapHash": 4177873769,
        "icon": "UI_Talent_U_PlayerRock_01"
    },
    "96": {
        "nameTextMapHash": 4065853553,
        "icon": "UI_Talent_S_PlayerRock_04"
    },
    "101": {
        "nameTextMapHash": 712206481,
        "icon": "UI_Talent_S_PlayerElectric_01"
    },
    "102": {
        "nameTextMapHash": 23741097,
        "icon": "UI_Talent_S_PlayerElectric_02"
    },
    "103": {
        "nameTextMapHash": 3477728697,
        "icon": "UI_Talent_U_PlayerElectric_01"
    },
    "104": {
        "nameTextMapHash": 2462745745,
        "icon": "UI_Talent_S_PlayerElectric_03"
    },
    "105": {
        "nameTextMapHash": 2241540777,
        "icon": "UI_Talent_U_PlayerElectric_02"
    },
    "106": {
        "nameTextMapHash": 1885207465,
        "icon": "UI_Talent_S_PlayerElectric_04"
    },
    "111": {
        "nameTextMapHash": 1600504857,
        "icon": "UI_Talent_S_PlayerGrass_01"
    },
    "112": {
        "nameTextMapHash": 3553177833,
        "icon": "UI_Talent_S_PlayerGrass_02"
    },
    "113": {
        "nameTextMapHash": 2493239665,
        "icon": "UI_Talent_S_PlayerGrass_03"
    },
    "114": {
        "nameTextMapHash": 997796193,
        "icon": "UI_Talent_S_PlayerGrass_04"
    },
    "115": {
        "nameTextMapHash": 2090706953,
        "icon": "UI_Talent_S_PlayerGrass_05"
    },
    "116": {
        "nameTextMapHash": 712474025,
        "icon": "UI_Talent_S_PlayerGrass_06"
    },
    "141": {
        "nameTextMapHash": 696499609,
        "icon": "UI_Talent_S_Barbara_01"
    },
    "142": {
        "nameTextMapHash": 3458095841,
        "icon": "UI_Talent_S_Barbara_02"
    },
    "143": {
        "nameTextMapHash": 929991257,
        "icon": "UI_Talent_U_Barbara_02"
    },
    "144": {
        "nameTextMapHash": 2093148473,
        "icon": "UI_Talent_S_Barbara_03"
    },
    "145": {
        "nameTextMapHash": 3139814905,
        "icon": "UI_Talent_U_Barbara_01"
    },
    "146": {
        "nameTextMapHash": 2183173281,
        "icon": "UI_Talent_S_Barbara_04"
    },
    "151": {
        "nameTextMapHash": 1478938545,
        "icon": "UI_Talent_S_Kaeya_01"
    },
    "152": {
        "nameTextMapHash": 1425365945,
        "icon": "UI_Talent_S_Kaeya_02"
    },
    "153": {
        "nameTextMapHash": 1397996209,
        "icon": "UI_Talent_U_Kaeya_01"
    },
    "154": {
        "nameTextMapHash": 1595754497,
        "icon": "UI_Talent_S_Kaeya_03"
    },
    "155": {
        "nameTextMapHash": 1102683585,
        "icon": "UI_Talent_U_Kaeya_02"
    },
    "156": {
        "nameTextMapHash": 2310553705,
        "icon": "UI_Talent_S_Kaeya_04"
    },
    "161": {
        "nameTextMapHash": 1050836105,
        "icon": "UI_Talent_S_Diluc_01"
    },
    "162": {
        "nameTextMapHash": 610672953,
        "icon": "UI_Talent_S_Diluc_02"
    },
    "163": {
        "nameTextMapHash": 4084228505,
        "icon": "UI_Talent_U_Diluc_01"
    },
    "164": {
        "nameTextMapHash": 1732979729,
        "icon": "UI_Talent_S_Diluc_03"
    },
    "165": {
        "nameTextMapHash": 2293832361,
        "icon": "UI_Talent_U_Diluc_02"
    },
    "166": {
        "nameTextMapHash": 4215692089,
        "icon": "UI_Talent_S_Diluc_04"
    },
    "201": {
        "nameTextMapHash": 456119193,
        "icon": "UI_Talent_S_Razor_01"
    },
    "202": {
        "nameTextMapHash": 3370625609,
        "icon": "UI_Talent_S_Razor_02"
    },
    "203": {
        "nameTextMapHash": 3366391689,
        "icon": "UI_Talent_U_Razor_02"
    },
    "204": {
        "nameTextMapHash": 770839401,
        "icon": "UI_Talent_S_Razor_03"
    },
    "205": {
        "nameTextMapHash": 1781683177,
        "icon": "UI_Talent_U_Razor_01"
    },
    "206": {
        "nameTextMapHash": 4050704465,
        "icon": "UI_Talent_S_Razor_04"
    },
    "211": {
        "nameTextMapHash": 1803598873,
        "icon": "UI_Talent_S_Ambor_01"
    },
    "212": {
        "nameTextMapHash": 2183507145,
        "icon": "UI_Talent_S_Ambor_02"
    },
    "213": {
        "nameTextMapHash": 1196596641,
        "icon": "UI_Talent_U_Ambor_02"
    },
    "214": {
        "nameTextMapHash": 2969048825,
        "icon": "UI_Talent_S_Ambor_03"
    },
    "215": {
        "nameTextMapHash": 1752633193,
        "icon": "UI_Talent_U_Ambor_01"
    },
    "216": {
        "nameTextMapHash": 1429105737,
        "icon": "UI_Talent_S_Ambor_04"
    },
    "221": {
        "nameTextMapHash": 2201097153,
        "icon": "UI_Talent_S_Venti_01"
    },
    "222": {
        "nameTextMapHash": 509053297,
        "icon": "UI_Talent_S_Venti_02"
    },
    "223": {
        "nameTextMapHash": 1436400889,
        "icon": "UI_Talent_U_Venti_02"
    },
    "224": {
        "nameTextMapHash": 2667025441,
        "icon": "UI_Talent_S_Venti_03"
    },
    "225": {
        "nameTextMapHash": 3652037273,
        "icon": "UI_Talent_U_Venti_01"
    },
    "226": {
        "nameTextMapHash": 544150889,
        "icon": "UI_Talent_S_Venti_04"
    },
    "231": {
        "nameTextMapHash": 1194445449,
        "icon": "UI_Talent_S_Xiangling_01"
    },
    "232": {
        "nameTextMapHash": 1745094577,
        "icon": "UI_Talent_S_Xiangling_02"
    },
    "233": {
        "nameTextMapHash": 2414003921,
        "icon": "UI_Talent_U_Xiangling_02"
    },
    "234": {
        "nameTextMapHash": 2365969361,
        "icon": "UI_Talent_S_Xiangling_03"
    },
    "235": {
        "nameTextMapHash": 4257441793,
        "icon": "UI_Talent_U_Xiangling_01"
    },
    "236": {
        "nameTextMapHash": 2739862033,
        "icon": "UI_Talent_S_Xiangling_04"
    },
    "241": {
        "nameTextMapHash": 1598246073,
        "icon": "UI_Talent_S_Beidou_02"
    },
    "242": {
        "nameTextMapHash": 2620399769,
        "icon": "UI_Talent_S_Beidou_01"
    },
    "243": {
        "nameTextMapHash": 2741836993,
        "icon": "UI_Talent_U_Beidou_01"
    },
    "244": {
        "nameTextMapHash": 1523101409,
        "icon": "UI_Talent_S_Beidou_03"
    },
    "245": {
        "nameTextMapHash": 2181637521,
        "icon": "UI_Talent_U_Beidou_02"
    },
    "246": {
        "nameTextMapHash": 688452449,
        "icon": "UI_Talent_S_Beidou_04"
    },
    "251": {
        "nameTextMapHash": 792197377,
        "icon": "UI_Talent_S_Xingqiu_01"
    },
    "252": {
        "nameTextMapHash": 4158193737,
        "icon": "UI_Talent_S_Xingqiu_02"
    },
    "253": {
        "nameTextMapHash": 3515928625,
        "icon": "UI_Talent_U_Xingqiu_01"
    },
    "254": {
        "nameTextMapHash": 3998346513,
        "icon": "UI_Talent_S_Xingqiu_03"
    },
    "255": {
        "nameTextMapHash": 2024007257,
        "icon": "UI_Talent_U_Xingqiu_02"
    },
    "256": {
        "nameTextMapHash": 4055521313,
        "icon": "UI_Talent_S_Xingqiu_04"
    },
    "261": {
        "nameTextMapHash": 3656758641,
        "icon": "UI_Talent_S_Xiao_01"
    },
    "262": {
        "nameTextMapHash": 1959296641,
        "icon": "UI_Talent_S_Xiao_02"
    },
    "263": {
        "nameTextMapHash": 2385509657,
        "icon": "UI_Talent_U_Xiao_01"
    },
    "264": {
        "nameTextMapHash": 3724086753,
        "icon": "UI_Talent_S_Xiao_03"
    },
    "265": {
        "nameTextMapHash": 4032000625,
        "icon": "UI_Talent_U_Xiao_02"
    },
    "266": {
        "nameTextMapHash": 998328113,
        "icon": "UI_Talent_S_Xiao_04"
    },
    "271": {
        "nameTextMapHash": 2798083633,
        "icon": "UI_Talent_S_Ningguang_01"
    },
    "272": {
        "nameTextMapHash": 3383823929,
        "icon": "UI_Talent_S_Ningguang_05"
    },
    "273": {
        "nameTextMapHash": 2150334649,
        "icon": "UI_Talent_U_Ningguang_02"
    },
    "274": {
        "nameTextMapHash": 900430793,
        "icon": "UI_Talent_S_Ningguang_03"
    },
    "275": {
        "nameTextMapHash": 276636521,
        "icon": "UI_Talent_U_Ningguang_01"
    },
    "276": {
        "nameTextMapHash": 637125593,
        "icon": "UI_Talent_S_Ningguang_04"
    },
    "291": {
        "nameTextMapHash": 600240137,
        "icon": "UI_Talent_S_Klee_01"
    },
    "292": {
        "nameTextMapHash": 328772169,
        "icon": "UI_Talent_S_Klee_02"
    },
    "293": {
        "nameTextMapHash": 1369435161,
        "icon": "UI_Talent_U_Klee_01"
    },
    "294": {
        "nameTextMapHash": 1327047857,
        "icon": "UI_Talent_S_Klee_03"
    },
    "295": {
        "nameTextMapHash": 3317796233,
        "icon": "UI_Talent_U_Klee_02"
    },
    "296": {
        "nameTextMapHash": 1554210529,
        "icon": "UI_Talent_S_Klee_04"
    },
    "301": {
        "nameTextMapHash": 3111572937,
        "icon": "UI_Talent_S_Zhongli_01"
    },
    "302": {
        "nameTextMapHash": 519733529,
        "icon": "UI_Talent_S_Zhongli_02"
    },
    "303": {
        "nameTextMapHash": 1427308897,
        "icon": "UI_Talent_U_Zhongli_01"
    },
    "304": {
        "nameTextMapHash": 583045657,
        "icon": "UI_Talent_S_Zhongli_03"
    },
    "305": {
        "nameTextMapHash": 3586646841,
        "icon": "UI_Talent_U_Zhongli_02"
    },
    "306": {
        "nameTextMapHash": 2555647321,
        "icon": "UI_Talent_S_Zhongli_04"
    },
    "311": {
        "nameTextMapHash": 5726609,
        "icon": "UI_Talent_S_Fischl_01"
    },
    "312": {
        "nameTextMapHash": 899523649,
        "icon": "UI_Talent_S_Fischl_02"
    },
    "313": {
        "nameTextMapHash": 1999125225,
        "icon": "UI_Talent_U_Fischl_01"
    },
    "314": {
        "nameTextMapHash": 469910073,
        "icon": "UI_Talent_S_Fischl_03"
    },
    "315": {
        "nameTextMapHash": 3322353681,
        "icon": "UI_Talent_U_Fischl_02"
    },
    "316": {
        "nameTextMapHash": 2314026161,
        "icon": "UI_Talent_S_Fischl_04"
    },
    "321": {
        "nameTextMapHash": 804447537,
        "icon": "UI_Talent_S_Bennett_01"
    },
    "322": {
        "nameTextMapHash": 2431201553,
        "icon": "UI_Talent_S_Bennett_02"
    },
    "323": {
        "nameTextMapHash": 698148913,
        "icon": "UI_Talent_U_Bennett_01"
    },
    "324": {
        "nameTextMapHash": 3306938097,
        "icon": "UI_Talent_S_Bennett_03"
    },
    "325": {
        "nameTextMapHash": 2443947665,
        "icon": "UI_Talent_U_Bennett_02"
    },
    "326": {
        "nameTextMapHash": 3326774305,
        "icon": "UI_Talent_S_Bennett_04"
    },
    "331": {
        "nameTextMapHash": 1777276769,
        "icon": "UI_Talent_S_Tartaglia_01"
    },
    "332": {
        "nameTextMapHash": 3821979753,
        "icon": "UI_Talent_S_Tartaglia_02"
    },
    "333": {
        "nameTextMapHash": 1562607913,
        "icon": "UI_Talent_U_Tartaglia_01"
    },
    "334": {
        "nameTextMapHash": 3252659577,
        "icon": "UI_Talent_S_Tartaglia_05"
    },
    "335": {
        "nameTextMapHash": 1429851537,
        "icon": "UI_Talent_U_Tartaglia_02"
    },
    "336": {
        "nameTextMapHash": 1479737849,
        "icon": "UI_Talent_S_Tartaglia_04"
    },
    "341": {
        "nameTextMapHash": 3743570273,
        "icon": "UI_Talent_S_Noel_01"
    },
    "342": {
        "nameTextMapHash": 680992073,
        "icon": "UI_Talent_S_Noel_02"
    },
    "343": {
        "nameTextMapHash": 4141797449,
        "icon": "UI_Talent_U_Noel_01"
    },
    "344": {
        "nameTextMapHash": 50520097,
        "icon": "UI_Talent_S_Noel_03"
    },
    "345": {
        "nameTextMapHash": 976069081,
        "icon": "UI_Talent_U_Noel_02"
    },
    "346": {
        "nameTextMapHash": 79084353,
        "icon": "UI_Talent_S_Noel_04"
    },
    "351": {
        "nameTextMapHash": 3894833521,
        "icon": "UI_Talent_S_Qiqi_01"
    },
    "352": {
        "nameTextMapHash": 388179873,
        "icon": "UI_Talent_S_Qiqi_02"
    },
    "353": {
        "nameTextMapHash": 1454042537,
        "icon": "UI_Talent_U_Qiqi_01"
    },
    "354": {
        "nameTextMapHash": 3785958321,
        "icon": "UI_Talent_S_Qiqi_03"
    },
    "355": {
        "nameTextMapHash": 243639329,
        "icon": "UI_Talent_U_Qiqi_02"
    },
    "356": {
        "nameTextMapHash": 1456237985,
        "icon": "UI_Talent_S_Qiqi_04"
    },
    "361": {
        "nameTextMapHash": 1859111849,
        "icon": "UI_Talent_S_Chongyun_01"
    },
    "362": {
        "nameTextMapHash": 1016771721,
        "icon": "UI_Talent_S_Chongyun_02"
    },
    "363": {
        "nameTextMapHash": 294514897,
        "icon": "UI_Talent_U_Chongyun_01"
    },
    "364": {
        "nameTextMapHash": 1282888193,
        "icon": "UI_Talent_S_Chongyun_03"
    },
    "365": {
        "nameTextMapHash": 1493556457,
        "icon": "UI_Talent_U_Chongyun_02"
    },
    "366": {
        "nameTextMapHash": 3391919345,
        "icon": "UI_Talent_S_Chongyun_04"
    },
    "371": {
        "nameTextMapHash": 2361723385,
        "icon": "UI_Talent_S_Ganyu_01"
    },
    "372": {
        "nameTextMapHash": 1383329801,
        "icon": "UI_Talent_S_Ganyu_02"
    },
    "373": {
        "nameTextMapHash": 3222345473,
        "icon": "UI_Talent_U_Ganyu_01"
    },
    "374": {
        "nameTextMapHash": 3290499593,
        "icon": "UI_Talent_S_Ganyu_03"
    },
    "375": {
        "nameTextMapHash": 1752707929,
        "icon": "UI_Talent_U_Ganyu_02"
    },
    "376": {
        "nameTextMapHash": 37217545,
        "icon": "UI_Talent_S_Ganyu_04"
    },
    "381": {
        "nameTextMapHash": 4171208737,
        "icon": "UI_Talent_S_Albedo_01"
    },
    "382": {
        "nameTextMapHash": 151370681,
        "icon": "UI_Talent_S_Albedo_02"
    },
    "383": {
        "nameTextMapHash": 625211161,
        "icon": "UI_Talent_U_Albedo_01"
    },
    "384": {
        "nameTextMapHash": 1728244745,
        "icon": "UI_Talent_S_Albedo_03"
    },
    "385": {
        "nameTextMapHash": 3896567129,
        "icon": "UI_Talent_U_Albedo_02"
    },
    "386": {
        "nameTextMapHash": 3605875457,
        "icon": "UI_Talent_S_Albedo_04"
    },
    "391": {
        "nameTextMapHash": 2653503505,
        "icon": "UI_Talent_S_Diona_01"
    },
    "392": {
        "nameTextMapHash": 3233494081,
        "icon": "UI_Talent_S_Diona_02"
    },
    "393": {
        "nameTextMapHash": 1153113417,
        "icon": "UI_Talent_U_Diona_01"
    },
    "394": {
        "nameTextMapHash": 389925129,
        "icon": "UI_Talent_S_Diona_03"
    },
    "395": {
        "nameTextMapHash": 2582391273,
        "icon": "UI_Talent_U_Diona_02"
    },
    "396": {
        "nameTextMapHash": 3637405321,
        "icon": "UI_Talent_S_Diona_04"
    },
    "411": {
        "nameTextMapHash": 3262519193,
        "icon": "UI_Talent_S_Mona_01"
    },
    "412": {
        "nameTextMapHash": 3030801713,
        "icon": "UI_Talent_S_Mona_02"
    },
    "413": {
        "nameTextMapHash": 3782923609,
        "icon": "UI_Talent_U_Mona_01"
    },
    "414": {
        "nameTextMapHash": 488631345,
        "icon": "UI_Talent_S_Mona_03"
    },
    "415": {
        "nameTextMapHash": 496658001,
        "icon": "UI_Talent_U_Mona_02"
    },
    "416": {
        "nameTextMapHash": 300946497,
        "icon": "UI_Talent_S_Mona_04"
    },
    "421": {
        "nameTextMapHash": 3733936569,
        "icon": "UI_Talent_S_Keqing_01"
    },
    "422": {
        "nameTextMapHash": 1003272937,
        "icon": "UI_Talent_S_Keqing_02"
    },
    "423": {
        "nameTextMapHash": 1005679025,
        "icon": "UI_Talent_U_Keqing_01"
    },
    "424": {
        "nameTextMapHash": 2598965033,
        "icon": "UI_Talent_S_Keqing_03"
    },
    "425": {
        "nameTextMapHash": 1939891865,
        "icon": "UI_Talent_U_Keqing_02"
    },
    "426": {
        "nameTextMapHash": 547902305,
        "icon": "UI_Talent_S_Keqing_04"
    },
    "431": {
        "nameTextMapHash": 1387979801,
        "icon": "UI_Talent_S_Sucrose_01"
    },
    "432": {
        "nameTextMapHash": 412718689,
        "icon": "UI_Talent_S_Sucrose_02"
    },
    "433": {
        "nameTextMapHash": 3504453161,
        "icon": "UI_Talent_U_Sucrose_01"
    },
    "434": {
        "nameTextMapHash": 2203237409,
        "icon": "UI_Talent_S_Sucrose_03"
    },
    "435": {
        "nameTextMapHash": 1605290329,
        "icon": "UI_Talent_U_Sucrose_02"
    },
    "436": {
        "nameTextMapHash": 344305449,
        "icon": "UI_Talent_S_Sucrose_04"
    },
    "441": {
        "nameTextMapHash": 3068951001,
        "icon": "UI_Talent_S_Xinyan_01"
    },
    "442": {
        "nameTextMapHash": 2247567929,
        "icon": "UI_Talent_S_Xinyan_02"
    },
    "443": {
        "nameTextMapHash": 3545262929,
        "icon": "UI_Talent_U_Xinyan_01"
    },
    "444": {
        "nameTextMapHash": 3472180281,
        "icon": "UI_Talent_S_Xinyan_03"
    },
    "445": {
        "nameTextMapHash": 3343552585,
        "icon": "UI_Talent_U_Xinyan_02"
    },
    "446": {
        "nameTextMapHash": 2632855681,
        "icon": "UI_Talent_S_Xinyan_04"
    },
    "451": {
        "nameTextMapHash": 1747862233,
        "icon": "UI_Talent_S_Rosaria_01"
    },
    "452": {
        "nameTextMapHash": 3870318265,
        "icon": "UI_Talent_S_Rosaria_02"
    },
    "453": {
        "nameTextMapHash": 3057954913,
        "icon": "UI_Talent_U_Rosaria_01"
    },
    "454": {
        "nameTextMapHash": 1072343465,
        "icon": "UI_Talent_S_Rosaria_03"
    },
    "455": {
        "nameTextMapHash": 1802655737,
        "icon": "UI_Talent_U_Rosaria_02"
    },
    "456": {
        "nameTextMapHash": 3739872265,
        "icon": "UI_Talent_S_Rosaria_04"
    },
    "461": {
        "nameTextMapHash": 2081199193,
        "icon": "UI_Talent_S_Hutao_03"
    },
    "462": {
        "nameTextMapHash": 1768747369,
        "icon": "UI_Talent_S_Hutao_01"
    },
    "463": {
        "nameTextMapHash": 3111083697,
        "icon": "UI_Talent_U_Hutao_01"
    },
    "464": {
        "nameTextMapHash": 4276933609,
        "icon": "UI_Talent_S_Hutao_02"
    },
    "465": {
        "nameTextMapHash": 658527361,
        "icon": "UI_Talent_U_Hutao_02"
    },
    "466": {
        "nameTextMapHash": 2361886209,
        "icon": "UI_Talent_S_Hutao_04"
    },
    "471": {
        "nameTextMapHash": 2040563073,
        "icon": "UI_Talent_S_Kazuha_01"
    },
    "472": {
        "nameTextMapHash": 7765353,
        "icon": "UI_Talent_S_Kazuha_02"
    },
    "473": {
        "nameTextMapHash": 2202533753,
        "icon": "UI_Talent_U_Kazuha_01"
    },
    "474": {
        "nameTextMapHash": 2888381665,
        "icon": "UI_Talent_S_Kazuha_03"
    },
    "475": {
        "nameTextMapHash": 4207271041,
        "icon": "UI_Talent_U_Kazuha_02"
    },
    "476": {
        "nameTextMapHash": 234189249,
        "icon": "UI_Talent_S_Kazuha_04"
    },
    "481": {
        "nameTextMapHash": 690499809,
        "icon": "UI_Talent_S_Feiyan_01"
    },
    "482": {
        "nameTextMapHash": 886053825,
        "icon": "UI_Talent_S_Feiyan_02"
    },
    "483": {
        "nameTextMapHash": 168010785,
        "icon": "UI_Talent_U_Feiyan_01"
    },
    "484": {
        "nameTextMapHash": 2878639121,
        "icon": "UI_Talent_S_Feiyan_03"
    },
    "485": {
        "nameTextMapHash": 3698266505,
        "icon": "UI_Talent_U_Feiyan_02"
    },
    "486": {
        "nameTextMapHash": 3677492353,
        "icon": "UI_Talent_S_Feiyan_04"
    },
    "491": {
        "nameTextMapHash": 106208137,
        "icon": "UI_Talent_S_Yoimiya_01"
    },
    "492": {
        "nameTextMapHash": 3836801473,
        "icon": "UI_Talent_S_Yoimiya_02"
    },
    "493": {
        "nameTextMapHash": 3467544337,
        "icon": "UI_Talent_U_Yoimiya_01"
    },
    "494": {
        "nameTextMapHash": 2352994657,
        "icon": "UI_Talent_S_Yoimiya_03"
    },
    "495": {
        "nameTextMapHash": 3785597649,
        "icon": "UI_Talent_U_Yoimiya_02"
    },
    "496": {
        "nameTextMapHash": 3248653433,
        "icon": "UI_Talent_S_Yoimiya_04"
    },
    "501": {
        "nameTextMapHash": 288006665,
        "icon": "UI_Talent_S_Tohma_01"
    },
    "502": {
        "nameTextMapHash": 4132403369,
        "icon": "UI_Talent_S_Tohma_02"
    },
    "503": {
        "nameTextMapHash": 2578792073,
        "icon": "UI_Talent_U_Tohma_01"
    },
    "504": {
        "nameTextMapHash": 1754888249,
        "icon": "UI_Talent_S_Tohma_03"
    },
    "505": {
        "nameTextMapHash": 3609710361,
        "icon": "UI_Talent_U_Tohma_02"
    },
    "506": {
        "nameTextMapHash": 297689921,
        "icon": "UI_Talent_S_Tohma_04"
    },
    "511": {
        "nameTextMapHash": 1401913601,
        "icon": "UI_Talent_S_Eula_02"
    },
    "512": {
        "nameTextMapHash": 4116602505,
        "icon": "UI_Talent_S_Eula_01"
    },
    "513": {
        "nameTextMapHash": 4017023737,
        "icon": "UI_Talent_U_Eula_01"
    },
    "514": {
        "nameTextMapHash": 260126841,
        "icon": "UI_Talent_S_Eula_03"
    },
    "515": {
        "nameTextMapHash": 3295716345,
        "icon": "UI_Talent_U_Eula_02"
    },
    "516": {
        "nameTextMapHash": 1963500825,
        "icon": "UI_Talent_S_Eula_04"
    },
    "521": {
        "nameTextMapHash": 1241899985,
        "icon": "UI_Talent_S_Shougun_01"
    },
    "522": {
        "nameTextMapHash": 2594998721,
        "icon": "UI_Talent_S_Shougun_03"
    },
    "523": {
        "nameTextMapHash": 250956849,
        "icon": "UI_Talent_U_Shougun_02"
    },
    "524": {
        "nameTextMapHash": 1996396257,
        "icon": "UI_Talent_S_Shougun_02"
    },
    "525": {
        "nameTextMapHash": 361792665,
        "icon": "UI_Talent_U_Shougun_01"
    },
    "526": {
        "nameTextMapHash": 1600914409,
        "icon": "UI_Talent_S_Shougun_04"
    },
    "531": {
        "nameTextMapHash": 1959569841,
        "icon": "UI_Talent_S_Sayu_01"
    },
    "532": {
        "nameTextMapHash": 2759348737,
        "icon": "UI_Talent_S_Sayu_02"
    },
    "533": {
        "nameTextMapHash": 1035025377,
        "icon": "UI_Talent_U_Sayu_02"
    },
    "534": {
        "nameTextMapHash": 3582154129,
        "icon": "UI_Talent_S_Sayu_03"
    },
    "535": {
        "nameTextMapHash": 4066463977,
        "icon": "UI_Talent_U_Sayu_01"
    },
    "536": {
        "nameTextMapHash": 3913839841,
        "icon": "UI_Talent_S_Sayu_04"
    },
    "541": {
        "nameTextMapHash": 693089601,
        "icon": "UI_Talent_S_Kokomi_01"
    },
    "542": {
        "nameTextMapHash": 3826006561,
        "icon": "UI_Talent_S_Kokomi_02"
    },
    "543": {
        "nameTextMapHash": 2416690001,
        "icon": "UI_Talent_U_Kokomi_02"
    },
    "544": {
        "nameTextMapHash": 1493731113,
        "icon": "UI_Talent_S_Kokomi_03"
    },
    "545": {
        "nameTextMapHash": 2584265937,
        "icon": "UI_Talent_U_Kokomi_01"
    },
    "546": {
        "nameTextMapHash": 652576049,
        "icon": "UI_Talent_S_Kokomi_04"
    },
    "551": {
        "nameTextMapHash": 674796161,
        "icon": "UI_Talent_S_Gorou_01"
    },
    "552": {
        "nameTextMapHash": 879885745,
        "icon": "UI_Talent_S_Gorou_02"
    },
    "553": {
        "nameTextMapHash": 1718191057,
        "icon": "UI_Talent_U_Gorou_01"
    },
    "554": {
        "nameTextMapHash": 3990139889,
        "icon": "UI_Talent_S_Gorou_03"
    },
    "555": {
        "nameTextMapHash": 1205827537,
        "icon": "UI_Talent_U_Gorou_02"
    },
    "556": {
        "nameTextMapHash": 3335516265,
        "icon": "UI_Talent_S_Gorou_04"
    },
    "561": {
        "nameTextMapHash": 2730852953,
        "icon": "UI_Talent_S_Sara_05"
    },
    "562": {
        "nameTextMapHash": 828426713,
        "icon": "UI_Talent_S_Sara_02"
    },
    "563": {
        "nameTextMapHash": 847916265,
        "icon": "UI_Talent_U_Sara_02"
    },
    "564": {
        "nameTextMapHash": 4283074321,
        "icon": "UI_Talent_S_Sara_03"
    },
    "565": {
        "nameTextMapHash": 747301089,
        "icon": "UI_Talent_U_Sara_01"
    },
    "566": {
        "nameTextMapHash": 165492609,
        "icon": "UI_Talent_S_Sara_04"
    },
    "571": {
        "nameTextMapHash": 1236864529,
        "icon": "UI_Talent_S_Itto_01"
    },
    "572": {
        "nameTextMapHash": 2007985425,
        "icon": "UI_Talent_S_Itto_02"
    },
    "573": {
        "nameTextMapHash": 4058778385,
        "icon": "UI_Talent_U_Itto_01"
    },
    "574": {
        "nameTextMapHash": 351727225,
        "icon": "UI_Talent_S_Itto_03"
    },
    "575": {
        "nameTextMapHash": 2178273601,
        "icon": "UI_Talent_U_Itto_02"
    },
    "576": {
        "nameTextMapHash": 2138862273,
        "icon": "UI_Talent_S_Itto_04"
    },
    "581": {
        "nameTextMapHash": 2281393129,
        "icon": "UI_Talent_S_Yae_01"
    },
    "582": {
        "nameTextMapHash": 2254983737,
        "icon": "UI_Talent_S_Yae_02"
    },
    "583": {
        "nameTextMapHash": 516586793,
        "icon": "UI_Talent_U_Yae_01"
    },
    "584": {
        "nameTextMapHash": 1524489289,
        "icon": "UI_Talent_S_Yae_03"
    },
    "585": {
        "nameTextMapHash": 3181299049,
        "icon": "UI_Talent_U_Yae_02"
    },
    "586": {
        "nameTextMapHash": 913339777,
        "icon": "UI_Talent_S_Yae_04"
    },
    "591": {
        "nameTextMapHash": 1159663785,
        "icon": "UI_Talent_S_Heizo_01"
    },
    "592": {
        "nameTextMapHash": 286623921,
        "icon": "UI_Talent_S_Heizo_02"
    },
    "593": {
        "nameTextMapHash": 2470569577,
        "icon": "UI_Talent_U_Heizo_01"
    },
    "594": {
        "nameTextMapHash": 501887121,
        "icon": "UI_Talent_S_Heizo_03"
    },
    "595": {
        "nameTextMapHash": 298040329,
        "icon": "UI_Talent_U_Heizo_02"
    },
    "596": {
        "nameTextMapHash": 2921909753,
        "icon": "UI_Talent_S_Heizo_04"
    },
    "601": {
        "nameTextMapHash": 748294089,
        "icon": "UI_Talent_S_Yelan_01"
    },
    "602": {
        "nameTextMapHash": 1030894625,
        "icon": "UI_Talent_S_Yelan_02"
    },
    "603": {
        "nameTextMapHash": 2703450625,
        "icon": "UI_Talent_U_Yelan_01"
    },
    "604": {
        "nameTextMapHash": 2029790617,
        "icon": "UI_Talent_S_Yelan_03"
    },
    "605": {
        "nameTextMapHash": 2362082321,
        "icon": "UI_Talent_U_Yelan_02"
    },
    "606": {
        "nameTextMapHash": 1272265729,
        "icon": "UI_Talent_S_Yelan_04"
    },
    "611": {
        "nameTextMapHash": 3502158873,
        "icon": "UI_Talent_S_Momoka_01"
    },
    "612": {
        "nameTextMapHash": 3954516065,
        "icon": "UI_Talent_S_Momoka_02"
    },
    "613": {
        "nameTextMapHash": 3397892401,
        "icon": "UI_Talent_U_Momoka_01"
    },
    "614": {
        "nameTextMapHash": 3551684865,
        "icon": "UI_Talent_S_Momoka_04"
    },
    "615": {
        "nameTextMapHash": 34942769,
        "icon": "UI_Talent_U_Momoka_02"
    },
    "616": {
        "nameTextMapHash": 2439940993,
        "icon": "UI_Talent_S_Momoka_03"
    },
    "621": {
        "nameTextMapHash": 1426348289,
        "icon": "UI_Talent_S_Aloy_Lock"
    },
    "622": {
        "nameTextMapHash": 3468411401,
        "icon": "UI_Talent_S_Aloy_Lock"
    },
    "623": {
        "nameTextMapHash": 2621661209,
        "icon": "UI_Talent_S_Aloy_Lock"
    },
    "624": {
        "nameTextMapHash": 890048705,
        "icon": "UI_Talent_S_Aloy_Lock"
    },
    "625": {
        "nameTextMapHash": 2013072401,
        "icon": "UI_Talent_S_Aloy_Lock"
    },
    "626": {
        "nameTextMapHash": 3578739209,
        "icon": "UI_Talent_S_Aloy_Lock"
    },
    "631": {
        "nameTextMapHash": 4149849577,
        "icon": "UI_Talent_S_Shenhe_02"
    },
    "632": {
        "nameTextMapHash": 865989105,
        "icon": "UI_Talent_S_Shenhe_01"
    },
    "633": {
        "nameTextMapHash": 1441248001,
        "icon": "UI_Talent_U_Shenhe_01"
    },
    "634": {
        "nameTextMapHash": 2316341393,
        "icon": "UI_Talent_S_Shenhe_03"
    },
    "635": {
        "nameTextMapHash": 2221287353,
        "icon": "UI_Talent_U_Shenhe_02"
    },
    "636": {
        "nameTextMapHash": 1596851281,
        "icon": "UI_Talent_S_Shenhe_04"
    },
    "641": {
        "nameTextMapHash": 3266663729,
        "icon": "UI_Talent_S_Yunjin_01"
    },
    "642": {
        "nameTextMapHash": 3949157249,
        "icon": "UI_Talent_S_Yunjin_02"
    },
    "643": {
        "nameTextMapHash": 3536888569,
        "icon": "UI_Talent_U_Yunjin_01"
    },
    "644": {
        "nameTextMapHash": 2785617601,
        "icon": "UI_Talent_S_Yunjin_03"
    },
    "645": {
        "nameTextMapHash": 1985942201,
        "icon": "UI_Talent_U_Yunjin_02"
    },
    "646": {
        "nameTextMapHash": 2696040833,
        "icon": "UI_Talent_S_Yunjin_04"
    },
    "651": {
        "nameTextMapHash": 3845919769,
        "icon": "UI_Talent_S_Shinobu_01"
    },
    "652": {
        "nameTextMapHash": 1476645953,
        "icon": "UI_Talent_S_Shinobu_02"
    },
    "653": {
        "nameTextMapHash": 969784713,
        "icon": "UI_Talent_U_Shinobu_01"
    },
    "654": {
        "nameTextMapHash": 1870557153,
        "icon": "UI_Talent_S_Shinobu_03"
    },
    "655": {
        "nameTextMapHash": 2031120145,
        "icon": "UI_Talent_U_Shinobu_02"
    },
    "656": {
        "nameTextMapHash": 856483153,
        "icon": "UI_Talent_S_Shinobu_04"
    },
    "661": {
        "nameTextMapHash": 2715418569,
        "icon": "UI_Talent_S_Ayato_01"
    },
    "662": {
        "nameTextMapHash": 4259062785,
        "icon": "UI_Talent_S_Ayato_02"
    },
    "663": {
        "nameTextMapHash": 2402833929,
        "icon": "UI_Talent_U_Ayato_02"
    },
    "664": {
        "nameTextMapHash": 517644137,
        "icon": "UI_Talent_S_Ayato_03"
    },
    "665": {
        "nameTextMapHash": 993707681,
        "icon": "UI_Talent_U_Ayato_01"
    },
    "666": {
        "nameTextMapHash": 1168376425,
        "icon": "UI_Talent_S_Ayato_04"
    },
    "671": {
        "nameTextMapHash": 2655987137,
        "icon": "UI_Talent_S_Collei_01"
    },
    "672": {
        "nameTextMapHash": 3472492497,
        "icon": "UI_Talent_S_Collei_02"
    },
    "673": {
        "nameTextMapHash": 1426971073,
        "icon": "UI_Talent_U_Collei_02"
    },
    "674": {
        "nameTextMapHash": 3753636729,
        "icon": "UI_Talent_S_Collei_03"
    },
    "675": {
        "nameTextMapHash": 2500538945,
        "icon": "UI_Talent_U_Collei_01"
    },
    "676": {
        "nameTextMapHash": 1091837217,
        "icon": "UI_Talent_S_Collei_04"
    },
    "681": {
        "nameTextMapHash": 1156598585,
        "icon": "UI_Talent_S_Dori_01"
    },
    "682": {
        "nameTextMapHash": 3136137929,
        "icon": "UI_Talent_S_Dori_02"
    },
    "683": {
        "nameTextMapHash": 4285795529,
        "icon": "UI_Talent_U_Dori_02"
    },
    "684": {
        "nameTextMapHash": 3498425217,
        "icon": "UI_Talent_S_Dori_03"
    },
    "685": {
        "nameTextMapHash": 3715110481,
        "icon": "UI_Talent_U_Dori_01"
    },
    "686": {
        "nameTextMapHash": 1782869129,
        "icon": "UI_Talent_S_Dori_04"
    },
    "691": {
        "nameTextMapHash": 3505971089,
        "icon": "UI_Talent_S_Tighnari_01"
    },
    "692": {
        "nameTextMapHash": 2309081673,
        "icon": "UI_Talent_S_Tighnari_02"
    },
    "693": {
        "nameTextMapHash": 3708646913,
        "icon": "UI_Talent_U_Tighnari_01"
    },
    "694": {
        "nameTextMapHash": 376580577,
        "icon": "UI_Talent_S_Tighnari_03"
    },
    "695": {
        "nameTextMapHash": 3499024713,
        "icon": "UI_Talent_U_Tighnari_02"
    },
    "696": {
        "nameTextMapHash": 2750929897,
        "icon": "UI_Talent_S_Tighnari_04"
    },
    "701": {
        "nameTextMapHash": 3475888113,
        "icon": "UI_Talent_S_Nilou_01"
    },
    "702": {
        "nameTextMapHash": 318992601,
        "icon": "UI_Talent_S_Nilou_02"
    },
    "703": {
        "nameTextMapHash": 4083203921,
        "icon": "UI_Talent_U_Nilou_01"
    },
    "704": {
        "nameTextMapHash": 3019515057,
        "icon": "UI_Talent_S_Nilou_03"
    },
    "705": {
        "nameTextMapHash": 4211988457,
        "icon": "UI_Talent_U_Nilou_02"
    },
    "706": {
        "nameTextMapHash": 684061273,
        "icon": "UI_Talent_S_Nilou_04"
    },
    "711": {
        "nameTextMapHash": 748102489,
        "icon": "UI_Talent_S_Cyno_01"
    },
    "712": {
        "nameTextMapHash": 3035895129,
        "icon": "UI_Talent_S_Cyno_02"
    },
    "713": {
        "nameTextMapHash": 3680254705,
        "icon": "UI_Talent_U_Cyno_01"
    },
    "714": {
        "nameTextMapHash": 1630701449,
        "icon": "UI_Talent_S_Cyno_03"
    },
    "715": {
        "nameTextMapHash": 1368859857,
        "icon": "UI_Talent_U_Cyno_02"
    },
    "716": {
        "nameTextMapHash": 2479658985,
        "icon": "UI_Talent_S_Cyno_04"
    },
    "721": {
        "nameTextMapHash": 449508113,
        "icon": "UI_Talent_S_Candace_01"
    },
    "722": {
        "nameTextMapHash": 3442281625,
        "icon": "UI_Talent_S_Candace_02"
    },
    "723": {
        "nameTextMapHash": 3256412025,
        "icon": "UI_Talent_U_Candace_01"
    },
    "724": {
        "nameTextMapHash": 984253913,
        "icon": "UI_Talent_S_Candace_03"
    },
    "725": {
        "nameTextMapHash": 2382311049,
        "icon": "UI_Talent_U_Candace_02"
    },
    "726": {
        "nameTextMapHash": 955051961,
        "icon": "UI_Talent_S_Candace_04"
    },
    "731": {
        "nameTextMapHash": 552761193,
        "icon": "UI_Talent_S_Nahida_01"
    },
    "732": {
        "nameTextMapHash": 3200237953,
        "icon": "UI_Talent_S_Nahida_02"
    },
    "733": {
        "nameTextMapHash": 2629291377,
        "icon": "UI_Talent_U_Nahida_01"
    },
    "734": {
        "nameTextMapHash": 2649754961,
        "icon": "UI_Talent_S_Nahida_03"
    },
    "735": {
        "nameTextMapHash": 762504897,
        "icon": "UI_Talent_U_Nahida_02"
    },
    "736": {
        "nameTextMapHash": 2904102233,
        "icon": "UI_Talent_S_Nahida_04"
    },
    "741": {
        "nameTextMapHash": 624034681,
        "icon": "UI_Talent_S_Layla_01"
    },
    "742": {
        "nameTextMapHash": 1108627585,
        "icon": "UI_Talent_S_Layla_02"
    },
    "743": {
        "nameTextMapHash": 1578144217,
        "icon": "UI_Talent_U_Layla_01"
    },
    "744": {
        "nameTextMapHash": 886256817,
        "icon": "UI_Talent_S_Layla_03"
    },
    "745": {
        "nameTextMapHash": 1129381953,
        "icon": "UI_Talent_U_Layla_02"
    },
    "746": {
        "nameTextMapHash": 1961053441,
        "icon": "UI_Talent_S_Layla_04"
    },
    "751": {
        "nameTextMapHash": 868773065,
        "icon": "UI_Talent_S_Wanderer_01"
    },
    "752": {
        "nameTextMapHash": 2086697681,
        "icon": "UI_Talent_S_Wanderer_02"
    },
    "753": {
        "nameTextMapHash": 215651225,
        "icon": "UI_Talent_U_Wanderer_02"
    },
    "754": {
        "nameTextMapHash": 3961952345,
        "icon": "UI_Talent_S_Wanderer_03"
    },
    "755": {
        "nameTextMapHash": 1037858905,
        "icon": "UI_Talent_U_Wanderer_01"
    },
    "756": {
        "nameTextMapHash": 3600134161,
        "icon": "UI_Talent_S_Wanderer_04"
    },
    "761": {
        "nameTextMapHash": 2013089553,
        "icon": "UI_Talent_S_Faruzan_01"
    },
    "762": {
        "nameTextMapHash": 4140551721,
        "icon": "UI_Talent_S_Faruzan_02"
    },
    "763": {
        "nameTextMapHash": 1613893961,
        "icon": "UI_Talent_U_Faruzan_01"
    },
    "764": {
        "nameTextMapHash": 1099441465,
        "icon": "UI_Talent_S_Faruzan_03"
    },
    "765": {
        "nameTextMapHash": 2879411097,
        "icon": "UI_Talent_U_Faruzan_02"
    },
    "766": {
        "nameTextMapHash": 1813996249,
        "icon": "UI_Talent_S_Faruzan_04"
    },
    "771": {
        "nameTextMapHash": 2088049169,
        "icon": "UI_Talent_S_Yaoyao_01"
    },
    "772": {
        "nameTextMapHash": 1185801489,
        "icon": "UI_Talent_S_Yaoyao_02"
    },
    "773": {
        "nameTextMapHash": 1513031537,
        "icon": "UI_Talent_U_Yaoyao_01"
    },
    "774": {
        "nameTextMapHash": 2674638561,
        "icon": "UI_Talent_S_Yaoyao_03"
    },
    "775": {
        "nameTextMapHash": 738869801,
        "icon": "UI_Talent_U_Yaoyao_02"
    },
    "776": {
        "nameTextMapHash": 4046679753,
        "icon": "UI_Talent_S_Yaoyao_04"
    },
    "781": {
        "nameTextMapHash": 1459644873,
        "icon": "UI_Talent_S_Alhatham_02"
    },
    "782": {
        "nameTextMapHash": 3637950009,
        "icon": "UI_Talent_S_Alhatham_01"
    },
    "783": {
        "nameTextMapHash": 2621846313,
        "icon": "UI_Talent_U_Alhatham_01"
    },
    "784": {
        "nameTextMapHash": 1055939881,
        "icon": "UI_Talent_S_Alhatham_03"
    },
    "785": {
        "nameTextMapHash": 3387153385,
        "icon": "UI_Talent_U_Alhatham_02"
    },
    "786": {
        "nameTextMapHash": 540494281,
        "icon": "UI_Talent_S_Alhatham_04"
    },
    "791": {
        "nameTextMapHash": 975929929,
        "icon": "UI_Talent_S_Dehya_01"
    },
    "792": {
        "nameTextMapHash": 1063269113,
        "icon": "UI_Talent_S_Dehya_02"
    },
    "793": {
        "nameTextMapHash": 3309645225,
        "icon": "UI_Talent_U_Dehya_01"
    },
    "794": {
        "nameTextMapHash": 1318685825,
        "icon": "UI_Talent_S_Dehya_03"
    },
    "795": {
        "nameTextMapHash": 2001862177,
        "icon": "UI_Talent_U_Dehya_02"
    },
    "796": {
        "nameTextMapHash": 2802373841,
        "icon": "UI_Talent_S_Dehya_04"
    },
    "801": {
        "nameTextMapHash": 896455753,
        "icon": "UI_Talent_S_Mika_01"
    },
    "802": {
        "nameTextMapHash": 1491617321,
        "icon": "UI_Talent_S_Mika_02"
    },
    "803": {
        "nameTextMapHash": 973254489,
        "icon": "UI_Talent_U_Mika_01"
    },
    "804": {
        "nameTextMapHash": 3408467449,
        "icon": "UI_Talent_S_Mika_03"
    },
    "805": {
        "nameTextMapHash": 101621505,
        "icon": "UI_Talent_U_Mika_02"
    },
    "806": {
        "nameTextMapHash": 1784924817,
        "icon": "UI_Talent_S_Mika_04"
    },
    "811": {
        "nameTextMapHash": 3110332641,
        "icon": "UI_Talent_S_Kaveh_01"
    },
    "812": {
        "nameTextMapHash": 20172977,
        "icon": "UI_Talent_S_Kaveh_02"
    },
    "813": {
        "nameTextMapHash": 2730015409,
        "icon": "UI_Talent_U_Kaveh_02"
    },
    "814": {
        "nameTextMapHash": 2860814489,
        "icon": "UI_Talent_S_Kaveh_03"
    },
    "815": {
        "nameTextMapHash": 1755584449,
        "icon": "UI_Talent_U_Kaveh_01"
    },
    "816": {
        "nameTextMapHash": 2892000521,
        "icon": "UI_Talent_S_Kaveh_04"
    },
    "821": {
        "nameTextMapHash": 858748369,
        "icon": "UI_Talent_S_Baizhuer_01"
    },
    "822": {
        "nameTextMapHash": 1849398401,
        "icon": "UI_Talent_S_Baizhuer_02"
    },
    "823": {
        "nameTextMapHash": 2410139081,
        "icon": "UI_Talent_U_Baizhuer_01"
    },
    "824": {
        "nameTextMapHash": 4262913073,
        "icon": "UI_Talent_S_Baizhuer_03"
    },
    "825": {
        "nameTextMapHash": 63855777,
        "icon": "UI_Talent_U_Baizhuer_02"
    },
    "826": {
        "nameTextMapHash": 1293460177,
        "icon": "UI_Talent_S_Baizhuer_04"
    },
    "831": {
        "nameTextMapHash": 2471765961,
        "icon": "UI_Talent_S_Linette_01"
    },
    "832": {
        "nameTextMapHash": 1377369345,
        "icon": "UI_Talent_S_Linette_02"
    },
    "833": {
        "nameTextMapHash": 4173595889,
        "icon": "UI_Talent_U_Linette_01"
    },
    "834": {
        "nameTextMapHash": 1475870801,
        "icon": "UI_Talent_S_Linette_03"
    },
    "835": {
        "nameTextMapHash": 1789577793,
        "icon": "UI_Talent_U_Linette_02"
    },
    "836": {
        "nameTextMapHash": 2746616153,
        "icon": "UI_Talent_S_Linette_04"
    },
    "841": {
        "nameTextMapHash": 1235684201,
        "icon": "UI_Talent_S_Liney_01"
    },
    "842": {
        "nameTextMapHash": 4294085417,
        "icon": "UI_Talent_S_Liney_03"
    },
    "843": {
        "nameTextMapHash": 2593991761,
        "icon": "UI_Talent_U_Liney_01"
    },
    "844": {
        "nameTextMapHash": 2932106129,
        "icon": "UI_Talent_S_Liney_02"
    },
    "845": {
        "nameTextMapHash": 2035233753,
        "icon": "UI_Talent_U_Liney_02"
    },
    "846": {
        "nameTextMapHash": 3525594449,
        "icon": "UI_Talent_S_Liney_04"
    },
    "851": {
        "nameTextMapHash": 2267561625,
        "icon": "UI_Talent_S_Freminet_01"
    },
    "852": {
        "nameTextMapHash": 2404188193,
        "icon": "UI_Talent_S_Freminet_02"
    },
    "853": {
        "nameTextMapHash": 2569900185,
        "icon": "UI_Talent_U_Freminet_01"
    },
    "854": {
        "nameTextMapHash": 2906179801,
        "icon": "UI_Talent_S_Freminet_03"
    },
    "855": {
        "nameTextMapHash": 2128995113,
        "icon": "UI_Talent_U_Freminet_02"
    },
    "856": {
        "nameTextMapHash": 2077326505,
        "icon": "UI_Talent_S_Freminet_04"
    },
    "861": {
        "nameTextMapHash": 4114524601,
        "icon": "UI_Talent_S_Wriothesley_01"
    },
    "862": {
        "nameTextMapHash": 2190383313,
        "icon": "UI_Talent_S_Wriothesley_02"
    },
    "863": {
        "nameTextMapHash": 1926021769,
        "icon": "UI_Talent_U_Wriothesley_01"
    },
    "864": {
        "nameTextMapHash": 2263893849,
        "icon": "UI_Talent_S_Wriothesley_03"
    },
    "865": {
        "nameTextMapHash": 2419244785,
        "icon": "UI_Talent_U_Wriothesley_02"
    },
    "866": {
        "nameTextMapHash": 126955769,
        "icon": "UI_Talent_S_Wriothesley_04"
    },
    "871": {
        "nameTextMapHash": 3840366369,
        "icon": "UI_Talent_S_Neuvillette_01"
    },
    "872": {
        "nameTextMapHash": 2437610633,
        "icon": "UI_Talent_S_Neuvillette_02"
    },
    "873": {
        "nameTextMapHash": 2720290529,
        "icon": "UI_Talent_U_Neuvillette_01"
    },
    "874": {
        "nameTextMapHash": 1561601289,
        "icon": "UI_Talent_S_Neuvillette_03"
    },
    "875": {
        "nameTextMapHash": 4222513497,
        "icon": "UI_Talent_U_Neuvillette_02"
    },
    "876": {
        "nameTextMapHash": 1739750817,
        "icon": "UI_Talent_S_Neuvillette_04"
    },
    "881": {
        "nameTextMapHash": 2993271985,
        "icon": "UI_Talent_S_Charlotte_01"
    },
    "882": {
        "nameTextMapHash": 2781039769,
        "icon": "UI_Talent_S_Charlotte_02"
    },
    "883": {
        "nameTextMapHash": 2635170905,
        "icon": "UI_Talent_U_Charlotte_01"
    },
    "884": {
        "nameTextMapHash": 1687165865,
        "icon": "UI_Talent_S_Charlotte_03"
    },
    "885": {
        "nameTextMapHash": 3847359465,
        "icon": "UI_Talent_U_Charlotte_02"
    },
    "886": {
        "nameTextMapHash": 445668929,
        "icon": "UI_Talent_S_Charlotte_04"
    },
    "891": {
        "nameTextMapHash": 1796785,
        "icon": "UI_Talent_S_Furina_01"
    },
    "892": {
        "nameTextMapHash": 3119753889,
        "icon": "UI_Talent_S_Furina_04"
    },
    "893": {
        "nameTextMapHash": 3349664969,
        "icon": "UI_Talent_U_Furina_02"
    },
    "894": {
        "nameTextMapHash": 3047423481,
        "icon": "UI_Talent_S_Furina_03"
    },
    "895": {
        "nameTextMapHash": 2146750841,
        "icon": "UI_Talent_U_Furina_01"
    },
    "896": {
        "nameTextMapHash": 3889320921,
        "icon": "UI_Talent_S_Furina_02"
    },
    "901": {
        "nameTextMapHash": 398920769,
        "icon": "UI_Talent_S_Chevreuse_01"
    },
    "902": {
        "nameTextMapHash": 2697538289,
        "icon": "UI_Talent_S_Chevreuse_02"
    },
    "903": {
        "nameTextMapHash": 2071053617,
        "icon": "UI_Talent_U_Chevreuse_01"
    },
    "904": {
        "nameTextMapHash": 737124137,
        "icon": "UI_Talent_S_Chevreuse_03"
    },
    "905": {
        "nameTextMapHash": 4209804241,
        "icon": "UI_Talent_U_Chevreuse_02"
    },
    "906": {
        "nameTextMapHash": 3915841073,
        "icon": "UI_Talent_S_Chevreuse_04"
    },
    "911": {
        "nameTextMapHash": 3689024969,
        "icon": "UI_Talent_S_Navia_01"
    },
    "912": {
        "nameTextMapHash": 4246729273,
        "icon": "UI_Talent_S_Navia_02"
    },
    "913": {
        "nameTextMapHash": 4008218041,
        "icon": "UI_Talent_U_Navia_01"
    },
    "914": {
        "nameTextMapHash": 3461445297,
        "icon": "UI_Talent_S_Navia_03"
    },
    "915": {
        "nameTextMapHash": 3983244161,
        "icon": "UI_Talent_U_Navia_02"
    },
    "916": {
        "nameTextMapHash": 4110233153,
        "icon": "UI_Talent_S_Navia_04"
    },
    "921": {
        "nameTextMapHash": 4018877873,
        "icon": "UI_Talent_S_Gaming_01"
    },
    "922": {
        "nameTextMapHash": 246603977,
        "icon": "UI_Talent_S_Gaming_02"
    },
    "923": {
        "nameTextMapHash": 4116318089,
        "icon": "UI_Talent_U_Gaming_01"
    },
    "924": {
        "nameTextMapHash": 4187766889,
        "icon": "UI_Talent_S_Gaming_03"
    },
    "925": {
        "nameTextMapHash": 3549980385,
        "icon": "UI_Talent_U_Gaming_02"
    },
    "926": {
        "nameTextMapHash": 3486976633,
        "icon": "UI_Talent_S_Gaming_04"
    },
    "931": {
        "nameTextMapHash": 1584930553,
        "icon": "UI_Talent_S_Liuyun_01"
    },
    "932": {
        "nameTextMapHash": 94680617,
        "icon": "UI_Talent_S_Liuyun_02"
    },
    "933": {
        "nameTextMapHash": 3143851073,
        "icon": "UI_Talent_U_Liuyun_02"
    },
    "934": {
        "nameTextMapHash": 301585425,
        "icon": "UI_Talent_S_Liuyun_03"
    },
    "935": {
        "nameTextMapHash": 2080335137,
        "icon": "UI_Talent_U_Liuyun_01"
    },
    "936": {
        "nameTextMapHash": 3383313401,
        "icon": "UI_Talent_S_Liuyun_04"
    },
    "941": {
        "nameTextMapHash": 689897337,
        "icon": "UI_Talent_S_Chiori_01"
    },
    "942": {
        "nameTextMapHash": 2112971153,
        "icon": "UI_Talent_S_Chiori_03"
    },
    "943": {
        "nameTextMapHash": 645847961,
        "icon": "UI_Talent_U_Chiori_01"
    },
    "944": {
        "nameTextMapHash": 6373505,
        "icon": "UI_Talent_S_Chiori_02"
    },
    "945": {
        "nameTextMapHash": 167855529,
        "icon": "UI_Talent_U_Chiori_02"
    },
    "946": {
        "nameTextMapHash": 94228129,
        "icon": "UI_Talent_S_Chiori_04"
    },
    "951": {
        "nameTextMapHash": 2069380665,
        "icon": "UI_Talent_S_Sigewinne_01"
    },
    "952": {
        "nameTextMapHash": 2490532081,
        "icon": "UI_Talent_S_Sigewinne_02"
    },
    "953": {
        "nameTextMapHash": 2818554353,
        "icon": "UI_Talent_U_Sigewinne_01"
    },
    "954": {
        "nameTextMapHash": 952229337,
        "icon": "UI_Talent_S_Sigewinne_03"
    },
    "955": {
        "nameTextMapHash": 3412453553,
        "icon": "UI_Talent_U_Sigewinne_02"
    },
    "956": {
        "nameTextMapHash": 2161046649,
        "icon": "UI_Talent_S_Sigewinne_04"
    },
    "961": {
        "nameTextMapHash": 1931573609,
        "icon": "UI_Talent_S_Arlecchino_01"
    },
    "962": {
        "nameTextMapHash": 2743280569,
        "icon": "UI_Talent_S_Arlecchino_02"
    },
    "963": {
        "nameTextMapHash": 1222541609,
        "icon": "UI_Talent_U_Arlecchino_01"
    },
    "964": {
        "nameTextMapHash": 2103473001,
        "icon": "UI_Talent_S_Arlecchino_03"
    },
    "965": {
        "nameTextMapHash": 3475324945,
        "icon": "UI_Talent_U_Arlecchino_02"
    },
    "966": {
        "nameTextMapHash": 585561937,
        "icon": "UI_Talent_S_Arlecchino_04"
    },
    "971": {
        "nameTextMapHash": 2929346465,
        "icon": "UI_Talent_S_Sethos_01"
    },
    "972": {
        "nameTextMapHash": 4002600217,
        "icon": "UI_Talent_S_Sethos_02"
    },
    "973": {
        "nameTextMapHash": 3225646441,
        "icon": "UI_Talent_U_Sethos_01"
    },
    "974": {
        "nameTextMapHash": 1034621857,
        "icon": "UI_Talent_S_Sethos_03"
    },
    "975": {
        "nameTextMapHash": 1113819633,
        "icon": "UI_Talent_U_Sethos_02"
    },
    "976": {
        "nameTextMapHash": 1135303145,
        "icon": "UI_Talent_S_Sethos_04"
    },
    "981": {
        "nameTextMapHash": 3895585233,
        "icon": "UI_Talent_S_Clorinde_01"
    },
    "982": {
        "nameTextMapHash": 1056604337,
        "icon": "UI_Talent_S_Clorinde_02"
    },
    "983": {
        "nameTextMapHash": 808249241,
        "icon": "UI_Talent_U_Clorinde_02"
    },
    "984": {
        "nameTextMapHash": 3782829777,
        "icon": "UI_Talent_S_Clorinde_03"
    },
    "985": {
        "nameTextMapHash": 2786589217,
        "icon": "UI_Talent_U_Clorinde_01"
    },
    "986": {
        "nameTextMapHash": 2154723033,
        "icon": "UI_Talent_S_Clorinde_04"
    },
    "991": {
        "nameTextMapHash": 740813377,
        "icon": "UI_Talent_S_Emilie_01"
    },
    "992": {
        "nameTextMapHash": 888272609,
        "icon": "UI_Talent_S_Emilie_02"
    },
    "993": {
        "nameTextMapHash": 1597660969,
        "icon": "UI_Talent_U_Emilie_01"
    },
    "994": {
        "nameTextMapHash": 349963729,
        "icon": "UI_Talent_S_Emilie_03"
    },
    "995": {
        "nameTextMapHash": 100927345,
        "icon": "UI_Talent_U_Emilie_02"
    },
    "996": {
        "nameTextMapHash": 1536750705,
        "icon": "UI_Talent_S_Emilie_04"
    },
    "1001": {
        "nameTextMapHash": 2143241681,
        "icon": "UI_Talent_S_Kachina_01"
    },
    "1002": {
        "nameTextMapHash": 704182361,
        "icon": "UI_Talent_S_Kachina_02"
    },
    "1003": {
        "nameTextMapHash": 2998878913,
        "icon": "UI_Talent_U_Kachina_01"
    },
    "1004": {
        "nameTextMapHash": 817423409,
        "icon": "UI_Talent_S_Kachina_03"
    },
    "1005": {
        "nameTextMapHash": 2586210761,
        "icon": "UI_Talent_U_Kachina_02"
    },
    "1006": {
        "nameTextMapHash": 610256545,
        "icon": "UI_Talent_S_Kachina_04"
    },
    "1011": {
        "nameTextMapHash": 1583880905,
        "icon": "UI_Talent_S_Kinich_01"
    },
    "1012": {
        "nameTextMapHash": 2132485057,
        "icon": "UI_Talent_S_Kinich_02"
    },
    "1013": {
        "nameTextMapHash": 4288565513,
        "icon": "UI_Talent_U_Kinich_01"
    },
    "1014": {
        "nameTextMapHash": 815285033,
        "icon": "UI_Talent_S_Kinich_03"
    },
    "1015": {
        "nameTextMapHash": 1182554297,
        "icon": "UI_Talent_U_Kinich_02"
    },
    "1016": {
        "nameTextMapHash": 981774713,
        "icon": "UI_Talent_S_Kinich_04"
    },
    "1021": {
        "nameTextMapHash": 985140641,
        "icon": "UI_Talent_S_Mualani_01"
    },
    "1022": {
        "nameTextMapHash": 1018012993,
        "icon": "UI_Talent_S_Mualani_02"
    },
    "1023": {
        "nameTextMapHash": 2809940313,
        "icon": "UI_Talent_U_Mualani_01"
    },
    "1024": {
        "nameTextMapHash": 84972441,
        "icon": "UI_Talent_S_Mualani_03"
    },
    "1025": {
        "nameTextMapHash": 1734370449,
        "icon": "UI_Talent_U_Mualani_02"
    },
    "1026": {
        "nameTextMapHash": 2582545881,
        "icon": "UI_Talent_S_Mualani_04"
    }
}
