{
    "1": {
        "difficultyLevel": 1
    },
    "2": {
        "difficultyLevel": 2
    },
    "3": {
        "difficultyLevel": 3
    },
    "5": {
        "difficultyLevel": 1
    },
    "6": {
        "difficultyLevel": 2
    },
    "7": {
        "difficultyLevel": 3
    },
    "8": {
        "difficultyLevel": 1
    },
    "9": {
        "difficultyLevel": 2
    },
    "10": {
        "difficultyLevel": 3
    },
    "11": {
        "difficultyLevel": 4
    },
    "12": {
        "difficultyLevel": 1
    },
    "13": {
        "difficultyLevel": 2
    },
    "14": {
        "difficultyLevel": 3
    },
    "15": {
        "difficultyLevel": 4
    },
    "16": {
        "difficultyLevel": 1
    },
    "17": {
        "difficultyLevel": 2
    },
    "18": {
        "difficultyLevel": 3
    },
    "19": {
        "difficultyLevel": 4
    },
    "20": {
        "difficultyLevel": 1
    },
    "21": {
        "difficultyLevel": 2
    },
    "22": {
        "difficultyLevel": 3
    },
    "23": {
        "difficultyLevel": 4
    },
    "24": {
        "difficultyLevel": 1
    },
    "25": {
        "difficultyLevel": 2
    },
    "26": {
        "difficultyLevel": 3
    },
    "27": {
        "difficultyLevel": 4
    },
    "28": {
        "difficultyLevel": 1
    },
    "29": {
        "difficultyLevel": 2
    },
    "30": {
        "difficultyLevel": 3
    },
    "31": {
        "difficultyLevel": 4
    },
    "32": {
        "difficultyLevel": 1
    },
    "33": {
        "difficultyLevel": 2
    },
    "34": {
        "difficultyLevel": 3
    },
    "35": {
        "difficultyLevel": 4
    },
    "36": {
        "difficultyLevel": 1
    },
    "37": {
        "difficultyLevel": 2
    },
    "38": {
        "difficultyLevel": 3
    },
    "39": {
        "difficultyLevel": 4
    },
    "40": {
        "difficultyLevel": 1
    },
    "41": {
        "difficultyLevel": 2
    },
    "42": {
        "difficultyLevel": 3
    },
    "43": {
        "difficultyLevel": 4
    }
}
