{
    "1": {
        "difficultyLevel": 1
    },
    "2": {
        "difficultyLevel": 2
    },
    "3": {
        "difficultyLevel": 3
    },
    "5": {
        "difficultyLevel": 1
    },
    "6": {
        "difficultyLevel": 2
    },
    "7": {
        "difficultyLevel": 3
    },
    "8": {
        "difficultyLevel": 1
    },
    "9": {
        "difficultyLevel": 2
    },
    "10": {
        "difficultyLevel": 3
    },
    "11": {
        "difficultyLevel": 4
    },
    "12": {
        "difficultyLevel": 1
    },
    "13": {
        "difficultyLevel": 2
    },
    "14": {
        "difficultyLevel": 3
    },
    "15": {
        "difficultyLevel": 4
    },
    "16": {
        "difficultyLevel": 1
    },
    "17": {
        "difficultyLevel": 2
    },
    "18": {
        "difficultyLevel": 3
    },
    "19": {
        "difficultyLevel": 4
    }
}
