{
    "10002": {
        "icon": "UI_EquipIcon_Sword_Template",
        "awakenIcon": "UI_EquipIcon_Sword_Template_Awaken",
        "nameTextMapHash": 2719832059
    },
    "10003": {
        "icon": "UI_EquipIcon_Claymore_Template",
        "awakenIcon": "UI_EquipIcon_Claymore_Template_Awaken",
        "nameTextMapHash": 500987603
    },
    "10004": {
        "icon": "UI_EquipIcon_Pole_Template",
        "awakenIcon": "UI_EquipIcon_Pole_Template_Awaken",
        "nameTextMapHash": 1595734083
    },
    "10005": {
        "icon": "UI_EquipIcon_Catalyst_BookTemplate",
        "awakenIcon": "UI_EquipIcon_Catalyst_BookTemplate_Awaken",
        "nameTextMapHash": 2009975571
    },
    "10006": {
        "icon": "UI_EquipIcon_Catalyst_Template",
        "awakenIcon": "UI_EquipIcon_Catalyst_Template_Awaken",
        "nameTextMapHash": 4162981171
    },
    "10008": {
        "icon": "UI_EquipIcon_Bow_Template",
        "awakenIcon": "UI_EquipIcon_Bow_Template_Awaken",
        "nameTextMapHash": 3762437019
    },
    "11101": {
        "icon": "UI_EquipIcon_Sword_Blunt",
        "awakenIcon": "UI_EquipIcon_Sword_Blunt_Awaken",
        "nameTextMapHash": 2410593283
    },
    "11201": {
        "icon": "UI_EquipIcon_Sword_Silver",
        "awakenIcon": "UI_EquipIcon_Sword_Silver_Awaken",
        "nameTextMapHash": 2125206395
    },
    "11301": {
        "icon": "UI_EquipIcon_Sword_Steel",
        "awakenIcon": "UI_EquipIcon_Sword_Steel_Awaken",
        "nameTextMapHash": 479076483
    },
    "11302": {
        "icon": "UI_EquipIcon_Sword_Dawn",
        "awakenIcon": "UI_EquipIcon_Sword_Dawn_Awaken",
        "nameTextMapHash": 1608953539
    },
    "11303": {
        "icon": "UI_EquipIcon_Sword_Traveler",
        "awakenIcon": "UI_EquipIcon_Sword_Traveler_Awaken",
        "nameTextMapHash": 3673792067
    },
    "11304": {
        "icon": "UI_EquipIcon_Sword_Darker",
        "awakenIcon": "UI_EquipIcon_Sword_Darker_Awaken",
        "nameTextMapHash": 160493219
    },
    "11305": {
        "icon": "UI_EquipIcon_Sword_Sashimi",
        "awakenIcon": "UI_EquipIcon_Sword_Sashimi_Awaken",
        "nameTextMapHash": 3421967235
    },
    "11306": {
        "icon": "UI_EquipIcon_Sword_Mitsurugi",
        "awakenIcon": "UI_EquipIcon_Sword_Mitsurugi_Awaken",
        "nameTextMapHash": 1388004931
    },
    "11401": {
        "icon": "UI_EquipIcon_Sword_Zephyrus",
        "awakenIcon": "UI_EquipIcon_Sword_Zephyrus_Awaken",
        "nameTextMapHash": 2474354867
    },
    "11402": {
        "icon": "UI_EquipIcon_Sword_Troupe",
        "awakenIcon": "UI_EquipIcon_Sword_Troupe_Awaken",
        "nameTextMapHash": 3587621259
    },
    "11403": {
        "icon": "UI_EquipIcon_Sword_Fossil",
        "awakenIcon": "UI_EquipIcon_Sword_Fossil_Awaken",
        "nameTextMapHash": 1990641987
    },
    "11404": {
        "icon": "UI_EquipIcon_Sword_Theocrat",
        "awakenIcon": "UI_EquipIcon_Sword_Theocrat_Awaken",
        "nameTextMapHash": 2375993851
    },
    "11405": {
        "icon": "UI_EquipIcon_Sword_Rockkiller",
        "awakenIcon": "UI_EquipIcon_Sword_Rockkiller_Awaken",
        "nameTextMapHash": 1321135667
    },
    "11406": {
        "icon": "UI_EquipIcon_Sword_Proto",
        "awakenIcon": "UI_EquipIcon_Sword_Proto_Awaken",
        "nameTextMapHash": 1991707099
    },
    "11407": {
        "icon": "UI_EquipIcon_Sword_Exotic",
        "awakenIcon": "UI_EquipIcon_Sword_Exotic_Awaken",
        "nameTextMapHash": 4103022435
    },
    "11408": {
        "icon": "UI_EquipIcon_Sword_Blackrock",
        "awakenIcon": "UI_EquipIcon_Sword_Blackrock_Awaken",
        "nameTextMapHash": 3378007475
    },
    "11409": {
        "icon": "UI_EquipIcon_Sword_Bloodstained",
        "awakenIcon": "UI_EquipIcon_Sword_Bloodstained_Awaken",
        "nameTextMapHash": 3796905611
    },
    "11410": {
        "icon": "UI_EquipIcon_Sword_Outlaw",
        "awakenIcon": "UI_EquipIcon_Sword_Outlaw_Awaken",
        "nameTextMapHash": 2947140987
    },
    "11411": {
        "icon": "UI_EquipIcon_Sword_Blunt",
        "awakenIcon": "UI_EquipIcon_Sword_Blunt_Awaken",
        "nameTextMapHash": 1135130229
    },
    "11412": {
        "icon": "UI_EquipIcon_Sword_Psalmus",
        "awakenIcon": "UI_EquipIcon_Sword_Psalmus_Awaken",
        "nameTextMapHash": 1773425155
    },
    "11413": {
        "icon": "UI_EquipIcon_Sword_Magnum",
        "awakenIcon": "UI_EquipIcon_Sword_Magnum_Awaken",
        "nameTextMapHash": 2749853923
    },
    "11414": {
        "icon": "UI_EquipIcon_Sword_Bakufu",
        "awakenIcon": "UI_EquipIcon_Sword_Bakufu_Awaken",
        "nameTextMapHash": 1990820123
    },
    "11415": {
        "icon": "UI_EquipIcon_Sword_Opus",
        "awakenIcon": "UI_EquipIcon_Sword_Opus_Awaken",
        "nameTextMapHash": 342097547
    },
    "11416": {
        "icon": "UI_EquipIcon_Sword_Youtou",
        "awakenIcon": "UI_EquipIcon_Sword_Youtou_Awaken",
        "nameTextMapHash": 1012170803
    },
    "11417": {
        "icon": "UI_EquipIcon_Sword_Arakalari",
        "awakenIcon": "UI_EquipIcon_Sword_Arakalari_Awaken",
        "nameTextMapHash": 313300315
    },
    "11418": {
        "icon": "UI_EquipIcon_Sword_Pleroma",
        "awakenIcon": "UI_EquipIcon_Sword_Pleroma_Awaken",
        "nameTextMapHash": 143051931
    },
    "11419": {
        "icon": "UI_EquipIcon_Sword_YoutouEnchanted",
        "awakenIcon": "UI_EquipIcon_Sword_YoutouEnchanted",
        "nameTextMapHash": 1499745907
    },
    "11420": {
        "icon": "UI_EquipIcon_Sword_YoutouShattered",
        "awakenIcon": "UI_EquipIcon_Sword_YoutouShattered",
        "nameTextMapHash": 1538092267
    },
    "11421": {
        "icon": "UI_EquipIcon_Sword_YoutouEnchanted",
        "awakenIcon": "UI_EquipIcon_Sword_YoutouEnchanted",
        "nameTextMapHash": 3464027035
    },
    "11422": {
        "icon": "UI_EquipIcon_Sword_Kasabouzu",
        "awakenIcon": "UI_EquipIcon_Sword_Kasabouzu_Awaken",
        "nameTextMapHash": 2448629019
    },
    "11424": {
        "icon": "UI_EquipIcon_Sword_Boreas",
        "awakenIcon": "UI_EquipIcon_Sword_Boreas_Awaken",
        "nameTextMapHash": 2265792579
    },
    "11425": {
        "icon": "UI_EquipIcon_Sword_Vorpal",
        "awakenIcon": "UI_EquipIcon_Sword_Vorpal_Awaken",
        "nameTextMapHash": 800766043
    },
    "11426": {
        "icon": "UI_EquipIcon_Sword_Machination",
        "awakenIcon": "UI_EquipIcon_Sword_Machination_Awaken",
        "nameTextMapHash": 1921306659
    },
    "11427": {
        "icon": "UI_EquipIcon_Sword_Mechanic",
        "awakenIcon": "UI_EquipIcon_Sword_Mechanic_Awaken",
        "nameTextMapHash": 1790067483
    },
    "11428": {
        "icon": "UI_EquipIcon_Sword_Purewill",
        "awakenIcon": "UI_EquipIcon_Sword_Purewill",
        "nameTextMapHash": 3016493955
    },
    "11429": {
        "icon": "UI_EquipIcon_Sword_Purewill",
        "awakenIcon": "UI_EquipIcon_Sword_Purewill",
        "nameTextMapHash": 594850707
    },
    "11501": {
        "icon": "UI_EquipIcon_Sword_Falcon",
        "awakenIcon": "UI_EquipIcon_Sword_Falcon_Awaken",
        "nameTextMapHash": 902264035
    },
    "11502": {
        "icon": "UI_EquipIcon_Sword_Dvalin",
        "awakenIcon": "UI_EquipIcon_Sword_Dvalin_Awaken",
        "nameTextMapHash": 4055003299
    },
    "11503": {
        "icon": "UI_EquipIcon_Sword_Widsith",
        "awakenIcon": "UI_EquipIcon_Sword_Widsith_Awaken",
        "nameTextMapHash": 2949448555
    },
    "11504": {
        "icon": "UI_EquipIcon_Sword_Kunwu",
        "awakenIcon": "UI_EquipIcon_Sword_Kunwu_Awaken",
        "nameTextMapHash": 944332883
    },
    "11505": {
        "icon": "UI_EquipIcon_Sword_Morax",
        "awakenIcon": "UI_EquipIcon_Sword_Morax_Awaken",
        "nameTextMapHash": 1345343763
    },
    "11506": {
        "icon": "UI_EquipIcon_Sword_Blunt",
        "awakenIcon": "UI_EquipIcon_Sword_Blunt_Awaken",
        "nameTextMapHash": 231836963
    },
    "11507": {
        "icon": "UI_EquipIcon_Sword_Blunt",
        "awakenIcon": "UI_EquipIcon_Sword_Blunt_Awaken",
        "nameTextMapHash": 3780343147
    },
    "11508": {
        "icon": "UI_EquipIcon_Sword_Blunt",
        "awakenIcon": "UI_EquipIcon_Sword_Blunt_Awaken",
        "nameTextMapHash": 1664039091
    },
    "11509": {
        "icon": "UI_EquipIcon_Sword_Narukami",
        "awakenIcon": "UI_EquipIcon_Sword_Narukami_Awaken",
        "nameTextMapHash": 4124851547
    },
    "11510": {
        "icon": "UI_EquipIcon_Sword_Amenoma",
        "awakenIcon": "UI_EquipIcon_Sword_Amenoma_Awaken",
        "nameTextMapHash": 1600275315
    },
    "11511": {
        "icon": "UI_EquipIcon_Sword_Deshret",
        "awakenIcon": "UI_EquipIcon_Sword_Deshret_Awaken",
        "nameTextMapHash": 454086795
    },
    "11512": {
        "icon": "UI_EquipIcon_Sword_Ayus",
        "awakenIcon": "UI_EquipIcon_Sword_Ayus_Awaken",
        "nameTextMapHash": 275622963
    },
    "11513": {
        "icon": "UI_EquipIcon_Sword_Regalis",
        "awakenIcon": "UI_EquipIcon_Sword_Regalis_Awaken",
        "nameTextMapHash": 1473399443
    },
    "12101": {
        "icon": "UI_EquipIcon_Claymore_Aniki",
        "awakenIcon": "UI_EquipIcon_Claymore_Aniki_Awaken",
        "nameTextMapHash": 2666951267
    },
    "12201": {
        "icon": "UI_EquipIcon_Claymore_Oyaji",
        "awakenIcon": "UI_EquipIcon_Claymore_Oyaji_Awaken",
        "nameTextMapHash": 1182966603
    },
    "12301": {
        "icon": "UI_EquipIcon_Claymore_Glaive",
        "awakenIcon": "UI_EquipIcon_Claymore_Glaive_Awaken",
        "nameTextMapHash": 1479961579
    },
    "12302": {
        "icon": "UI_EquipIcon_Claymore_Siegfry",
        "awakenIcon": "UI_EquipIcon_Claymore_Siegfry_Awaken",
        "nameTextMapHash": 4090429643
    },
    "12303": {
        "icon": "UI_EquipIcon_Claymore_Tin",
        "awakenIcon": "UI_EquipIcon_Claymore_Tin_Awaken",
        "nameTextMapHash": 850802171
    },
    "12304": {
        "icon": "UI_EquipIcon_Claymore_Quartz",
        "awakenIcon": "UI_EquipIcon_Claymore_Quartz_Awaken",
        "nameTextMapHash": 1516554699
    },
    "12305": {
        "icon": "UI_EquipIcon_Claymore_Reasoning",
        "awakenIcon": "UI_EquipIcon_Claymore_Reasoning_Awaken",
        "nameTextMapHash": 3097441915
    },
    "12306": {
        "icon": "UI_EquipIcon_Claymore_Mitsurugi",
        "awakenIcon": "UI_EquipIcon_Claymore_Mitsurugi_Awaken",
        "nameTextMapHash": 2614170427
    },
    "12401": {
        "icon": "UI_EquipIcon_Claymore_Zephyrus",
        "awakenIcon": "UI_EquipIcon_Claymore_Zephyrus_Awaken",
        "nameTextMapHash": 735056795
    },
    "12402": {
        "icon": "UI_EquipIcon_Claymore_Troupe",
        "awakenIcon": "UI_EquipIcon_Claymore_Troupe_Awaken",
        "nameTextMapHash": 930640955
    },
    "12403": {
        "icon": "UI_EquipIcon_Claymore_Fossil",
        "awakenIcon": "UI_EquipIcon_Claymore_Fossil_Awaken",
        "nameTextMapHash": 1675686363
    },
    "12404": {
        "icon": "UI_EquipIcon_Claymore_Theocrat",
        "awakenIcon": "UI_EquipIcon_Claymore_Theocrat_Awaken",
        "nameTextMapHash": 877751435
    },
    "12405": {
        "icon": "UI_EquipIcon_Claymore_Perdue",
        "awakenIcon": "UI_EquipIcon_Claymore_Perdue_Awaken",
        "nameTextMapHash": 3684723963
    },
    "12406": {
        "icon": "UI_EquipIcon_Claymore_Proto",
        "awakenIcon": "UI_EquipIcon_Claymore_Proto_Awaken",
        "nameTextMapHash": 3722933411
    },
    "12407": {
        "icon": "UI_EquipIcon_Claymore_Exotic",
        "awakenIcon": "UI_EquipIcon_Claymore_Exotic_Awaken",
        "nameTextMapHash": 680510411
    },
    "12408": {
        "icon": "UI_EquipIcon_Claymore_Blackrock",
        "awakenIcon": "UI_EquipIcon_Claymore_Blackrock_Awaken",
        "nameTextMapHash": 20848859
    },
    "12409": {
        "icon": "UI_EquipIcon_Claymore_Kione",
        "awakenIcon": "UI_EquipIcon_Claymore_Kione_Awaken",
        "nameTextMapHash": 1437658243
    },
    "12410": {
        "icon": "UI_EquipIcon_Claymore_Lapis",
        "awakenIcon": "UI_EquipIcon_Claymore_Lapis_Awaken",
        "nameTextMapHash": 2006422931
    },
    "12411": {
        "icon": "UI_EquipIcon_Claymore_Dragonfell",
        "awakenIcon": "UI_EquipIcon_Claymore_Dragonfell_Awaken",
        "nameTextMapHash": 2753539619
    },
    "12412": {
        "icon": "UI_EquipIcon_Claymore_MillenniaTuna",
        "awakenIcon": "UI_EquipIcon_Claymore_MillenniaTuna_Awaken",
        "nameTextMapHash": 346510395
    },
    "12414": {
        "icon": "UI_EquipIcon_Claymore_Bakufu",
        "awakenIcon": "UI_EquipIcon_Claymore_Bakufu_Awaken",
        "nameTextMapHash": 4193089947
    },
    "12415": {
        "icon": "UI_EquipIcon_Claymore_Pleroma",
        "awakenIcon": "UI_EquipIcon_Claymore_Pleroma_Awaken",
        "nameTextMapHash": 3073454867
    },
    "12416": {
        "icon": "UI_EquipIcon_Claymore_Maria",
        "awakenIcon": "UI_EquipIcon_Claymore_Maria_Awaken",
        "nameTextMapHash": 2359799475
    },
    "12417": {
        "icon": "UI_EquipIcon_Claymore_Arakalari",
        "awakenIcon": "UI_EquipIcon_Claymore_Arakalari_Awaken",
        "nameTextMapHash": 902184579
    },
    "12418": {
        "icon": "UI_EquipIcon_Claymore_Fleurfair",
        "awakenIcon": "UI_EquipIcon_Claymore_Fleurfair_Awaken",
        "nameTextMapHash": 1200948859
    },
    "12424": {
        "icon": "UI_EquipIcon_Claymore_BeastTamer",
        "awakenIcon": "UI_EquipIcon_Claymore_BeastTamer_Awaken",
        "nameTextMapHash": 3459616011
    },
    "12425": {
        "icon": "UI_EquipIcon_Claymore_Vorpal",
        "awakenIcon": "UI_EquipIcon_Claymore_Vorpal_Awaken",
        "nameTextMapHash": 2077869763
    },
    "12427": {
        "icon": "UI_EquipIcon_Claymore_Mechanic",
        "awakenIcon": "UI_EquipIcon_Claymore_Mechanic_Awaken",
        "nameTextMapHash": 3693117451
    },
    "12501": {
        "icon": "UI_EquipIcon_Claymore_Dvalin",
        "awakenIcon": "UI_EquipIcon_Claymore_Dvalin_Awaken",
        "nameTextMapHash": 1089950259
    },
    "12502": {
        "icon": "UI_EquipIcon_Claymore_Wolfmound",
        "awakenIcon": "UI_EquipIcon_Claymore_Wolfmound_Awaken",
        "nameTextMapHash": 3995710363
    },
    "12503": {
        "icon": "UI_EquipIcon_Claymore_Widsith",
        "awakenIcon": "UI_EquipIcon_Claymore_Widsith_Awaken",
        "nameTextMapHash": 1075647299
    },
    "12504": {
        "icon": "UI_EquipIcon_Claymore_Kunwu",
        "awakenIcon": "UI_EquipIcon_Claymore_Kunwu_Awaken",
        "nameTextMapHash": 2792766467
    },
    "12505": {
        "icon": "UI_EquipIcon_Claymore_Aniki",
        "awakenIcon": "UI_EquipIcon_Claymore_Aniki_Awaken",
        "nameTextMapHash": 977648923
    },
    "12506": {
        "icon": "UI_EquipIcon_Claymore_Aniki",
        "awakenIcon": "UI_EquipIcon_Claymore_Aniki_Awaken",
        "nameTextMapHash": 2597527627
    },
    "12508": {
        "icon": "UI_EquipIcon_Claymore_Aniki",
        "awakenIcon": "UI_EquipIcon_Claymore_Aniki_Awaken",
        "nameTextMapHash": 759708203
    },
    "12509": {
        "icon": "UI_EquipIcon_Claymore_Aniki",
        "awakenIcon": "UI_EquipIcon_Claymore_Aniki_Awaken",
        "nameTextMapHash": 2507837467
    },
    "12510": {
        "icon": "UI_EquipIcon_Claymore_Itadorimaru",
        "awakenIcon": "UI_EquipIcon_Claymore_Itadorimaru_Awaken",
        "nameTextMapHash": 3914951691
    },
    "12511": {
        "icon": "UI_EquipIcon_Claymore_Deshret",
        "awakenIcon": "UI_EquipIcon_Claymore_Deshret_Awaken",
        "nameTextMapHash": 2834063555
    },
    "13101": {
        "icon": "UI_EquipIcon_Pole_Gewalt",
        "awakenIcon": "UI_EquipIcon_Pole_Gewalt_Awaken",
        "nameTextMapHash": 2796697027
    },
    "13201": {
        "icon": "UI_EquipIcon_Pole_Rod",
        "awakenIcon": "UI_EquipIcon_Pole_Rod_Awaken",
        "nameTextMapHash": 3070169307
    },
    "13301": {
        "icon": "UI_EquipIcon_Pole_Ruby",
        "awakenIcon": "UI_EquipIcon_Pole_Ruby_Awaken",
        "nameTextMapHash": 1390797107
    },
    "13302": {
        "icon": "UI_EquipIcon_Pole_Halberd",
        "awakenIcon": "UI_EquipIcon_Pole_Halberd_Awaken",
        "nameTextMapHash": 618786571
    },
    "13303": {
        "icon": "UI_EquipIcon_Pole_Noire",
        "awakenIcon": "UI_EquipIcon_Pole_Noire_Awaken",
        "nameTextMapHash": 4103766499
    },
    "13304": {
        "icon": "UI_EquipIcon_Pole_Flagpole",
        "awakenIcon": "UI_EquipIcon_Pole_Flagpole_Awaken",
        "nameTextMapHash": 500612819
    },
    "13401": {
        "icon": "UI_EquipIcon_Pole_Stardust",
        "awakenIcon": "UI_EquipIcon_Pole_Stardust_Awaken",
        "nameTextMapHash": 2664629131
    },
    "13402": {
        "icon": "UI_EquipIcon_Pole_Proto",
        "awakenIcon": "UI_EquipIcon_Pole_Proto_Awaken",
        "nameTextMapHash": 1154009435
    },
    "13403": {
        "icon": "UI_EquipIcon_Pole_Exotic",
        "awakenIcon": "UI_EquipIcon_Pole_Exotic_Awaken",
        "nameTextMapHash": 578575283
    },
    "13404": {
        "icon": "UI_EquipIcon_Pole_Blackrock",
        "awakenIcon": "UI_EquipIcon_Pole_Blackrock_Awaken",
        "nameTextMapHash": 481755219
    },
    "13405": {
        "icon": "UI_EquipIcon_Pole_Gladiator",
        "awakenIcon": "UI_EquipIcon_Pole_Gladiator_Awaken",
        "nameTextMapHash": 4049410651
    },
    "13406": {
        "icon": "UI_EquipIcon_Pole_Lapis",
        "awakenIcon": "UI_EquipIcon_Pole_Lapis_Awaken",
        "nameTextMapHash": 716252627
    },
    "13407": {
        "icon": "UI_EquipIcon_Pole_Zephyrus",
        "awakenIcon": "UI_EquipIcon_Pole_Zephyrus_Awaken",
        "nameTextMapHash": 3755004051
    },
    "13408": {
        "icon": "UI_EquipIcon_Pole_Theocrat",
        "awakenIcon": "UI_EquipIcon_Pole_Theocrat_Awaken",
        "nameTextMapHash": 2935286715
    },
    "13409": {
        "icon": "UI_EquipIcon_Pole_Everfrost",
        "awakenIcon": "UI_EquipIcon_Pole_Everfrost_Awaken",
        "nameTextMapHash": 3443142923
    },
    "13414": {
        "icon": "UI_EquipIcon_Pole_Bakufu",
        "awakenIcon": "UI_EquipIcon_Pole_Bakufu_Awaken",
        "nameTextMapHash": 2491797315
    },
    "13415": {
        "icon": "UI_EquipIcon_Pole_Mori",
        "awakenIcon": "UI_EquipIcon_Pole_Mori_Awaken",
        "nameTextMapHash": 1148024603
    },
    "13416": {
        "icon": "UI_EquipIcon_Pole_Maria",
        "awakenIcon": "UI_EquipIcon_Pole_Maria_Awaken",
        "nameTextMapHash": 4122509083
    },
    "13417": {
        "icon": "UI_EquipIcon_Pole_Arakalari",
        "awakenIcon": "UI_EquipIcon_Pole_Arakalari_Awaken",
        "nameTextMapHash": 452357939
    },
    "13419": {
        "icon": "UI_EquipIcon_Pole_Windvane",
        "awakenIcon": "UI_EquipIcon_Pole_Windvane_Awaken",
        "nameTextMapHash": 1470442731
    },
    "13424": {
        "icon": "UI_EquipIcon_Pole_Shanty",
        "awakenIcon": "UI_EquipIcon_Pole_Shanty_Awaken",
        "nameTextMapHash": 449192923
    },
    "13425": {
        "icon": "UI_EquipIcon_Pole_Vorpal",
        "awakenIcon": "UI_EquipIcon_Pole_Vorpal_Awaken",
        "nameTextMapHash": 4158971171
    },
    "13427": {
        "icon": "UI_EquipIcon_Pole_Mechanic",
        "awakenIcon": "UI_EquipIcon_Pole_Mechanic_Awaken",
        "nameTextMapHash": 882305891
    },
    "13501": {
        "icon": "UI_EquipIcon_Pole_Homa",
        "awakenIcon": "UI_EquipIcon_Pole_Homa_Awaken",
        "nameTextMapHash": 3235324891
    },
    "13502": {
        "icon": "UI_EquipIcon_Pole_Dvalin",
        "awakenIcon": "UI_EquipIcon_Pole_Dvalin_Awaken",
        "nameTextMapHash": 4158505619
    },
    "13503": {
        "icon": "UI_EquipIcon_Pole_Gewalt",
        "awakenIcon": "UI_EquipIcon_Pole_Gewalt_Awaken",
        "nameTextMapHash": 469555475
    },
    "13504": {
        "icon": "UI_EquipIcon_Pole_Kunwu",
        "awakenIcon": "UI_EquipIcon_Pole_Kunwu_Awaken",
        "nameTextMapHash": 197755235
    },
    "13505": {
        "icon": "UI_EquipIcon_Pole_Morax",
        "awakenIcon": "UI_EquipIcon_Pole_Morax_Awaken",
        "nameTextMapHash": 1997709467
    },
    "13506": {
        "icon": "UI_EquipIcon_Pole_Gewalt",
        "awakenIcon": "UI_EquipIcon_Pole_Gewalt_Awaken",
        "nameTextMapHash": 3532343811
    },
    "13507": {
        "icon": "UI_EquipIcon_Pole_Santika",
        "awakenIcon": "UI_EquipIcon_Pole_Santika_Awaken",
        "nameTextMapHash": 688991243
    },
    "13509": {
        "icon": "UI_EquipIcon_Pole_Narukami",
        "awakenIcon": "UI_EquipIcon_Pole_Narukami_Awaken",
        "nameTextMapHash": 3717849275
    },
    "13511": {
        "icon": "UI_EquipIcon_Pole_Deshret",
        "awakenIcon": "UI_EquipIcon_Pole_Deshret_Awaken",
        "nameTextMapHash": 4238339131
    },
    "14101": {
        "icon": "UI_EquipIcon_Catalyst_Apprentice",
        "awakenIcon": "UI_EquipIcon_Catalyst_Apprentice_Awaken",
        "nameTextMapHash": 3584825427
    },
    "14201": {
        "icon": "UI_EquipIcon_Catalyst_Pocket",
        "awakenIcon": "UI_EquipIcon_Catalyst_Pocket_Awaken",
        "nameTextMapHash": 2705029563
    },
    "14301": {
        "icon": "UI_EquipIcon_Catalyst_Intro",
        "awakenIcon": "UI_EquipIcon_Catalyst_Intro_Awaken",
        "nameTextMapHash": 2279290283
    },
    "14302": {
        "icon": "UI_EquipIcon_Catalyst_Pulpfic",
        "awakenIcon": "UI_EquipIcon_Catalyst_Pulpfic_Awaken",
        "nameTextMapHash": 3500935003
    },
    "14303": {
        "icon": "UI_EquipIcon_Catalyst_Lightnov",
        "awakenIcon": "UI_EquipIcon_Catalyst_Lightnov_Awaken",
        "nameTextMapHash": 1406746947
    },
    "14304": {
        "icon": "UI_EquipIcon_Catalyst_Jade",
        "awakenIcon": "UI_EquipIcon_Catalyst_Jade_Awaken",
        "nameTextMapHash": 2963220587
    },
    "14305": {
        "icon": "UI_EquipIcon_Catalyst_Phoney",
        "awakenIcon": "UI_EquipIcon_Catalyst_Phoney_Awaken",
        "nameTextMapHash": 3719372715
    },
    "14306": {
        "icon": "UI_EquipIcon_Catalyst_Amber",
        "awakenIcon": "UI_EquipIcon_Catalyst_Amber_Awaken",
        "nameTextMapHash": 302691299
    },
    "14401": {
        "icon": "UI_EquipIcon_Catalyst_Zephyrus",
        "awakenIcon": "UI_EquipIcon_Catalyst_Zephyrus_Awaken",
        "nameTextMapHash": 623534363
    },
    "14402": {
        "icon": "UI_EquipIcon_Catalyst_Troupe",
        "awakenIcon": "UI_EquipIcon_Catalyst_Troupe_Awaken",
        "nameTextMapHash": 1163263227
    },
    "14403": {
        "icon": "UI_EquipIcon_Catalyst_Fossil",
        "awakenIcon": "UI_EquipIcon_Catalyst_Fossil_Awaken",
        "nameTextMapHash": 2195665683
    },
    "14404": {
        "icon": "UI_EquipIcon_Catalyst_Theocrat",
        "awakenIcon": "UI_EquipIcon_Catalyst_Theocrat_Awaken",
        "nameTextMapHash": 3827789435
    },
    "14405": {
        "icon": "UI_EquipIcon_Catalyst_Resurrection",
        "awakenIcon": "UI_EquipIcon_Catalyst_Resurrection_Awaken",
        "nameTextMapHash": 37147251
    },
    "14406": {
        "icon": "UI_EquipIcon_Catalyst_Proto",
        "awakenIcon": "UI_EquipIcon_Catalyst_Proto_Awaken",
        "nameTextMapHash": 2521338131
    },
    "14407": {
        "icon": "UI_EquipIcon_Catalyst_Exotic",
        "awakenIcon": "UI_EquipIcon_Catalyst_Exotic_Awaken",
        "nameTextMapHash": 1072884907
    },
    "14408": {
        "icon": "UI_EquipIcon_Catalyst_Blackrock",
        "awakenIcon": "UI_EquipIcon_Catalyst_Blackrock_Awaken",
        "nameTextMapHash": 3273999011
    },
    "14409": {
        "icon": "UI_EquipIcon_Catalyst_Truelens",
        "awakenIcon": "UI_EquipIcon_Catalyst_Truelens_Awaken",
        "nameTextMapHash": 3156385731
    },
    "14410": {
        "icon": "UI_EquipIcon_Catalyst_Outlaw",
        "awakenIcon": "UI_EquipIcon_Catalyst_Outlaw_Awaken",
        "nameTextMapHash": 3090373787
    },
    "14411": {
        "icon": "UI_EquipIcon_Catalyst_Apprentice",
        "awakenIcon": "UI_EquipIcon_Catalyst_Apprentice_Awaken",
        "nameTextMapHash": 415851979
    },
    "14412": {
        "icon": "UI_EquipIcon_Catalyst_Everfrost",
        "awakenIcon": "UI_EquipIcon_Catalyst_Everfrost_Awaken",
        "nameTextMapHash": 2587614459
    },
    "14413": {
        "icon": "UI_EquipIcon_Catalyst_Ludiharpastum",
        "awakenIcon": "UI_EquipIcon_Catalyst_Ludiharpastum_Awaken",
        "nameTextMapHash": 3456986819
    },
    "14414": {
        "icon": "UI_EquipIcon_Catalyst_Bakufu",
        "awakenIcon": "UI_EquipIcon_Catalyst_Bakufu_Awaken",
        "nameTextMapHash": 2324146259
    },
    "14415": {
        "icon": "UI_EquipIcon_Catalyst_Jyanome",
        "awakenIcon": "UI_EquipIcon_Catalyst_Jyanome_Awaken",
        "nameTextMapHash": 2539208459
    },
    "14416": {
        "icon": "UI_EquipIcon_Catalyst_Pleroma",
        "awakenIcon": "UI_EquipIcon_Catalyst_Pleroma_Awaken",
        "nameTextMapHash": 426363739
    },
    "14417": {
        "icon": "UI_EquipIcon_Catalyst_Arakalari",
        "awakenIcon": "UI_EquipIcon_Catalyst_Arakalari_Awaken",
        "nameTextMapHash": 2267978875
    },
    "14424": {
        "icon": "UI_EquipIcon_Catalyst_Yue",
        "awakenIcon": "UI_EquipIcon_Catalyst_Yue_Awaken",
        "nameTextMapHash": 2275710883
    },
    "14425": {
        "icon": "UI_EquipIcon_Catalyst_Vorpal",
        "awakenIcon": "UI_EquipIcon_Catalyst_Vorpal_Awaken",
        "nameTextMapHash": 2432865507
    },
    "14426": {
        "icon": "UI_EquipIcon_Catalyst_DandelionPoem",
        "awakenIcon": "UI_EquipIcon_Catalyst_DandelionPoem_Awaken",
        "nameTextMapHash": 2722902043
    },
    "14501": {
        "icon": "UI_EquipIcon_Catalyst_Dvalin",
        "awakenIcon": "UI_EquipIcon_Catalyst_Dvalin_Awaken",
        "nameTextMapHash": 807607555
    },
    "14502": {
        "icon": "UI_EquipIcon_Catalyst_Fourwinds",
        "awakenIcon": "UI_EquipIcon_Catalyst_Fourwinds_Awaken",
        "nameTextMapHash": 1455107995
    },
    "14503": {
        "icon": "UI_EquipIcon_Catalyst_Apprentice",
        "awakenIcon": "UI_EquipIcon_Catalyst_Apprentice_Awaken",
        "nameTextMapHash": 452043283
    },
    "14504": {
        "icon": "UI_EquipIcon_Catalyst_Kunwu",
        "awakenIcon": "UI_EquipIcon_Catalyst_Kunwu_Awaken",
        "nameTextMapHash": 693354267
    },
    "14505": {
        "icon": "UI_EquipIcon_Catalyst_Morax",
        "awakenIcon": "UI_EquipIcon_Catalyst_Morax_Awaken",
        "nameTextMapHash": 4007372867
    },
    "14506": {
        "icon": "UI_EquipIcon_Catalyst_Kaleido",
        "awakenIcon": "UI_EquipIcon_Catalyst_Kaleido_Awaken",
        "nameTextMapHash": 1890163363
    },
    "14508": {
        "icon": "UI_EquipIcon_Catalyst_Apprentice",
        "awakenIcon": "UI_EquipIcon_Catalyst_Apprentice_Awaken",
        "nameTextMapHash": 4123950051
    },
    "14509": {
        "icon": "UI_EquipIcon_Catalyst_Narukami",
        "awakenIcon": "UI_EquipIcon_Catalyst_Narukami_Awaken",
        "nameTextMapHash": 310247243
    },
    "14511": {
        "icon": "UI_EquipIcon_Catalyst_Ayus",
        "awakenIcon": "UI_EquipIcon_Catalyst_Ayus_Awaken",
        "nameTextMapHash": 1201790667
    },
    "14512": {
        "icon": "UI_EquipIcon_Catalyst_Alaya",
        "awakenIcon": "UI_EquipIcon_Catalyst_Alaya_Awaken",
        "nameTextMapHash": 359484419
    },
    "14513": {
        "icon": "UI_EquipIcon_Catalyst_Wheatley",
        "awakenIcon": "UI_EquipIcon_Catalyst_Wheatley_Awaken",
        "nameTextMapHash": 724881171
    },
    "14514": {
        "icon": "UI_EquipIcon_Catalyst_Iudex",
        "awakenIcon": "UI_EquipIcon_Catalyst_Iudex_Awaken",
        "nameTextMapHash": 4176923379
    },
    "15101": {
        "icon": "UI_EquipIcon_Bow_Hunters",
        "awakenIcon": "UI_EquipIcon_Bow_Hunters_Awaken",
        "nameTextMapHash": 3600623979
    },
    "15201": {
        "icon": "UI_EquipIcon_Bow_Old",
        "awakenIcon": "UI_EquipIcon_Bow_Old_Awaken",
        "nameTextMapHash": 2340970067
    },
    "15301": {
        "icon": "UI_EquipIcon_Bow_Crowfeather",
        "awakenIcon": "UI_EquipIcon_Bow_Crowfeather_Awaken",
        "nameTextMapHash": 3975746731
    },
    "15302": {
        "icon": "UI_EquipIcon_Bow_Arjuna",
        "awakenIcon": "UI_EquipIcon_Bow_Arjuna_Awaken",
        "nameTextMapHash": 656120259
    },
    "15303": {
        "icon": "UI_EquipIcon_Bow_Curve",
        "awakenIcon": "UI_EquipIcon_Bow_Curve_Awaken",
        "nameTextMapHash": 4267718859
    },
    "15304": {
        "icon": "UI_EquipIcon_Bow_Sling",
        "awakenIcon": "UI_EquipIcon_Bow_Sling_Awaken",
        "nameTextMapHash": 1021898539
    },
    "15305": {
        "icon": "UI_EquipIcon_Bow_Msg",
        "awakenIcon": "UI_EquipIcon_Bow_Msg_Awaken",
        "nameTextMapHash": 4139294531
    },
    "15306": {
        "icon": "UI_EquipIcon_Bow_Hardwood",
        "awakenIcon": "UI_EquipIcon_Bow_Hardwood_Awaken",
        "nameTextMapHash": 2242027395
    },
    "15401": {
        "icon": "UI_EquipIcon_Bow_Zephyrus",
        "awakenIcon": "UI_EquipIcon_Bow_Zephyrus_Awaken",
        "nameTextMapHash": 1240067179
    },
    "15402": {
        "icon": "UI_EquipIcon_Bow_Troupe",
        "awakenIcon": "UI_EquipIcon_Bow_Troupe_Awaken",
        "nameTextMapHash": 2556914683
    },
    "15403": {
        "icon": "UI_EquipIcon_Bow_Fossil",
        "awakenIcon": "UI_EquipIcon_Bow_Fossil_Awaken",
        "nameTextMapHash": 2400012995
    },
    "15404": {
        "icon": "UI_EquipIcon_Bow_Theocrat",
        "awakenIcon": "UI_EquipIcon_Bow_Theocrat_Awaken",
        "nameTextMapHash": 2832648187
    },
    "15405": {
        "icon": "UI_EquipIcon_Bow_Recluse",
        "awakenIcon": "UI_EquipIcon_Bow_Recluse_Awaken",
        "nameTextMapHash": 3169209451
    },
    "15406": {
        "icon": "UI_EquipIcon_Bow_Proto",
        "awakenIcon": "UI_EquipIcon_Bow_Proto_Awaken",
        "nameTextMapHash": 3625393819
    },
    "15407": {
        "icon": "UI_EquipIcon_Bow_Exotic",
        "awakenIcon": "UI_EquipIcon_Bow_Exotic_Awaken",
        "nameTextMapHash": 411685275
    },
    "15408": {
        "icon": "UI_EquipIcon_Bow_Blackrock",
        "awakenIcon": "UI_EquipIcon_Bow_Blackrock_Awaken",
        "nameTextMapHash": 3447737235
    },
    "15409": {
        "icon": "UI_EquipIcon_Bow_Viridescent",
        "awakenIcon": "UI_EquipIcon_Bow_Viridescent_Awaken",
        "nameTextMapHash": 3439749859
    },
    "15410": {
        "icon": "UI_EquipIcon_Bow_Outlaw",
        "awakenIcon": "UI_EquipIcon_Bow_Outlaw_Awaken",
        "nameTextMapHash": 2417717595
    },
    "15411": {
        "icon": "UI_EquipIcon_Bow_Fallensun",
        "awakenIcon": "UI_EquipIcon_Bow_Fallensun_Awaken",
        "nameTextMapHash": 2425414923
    },
    "15412": {
        "icon": "UI_EquipIcon_Bow_Nachtblind",
        "awakenIcon": "UI_EquipIcon_Bow_Nachtblind_Awaken",
        "nameTextMapHash": 3949653579
    },
    "15413": {
        "icon": "UI_EquipIcon_Bow_Fleurfair",
        "awakenIcon": "UI_EquipIcon_Bow_Fleurfair_Awaken",
        "nameTextMapHash": 650049651
    },
    "15414": {
        "icon": "UI_EquipIcon_Bow_Bakufu",
        "awakenIcon": "UI_EquipIcon_Bow_Bakufu_Awaken",
        "nameTextMapHash": 4186179883
    },
    "15415": {
        "icon": "UI_EquipIcon_Bow_Predator",
        "awakenIcon": "UI_EquipIcon_Bow_Predator_Awaken",
        "nameTextMapHash": 540938627
    },
    "15416": {
        "icon": "UI_EquipIcon_Bow_Maria",
        "awakenIcon": "UI_EquipIcon_Bow_Maria_Awaken",
        "nameTextMapHash": 1860795787
    },
    "15417": {
        "icon": "UI_EquipIcon_Bow_Arakalari",
        "awakenIcon": "UI_EquipIcon_Bow_Arakalari_Awaken",
        "nameTextMapHash": 3176599083
    },
    "15418": {
        "icon": "UI_EquipIcon_Bow_Fin",
        "awakenIcon": "UI_EquipIcon_Bow_Fin_Awaken",
        "nameTextMapHash": 3063191787
    },
    "15419": {
        "icon": "UI_EquipIcon_Bow_Ibis",
        "awakenIcon": "UI_EquipIcon_Bow_Ibis_Awaken",
        "nameTextMapHash": 316078811
    },
    "15424": {
        "icon": "UI_EquipIcon_Bow_Gurabad",
        "awakenIcon": "UI_EquipIcon_Bow_Gurabad_Awaken",
        "nameTextMapHash": 2958179435
    },
    "15425": {
        "icon": "UI_EquipIcon_Bow_Vorpal",
        "awakenIcon": "UI_EquipIcon_Bow_Vorpal_Awaken",
        "nameTextMapHash": 2600875323
    },
    "15427": {
        "icon": "UI_EquipIcon_Bow_Mechanic",
        "awakenIcon": "UI_EquipIcon_Bow_Mechanic_Awaken",
        "nameTextMapHash": 1055195035
    },
    "15501": {
        "icon": "UI_EquipIcon_Bow_Dvalin",
        "awakenIcon": "UI_EquipIcon_Bow_Dvalin_Awaken",
        "nameTextMapHash": 3933622347
    },
    "15502": {
        "icon": "UI_EquipIcon_Bow_Amos",
        "awakenIcon": "UI_EquipIcon_Bow_Amos_Awaken",
        "nameTextMapHash": 828711395
    },
    "15503": {
        "icon": "UI_EquipIcon_Bow_Widsith",
        "awakenIcon": "UI_EquipIcon_Bow_Widsith_Awaken",
        "nameTextMapHash": 3112679155
    },
    "15504": {
        "icon": "UI_EquipIcon_Bow_Hunters",
        "awakenIcon": "UI_EquipIcon_Bow_Hunters_Awaken",
        "nameTextMapHash": 565329475
    },
    "15505": {
        "icon": "UI_EquipIcon_Bow_Hunters",
        "awakenIcon": "UI_EquipIcon_Bow_Hunters_Awaken",
        "nameTextMapHash": 1994081075
    },
    "15506": {
        "icon": "UI_EquipIcon_Bow_Hunters",
        "awakenIcon": "UI_EquipIcon_Bow_Hunters_Awaken",
        "nameTextMapHash": 2824690859
    },
    "15507": {
        "icon": "UI_EquipIcon_Bow_Worldbane",
        "awakenIcon": "UI_EquipIcon_Bow_Worldbane_Awaken",
        "nameTextMapHash": 1901973075
    },
    "15508": {
        "icon": "UI_EquipIcon_Bow_Kirin",
        "awakenIcon": "UI_EquipIcon_Bow_Kirin_Awaken",
        "nameTextMapHash": 4230231107
    },
    "15509": {
        "icon": "UI_EquipIcon_Bow_Narukami",
        "awakenIcon": "UI_EquipIcon_Bow_Narukami_Awaken",
        "nameTextMapHash": 2918525947
    },
    "15511": {
        "icon": "UI_EquipIcon_Bow_Ayus",
        "awakenIcon": "UI_EquipIcon_Bow_Ayus_Awaken",
        "nameTextMapHash": 1348687251
    },
    "15512": {
        "icon": "UI_EquipIcon_Bow_Pledge",
        "awakenIcon": "UI_EquipIcon_Bow_Pledge_Awaken",
        "nameTextMapHash": 2988480723
    },
    "20001": {
        "icon": "UI_EquipIcon_FishingRod",
        "awakenIcon": "UI_EquipIcon_FishingRod_Awaken",
        "nameTextMapHash": 4137694339
    }
}
