{
    "1001": {
        "AvatarName": "6186714091647966180",
        "Rarity": 4,
        "Element": "Ice",
        "AvatarBaseType": "Knight",
        "AvatarSideIconPath": "SpriteOutput/AvatarRoundIcon/Avatar/1001.png",
        "AvatarCutinFrontImgPath": "SpriteOutput/AvatarDrawCard/1001.png",
        "RankIDList": [
            100101,
            100102,
            100103,
            100104,
            100105,
            100106
        ],
        "SkillList": [
            100101,
            100102,
            100103,
            100104,
            100106,
            100107
        ],
        "Skins": [
            {
                "ID": 1100101,
                "AvatarSkinName": "7417070089411963951",
                "AvatarCutinFrontImgPath": "SpriteOutput/AvatarDrawCard/AvatarSkin/1100101.png",
                "AvatarSideIconPath": "SpriteOutput/AvatarRoundIcon/AvatarSkin/1100101.png"
            }
        ]
    },
    "1002": {
        "AvatarName": "10239807114774791393",
        "Rarity": 4,
        "Element": "Wind",
        "AvatarBaseType": "Rogue",
        "AvatarSideIconPath": "SpriteOutput/AvatarRoundIcon/Avatar/1002.png",
        "AvatarCutinFrontImgPath": "SpriteOutput/AvatarDrawCard/1002.png",
        "RankIDList": [
            100201,
            100202,
            100203,
            100204,
            100205,
            100206
        ],
        "SkillList": [
            100201,
            100202,
            100203,
            100204,
            100206,
            100207
        ]
    },
    "1003": {
        "AvatarName": "17590286599225097191",
        "Rarity": 5,
        "Element": "Fire",
        "AvatarBaseType": "Mage",
        "AvatarSideIconPath": "SpriteOutput/AvatarRoundIcon/Avatar/1003.png",
        "AvatarCutinFrontImgPath": "SpriteOutput/AvatarDrawCard/1003.png",
        "RankIDList": [
            100301,
            100302,
            100303,
            100304,
            100305,
            100306
        ],
        "SkillList": [
            100301,
            100302,
            100303,
            100304,
            100306,
            100307
        ]
    },
    "1004": {
        "AvatarName": "2178816269909174781",
        "Rarity": 5,
        "Element": "Imaginary",
        "AvatarBaseType": "Warlock",
        "AvatarSideIconPath": "SpriteOutput/AvatarRoundIcon/Avatar/1004.png",
        "AvatarCutinFrontImgPath": "SpriteOutput/AvatarDrawCard/1004.png",
        "RankIDList": [
            100401,
            100402,
            100403,
            100404,
            100405,
            100406
        ],
        "SkillList": [
            100401,
            100402,
            100403,
            100404,
            100406,
            100407
        ]
    },
    "1005": {
        "AvatarName": "831482934451783913",
        "Rarity": 5,
        "Element": "Thunder",
        "AvatarBaseType": "Warlock",
        "AvatarSideIconPath": "SpriteOutput/AvatarRoundIcon/Avatar/1005.png",
        "AvatarCutinFrontImgPath": "SpriteOutput/AvatarDrawCard/1005.png",
        "RankIDList": [
            100501,
            100502,
            100503,
            100504,
            100505,
            100506
        ],
        "SkillList": [
            100501,
            100502,
            100503,
            100504,
            100506,
            100507
        ]
    },
    "1006": {
        "AvatarName": "12437709666645057337",
        "Rarity": 5,
        "Element": "Quantum",
        "AvatarBaseType": "Warlock",
        "AvatarSideIconPath": "SpriteOutput/AvatarRoundIcon/Avatar/1006.png",
        "AvatarCutinFrontImgPath": "SpriteOutput/AvatarDrawCard/1006.png",
        "RankIDList": [
            100601,
            100602,
            100603,
            100604,
            100605,
            100606
        ],
        "SkillList": [
            100601,
            100602,
            100603,
            100604,
            100606,
            100607
        ]
    },
    "1008": {
        "AvatarName": "4959846561380667115",
        "Rarity": 4,
        "Element": "Thunder",
        "AvatarBaseType": "Warrior",
        "AvatarSideIconPath": "SpriteOutput/AvatarRoundIcon/Avatar/1008.png",
        "AvatarCutinFrontImgPath": "SpriteOutput/AvatarDrawCard/1008.png",
        "RankIDList": [
            100801,
            100802,
            100803,
            100804,
            100805,
            100806
        ],
        "SkillList": [
            100801,
            100802,
            100803,
            100804,
            100806,
            100807
        ]
    },
    "1009": {
        "AvatarName": "1893706111363255403",
        "Rarity": 4,
        "Element": "Fire",
        "AvatarBaseType": "Shaman",
        "AvatarSideIconPath": "SpriteOutput/AvatarRoundIcon/Avatar/1009.png",
        "AvatarCutinFrontImgPath": "SpriteOutput/AvatarDrawCard/1009.png",
        "RankIDList": [
            100901,
            100902,
            100903,
            100904,
            100905,
            100906
        ],
        "SkillList": [
            100901,
            100902,
            100903,
            100904,
            100906,
            100907
        ]
    },
    "1013": {
        "AvatarName": "6548832256366079839",
        "Rarity": 4,
        "Element": "Ice",
        "AvatarBaseType": "Mage",
        "AvatarSideIconPath": "SpriteOutput/AvatarRoundIcon/Avatar/1013.png",
        "AvatarCutinFrontImgPath": "SpriteOutput/AvatarDrawCard/1013.png",
        "RankIDList": [
            101301,
            101302,
            101303,
            101304,
            101305,
            101306
        ],
        "SkillList": [
            101301,
            101302,
            101303,
            101304,
            101306,
            101307
        ]
    },
    "1101": {
        "AvatarName": "12577335996298259768",
        "Rarity": 5,
        "Element": "Wind",
        "AvatarBaseType": "Shaman",
        "AvatarSideIconPath": "SpriteOutput/AvatarRoundIcon/Avatar/1101.png",
        "AvatarCutinFrontImgPath": "SpriteOutput/AvatarDrawCard/1101.png",
        "RankIDList": [
            110101,
            110102,
            110103,
            110104,
            110105,
            110106
        ],
        "SkillList": [
            110101,
            110102,
            110103,
            110104,
            110106,
            110107
        ]
    },
    "1102": {
        "AvatarName": "11512502346378460564",
        "Rarity": 5,
        "Element": "Quantum",
        "AvatarBaseType": "Rogue",
        "AvatarSideIconPath": "SpriteOutput/AvatarRoundIcon/Avatar/1102.png",
        "AvatarCutinFrontImgPath": "SpriteOutput/AvatarDrawCard/1102.png",
        "RankIDList": [
            110201,
            110202,
            110203,
            110204,
            110205,
            110206
        ],
        "SkillList": [
            110201,
            110202,
            110203,
            110204,
            110206,
            110207
        ]
    },
    "1103": {
        "AvatarName": "5848201789834711118",
        "Rarity": 4,
        "Element": "Thunder",
        "AvatarBaseType": "Mage",
        "AvatarSideIconPath": "SpriteOutput/AvatarRoundIcon/Avatar/1103.png",
        "AvatarCutinFrontImgPath": "SpriteOutput/AvatarDrawCard/1103.png",
        "RankIDList": [
            110301,
            110302,
            110303,
            110304,
            110305,
            110306
        ],
        "SkillList": [
            110301,
            110302,
            110303,
            110304,
            110306,
            110307
        ]
    },
    "1104": {
        "AvatarName": "4662720147964902997",
        "Rarity": 5,
        "Element": "Ice",
        "AvatarBaseType": "Knight",
        "AvatarSideIconPath": "SpriteOutput/AvatarRoundIcon/Avatar/1104.png",
        "AvatarCutinFrontImgPath": "SpriteOutput/AvatarDrawCard/1104.png",
        "RankIDList": [
            110401,
            110402,
            110403,
            110404,
            110405,
            110406
        ],
        "SkillList": [
            110401,
            110402,
            110403,
            110404,
            110406,
            110407
        ]
    },
    "1105": {
        "AvatarName": "12514207603391426951",
        "Rarity": 4,
        "Element": "Physical",
        "AvatarBaseType": "Priest",
        "AvatarSideIconPath": "SpriteOutput/AvatarRoundIcon/Avatar/1105.png",
        "AvatarCutinFrontImgPath": "SpriteOutput/AvatarDrawCard/1105.png",
        "RankIDList": [
            110501,
            110502,
            110503,
            110504,
            110505,
            110506
        ],
        "SkillList": [
            110501,
            110502,
            110503,
            110504,
            110506,
            110507
        ]
    },
    "1106": {
        "AvatarName": "3030343134428618721",
        "Rarity": 4,
        "Element": "Ice",
        "AvatarBaseType": "Warlock",
        "AvatarSideIconPath": "SpriteOutput/AvatarRoundIcon/Avatar/1106.png",
        "AvatarCutinFrontImgPath": "SpriteOutput/AvatarDrawCard/1106.png",
        "RankIDList": [
            110601,
            110602,
            110603,
            110604,
            110605,
            110606
        ],
        "SkillList": [
            110601,
            110602,
            110603,
            110604,
            110606,
            110607
        ]
    },
    "1107": {
        "AvatarName": "4657497849737059681",
        "Rarity": 5,
        "Element": "Physical",
        "AvatarBaseType": "Warrior",
        "AvatarSideIconPath": "SpriteOutput/AvatarRoundIcon/Avatar/1107.png",
        "AvatarCutinFrontImgPath": "SpriteOutput/AvatarDrawCard/1107.png",
        "RankIDList": [
            110701,
            110702,
            110703,
            110704,
            110705,
            110706
        ],
        "SkillList": [
            110701,
            110702,
            110703,
            110704,
            110706,
            110707
        ]
    },
    "1108": {
        "AvatarName": "3797624834743983017",
        "Rarity": 4,
        "Element": "Wind",
        "AvatarBaseType": "Warlock",
        "AvatarSideIconPath": "SpriteOutput/AvatarRoundIcon/Avatar/1108.png",
        "AvatarCutinFrontImgPath": "SpriteOutput/AvatarDrawCard/1108.png",
        "RankIDList": [
            110801,
            110802,
            110803,
            110804,
            110805,
            110806
        ],
        "SkillList": [
            110801,
            110802,
            110803,
            110804,
            110806,
            110807
        ]
    },
    "1109": {
        "AvatarName": "8885814719909498250",
        "Rarity": 4,
        "Element": "Fire",
        "AvatarBaseType": "Warrior",
        "AvatarSideIconPath": "SpriteOutput/AvatarRoundIcon/Avatar/1109.png",
        "AvatarCutinFrontImgPath": "SpriteOutput/AvatarDrawCard/1109.png",
        "RankIDList": [
            110901,
            110902,
            110903,
            110904,
            110905,
            110906
        ],
        "SkillList": [
            110901,
            110902,
            110903,
            110904,
            110906,
            110907,
            110909
        ]
    },
    "1110": {
        "AvatarName": "6300665444027651453",
        "Rarity": 4,
        "Element": "Quantum",
        "AvatarBaseType": "Priest",
        "AvatarSideIconPath": "SpriteOutput/AvatarRoundIcon/Avatar/1110.png",
        "AvatarCutinFrontImgPath": "SpriteOutput/AvatarDrawCard/1110.png",
        "RankIDList": [
            111001,
            111002,
            111003,
            111004,
            111005,
            111006
        ],
        "SkillList": [
            111001,
            111002,
            111003,
            111004,
            111006,
            111007
        ]
    },
    "1111": {
        "AvatarName": "5638032823797991781",
        "Rarity": 4,
        "Element": "Physical",
        "AvatarBaseType": "Warlock",
        "AvatarSideIconPath": "SpriteOutput/AvatarRoundIcon/Avatar/1111.png",
        "AvatarCutinFrontImgPath": "SpriteOutput/AvatarDrawCard/1111.png",
        "RankIDList": [
            111101,
            111102,
            111103,
            111104,
            111105,
            111106
        ],
        "SkillList": [
            111101,
            111102,
            111103,
            111104,
            111106,
            111107,
            111108
        ]
    },
    "1112": {
        "AvatarName": "11869199815763640258",
        "Rarity": 5,
        "Element": "Fire",
        "AvatarBaseType": "Rogue",
        "AvatarSideIconPath": "SpriteOutput/AvatarRoundIcon/Avatar/1112.png",
        "AvatarCutinFrontImgPath": "SpriteOutput/AvatarDrawCard/1112.png",
        "RankIDList": [
            111201,
            111202,
            111203,
            111204,
            111205,
            111206
        ],
        "SkillList": [
            111201,
            111202,
            111203,
            111204,
            111206,
            111207
        ]
    },
    "1201": {
        "AvatarName": "16637763514010100144",
        "Rarity": 4,
        "Element": "Quantum",
        "AvatarBaseType": "Mage",
        "AvatarSideIconPath": "SpriteOutput/AvatarRoundIcon/Avatar/1201.png",
        "AvatarCutinFrontImgPath": "SpriteOutput/AvatarDrawCard/1201.png",
        "RankIDList": [
            120101,
            120102,
            120103,
            120104,
            120105,
            120106
        ],
        "SkillList": [
            120101,
            120102,
            120103,
            120104,
            120106,
            120107,
            120108
        ]
    },
    "1202": {
        "AvatarName": "8701250082145497679",
        "Rarity": 4,
        "Element": "Thunder",
        "AvatarBaseType": "Shaman",
        "AvatarSideIconPath": "SpriteOutput/AvatarRoundIcon/Avatar/1202.png",
        "AvatarCutinFrontImgPath": "SpriteOutput/AvatarDrawCard/1202.png",
        "RankIDList": [
            120201,
            120202,
            120203,
            120204,
            120205,
            120206
        ],
        "SkillList": [
            120201,
            120202,
            120203,
            120204,
            120206,
            120207
        ]
    },
    "1203": {
        "AvatarName": "2482429559561780479",
        "Rarity": 5,
        "Element": "Imaginary",
        "AvatarBaseType": "Priest",
        "AvatarSideIconPath": "SpriteOutput/AvatarRoundIcon/Avatar/1203.png",
        "AvatarCutinFrontImgPath": "SpriteOutput/AvatarDrawCard/1203.png",
        "RankIDList": [
            120301,
            120302,
            120303,
            120304,
            120305,
            120306
        ],
        "SkillList": [
            120301,
            120302,
            120303,
            120304,
            120306,
            120307
        ]
    },
    "1204": {
        "AvatarName": "330404745587936068",
        "Rarity": 5,
        "Element": "Thunder",
        "AvatarBaseType": "Mage",
        "AvatarSideIconPath": "SpriteOutput/AvatarRoundIcon/Avatar/1204.png",
        "AvatarCutinFrontImgPath": "SpriteOutput/AvatarDrawCard/1204.png",
        "RankIDList": [
            120401,
            120402,
            120403,
            120404,
            120405,
            120406
        ],
        "SkillList": [
            120401,
            120402,
            120403,
            120404,
            120406,
            120407
        ]
    },
    "1205": {
        "AvatarName": "4951589951007146550",
        "Rarity": 5,
        "Element": "Wind",
        "AvatarBaseType": "Warrior",
        "AvatarSideIconPath": "SpriteOutput/AvatarRoundIcon/Avatar/1205.png",
        "AvatarCutinFrontImgPath": "SpriteOutput/AvatarDrawCard/1205.png",
        "RankIDList": [
            120501,
            120502,
            120503,
            120504,
            120505,
            120506
        ],
        "SkillList": [
            120501,
            120502,
            120503,
            120504,
            120506,
            120507,
            120508
        ]
    },
    "1206": {
        "AvatarName": "4806955196389400116",
        "Rarity": 4,
        "Element": "Physical",
        "AvatarBaseType": "Rogue",
        "AvatarSideIconPath": "SpriteOutput/AvatarRoundIcon/Avatar/1206.png",
        "AvatarCutinFrontImgPath": "SpriteOutput/AvatarDrawCard/1206.png",
        "RankIDList": [
            120601,
            120602,
            120603,
            120604,
            120605,
            120606
        ],
        "SkillList": [
            120601,
            120602,
            120603,
            120604,
            120606,
            120607
        ]
    },
    "1207": {
        "AvatarName": "1140041957738323619",
        "Rarity": 4,
        "Element": "Imaginary",
        "AvatarBaseType": "Shaman",
        "AvatarSideIconPath": "SpriteOutput/AvatarRoundIcon/Avatar/1207.png",
        "AvatarCutinFrontImgPath": "SpriteOutput/AvatarDrawCard/1207.png",
        "RankIDList": [
            120701,
            120702,
            120703,
            120704,
            120705,
            120706
        ],
        "SkillList": [
            120701,
            120702,
            120703,
            120704,
            120706,
            120707
        ]
    },
    "1208": {
        "AvatarName": "10351737015595052238",
        "Rarity": 5,
        "Element": "Quantum",
        "AvatarBaseType": "Knight",
        "AvatarSideIconPath": "SpriteOutput/AvatarRoundIcon/Avatar/1208.png",
        "AvatarCutinFrontImgPath": "SpriteOutput/AvatarDrawCard/1208.png",
        "RankIDList": [
            120801,
            120802,
            120803,
            120804,
            120805,
            120806
        ],
        "SkillList": [
            120801,
            120802,
            120803,
            120804,
            120806,
            120807
        ]
    },
    "1209": {
        "AvatarName": "1960800194395687973",
        "Rarity": 5,
        "Element": "Ice",
        "AvatarBaseType": "Rogue",
        "AvatarSideIconPath": "SpriteOutput/AvatarRoundIcon/Avatar/1209.png",
        "AvatarCutinFrontImgPath": "SpriteOutput/AvatarDrawCard/1209.png",
        "RankIDList": [
            120901,
            120902,
            120903,
            120904,
            120905,
            120906
        ],
        "SkillList": [
            120901,
            120902,
            120903,
            120904,
            120906,
            120907
        ]
    },
    "1210": {
        "AvatarName": "13845204571586703663",
        "Rarity": 4,
        "Element": "Fire",
        "AvatarBaseType": "Warlock",
        "AvatarSideIconPath": "SpriteOutput/AvatarRoundIcon/Avatar/1210.png",
        "AvatarCutinFrontImgPath": "SpriteOutput/AvatarDrawCard/1210.png",
        "RankIDList": [
            121001,
            121002,
            121003,
            121004,
            121005,
            121006
        ],
        "SkillList": [
            121001,
            121002,
            121003,
            121004,
            121006,
            121007
        ]
    },
    "1211": {
        "AvatarName": "13619135324463789256",
        "Rarity": 5,
        "Element": "Thunder",
        "AvatarBaseType": "Priest",
        "AvatarSideIconPath": "SpriteOutput/AvatarRoundIcon/Avatar/1211.png",
        "AvatarCutinFrontImgPath": "SpriteOutput/AvatarDrawCard/1211.png",
        "RankIDList": [
            121101,
            121102,
            121103,
            121104,
            121105,
            121106
        ],
        "SkillList": [
            121101,
            121102,
            121103,
            121104,
            121106,
            121107
        ]
    },
    "1212": {
        "AvatarName": "940795027444042330",
        "Rarity": 5,
        "Element": "Ice",
        "AvatarBaseType": "Warrior",
        "AvatarSideIconPath": "SpriteOutput/AvatarRoundIcon/Avatar/1212.png",
        "AvatarCutinFrontImgPath": "SpriteOutput/AvatarDrawCard/1212.png",
        "RankIDList": [
            121201,
            121202,
            121203,
            121204,
            121205,
            121206
        ],
        "SkillList": [
            121201,
            121202,
            121203,
            121204,
            121206,
            121207,
            121209
        ]
    },
    "1213": {
        "AvatarName": "12834585016341721411",
        "Rarity": 5,
        "Element": "Imaginary",
        "AvatarBaseType": "Warrior",
        "AvatarSideIconPath": "SpriteOutput/AvatarRoundIcon/Avatar/1213.png",
        "AvatarCutinFrontImgPath": "SpriteOutput/AvatarDrawCard/1213.png",
        "RankIDList": [
            121301,
            121302,
            121303,
            121304,
            121305,
            121306
        ],
        "SkillList": [
            121301,
            121302,
            121303,
            121304,
            121306,
            121307,
            121308,
            121309,
            121310,
            121312
        ]
    },
    "1214": {
        "AvatarName": "11495763016926788582",
        "Rarity": 4,
        "Element": "Quantum",
        "AvatarBaseType": "Warrior",
        "AvatarSideIconPath": "SpriteOutput/AvatarRoundIcon/Avatar/1214.png",
        "AvatarCutinFrontImgPath": "SpriteOutput/AvatarDrawCard/1214.png",
        "RankIDList": [
            121401,
            121402,
            121403,
            121404,
            121405,
            121406
        ],
        "SkillList": [
            121401,
            121402,
            121403,
            121404,
            121406,
            121407
        ]
    },
    "1215": {
        "AvatarName": "8944718300027499818",
        "Rarity": 4,
        "Element": "Physical",
        "AvatarBaseType": "Shaman",
        "AvatarSideIconPath": "SpriteOutput/AvatarRoundIcon/Avatar/1215.png",
        "AvatarCutinFrontImgPath": "SpriteOutput/AvatarDrawCard/1215.png",
        "RankIDList": [
            121501,
            121502,
            121503,
            121504,
            121505,
            121506
        ],
        "SkillList": [
            121501,
            121502,
            121503,
            121504,
            121506,
            121507
        ]
    },
    "1217": {
        "AvatarName": "12871454551122846403",
        "Rarity": 5,
        "Element": "Wind",
        "AvatarBaseType": "Priest",
        "AvatarSideIconPath": "SpriteOutput/AvatarRoundIcon/Avatar/1217.png",
        "AvatarCutinFrontImgPath": "SpriteOutput/AvatarDrawCard/1217.png",
        "RankIDList": [
            121701,
            121702,
            121703,
            121704,
            121705,
            121706
        ],
        "SkillList": [
            121701,
            121702,
            121703,
            121704,
            121706,
            121707
        ]
    },
    "1218": {
        "AvatarName": "8300000119407817972",
        "Rarity": 5,
        "Element": "Fire",
        "AvatarBaseType": "Warlock",
        "AvatarSideIconPath": "SpriteOutput/AvatarRoundIcon/Avatar/1218.png",
        "AvatarCutinFrontImgPath": "SpriteOutput/AvatarDrawCard/1218.png",
        "RankIDList": [
            121801,
            121802,
            121803,
            121804,
            121805,
            121806
        ],
        "SkillList": [
            121801,
            121802,
            121803,
            121804,
            121806,
            121807
        ]
    },
    "1220": {
        "AvatarName": "640945362161159110",
        "Rarity": 5,
        "Element": "Wind",
        "AvatarBaseType": "Rogue",
        "AvatarSideIconPath": "SpriteOutput/AvatarRoundIcon/Avatar/1220.png",
        "AvatarCutinFrontImgPath": "SpriteOutput/AvatarDrawCard/1220.png",
        "RankIDList": [
            122001,
            122002,
            122003,
            122004,
            122005,
            122006
        ],
        "SkillList": [
            122001,
            122002,
            122003,
            122004,
            122006,
            122007,
            122008,
            122009,
            122014
        ]
    },
    "1221": {
        "AvatarName": "15084362025105138520",
        "Rarity": 5,
        "Element": "Physical",
        "AvatarBaseType": "Warrior",
        "AvatarSideIconPath": "SpriteOutput/AvatarRoundIcon/Avatar/1221.png",
        "AvatarCutinFrontImgPath": "SpriteOutput/AvatarDrawCard/1221.png",
        "RankIDList": [
            122101,
            122102,
            122103,
            122104,
            122105,
            122106
        ],
        "SkillList": [
            122101,
            122102,
            122103,
            122104,
            122106,
            122107
        ]
    },
    "1222": {
        "AvatarName": "1890772581194122354",
        "Rarity": 5,
        "Element": "Fire",
        "AvatarBaseType": "Priest",
        "AvatarSideIconPath": "SpriteOutput/AvatarRoundIcon/Avatar/1222.png",
        "AvatarCutinFrontImgPath": "SpriteOutput/AvatarDrawCard/1222.png",
        "RankIDList": [
            122201,
            122202,
            122203,
            122204,
            122205,
            122206
        ],
        "SkillList": [
            122201,
            122202,
            122203,
            122204,
            122206,
            122207
        ]
    },
    "1223": {
        "AvatarName": "581825062468630609",
        "Rarity": 4,
        "Element": "Thunder",
        "AvatarBaseType": "Rogue",
        "AvatarSideIconPath": "SpriteOutput/AvatarRoundIcon/Avatar/1223.png",
        "AvatarCutinFrontImgPath": "SpriteOutput/AvatarDrawCard/1223.png",
        "RankIDList": [
            122301,
            122302,
            122303,
            122304,
            122305,
            122306
        ],
        "SkillList": [
            122301,
            122302,
            122303,
            122304,
            122306,
            122307
        ]
    },
    "1224": {
        "AvatarName": "16417870574330506928",
        "Rarity": 4,
        "Element": "Imaginary",
        "AvatarBaseType": "Rogue",
        "AvatarSideIconPath": "SpriteOutput/AvatarRoundIcon/Avatar/1224.png",
        "AvatarCutinFrontImgPath": "SpriteOutput/AvatarDrawCard/1224.png",
        "RankIDList": [
            122401,
            122402,
            122403,
            122404,
            122405,
            122406
        ],
        "SkillList": [
            122401,
            122402,
            122403,
            122404,
            122406,
            122407,
            122408
        ]
    },
    "1225": {
        "AvatarName": "3056810111125476882",
        "Rarity": 5,
        "Element": "Fire",
        "AvatarBaseType": "Warlock",
        "AvatarSideIconPath": "SpriteOutput/AvatarRoundIcon/Avatar/1225.png",
        "AvatarCutinFrontImgPath": "SpriteOutput/AvatarDrawCard/1225.png",
        "RankIDList": [
            122501,
            122502,
            122503,
            122504,
            122505,
            122506
        ],
        "SkillList": [
            122501,
            122502,
            122503,
            122504,
            122506,
            122507,
            122508
        ]
    },
    "1301": {
        "AvatarName": "6816343973270607908",
        "Rarity": 4,
        "Element": "Fire",
        "AvatarBaseType": "Priest",
        "AvatarSideIconPath": "SpriteOutput/AvatarRoundIcon/Avatar/1301.png",
        "AvatarCutinFrontImgPath": "SpriteOutput/AvatarDrawCard/1301.png",
        "RankIDList": [
            130101,
            130102,
            130103,
            130104,
            130105,
            130106
        ],
        "SkillList": [
            130101,
            130102,
            130103,
            130104,
            130106,
            130107,
            130108
        ]
    },
    "1302": {
        "AvatarName": "16607369145002760691",
        "Rarity": 5,
        "Element": "Physical",
        "AvatarBaseType": "Mage",
        "AvatarSideIconPath": "SpriteOutput/AvatarRoundIcon/Avatar/1302.png",
        "AvatarCutinFrontImgPath": "SpriteOutput/AvatarDrawCard/1302.png",
        "RankIDList": [
            130201,
            130202,
            130203,
            130204,
            130205,
            130206
        ],
        "SkillList": [
            130201,
            130202,
            130203,
            130204,
            130206,
            130207,
            130214
        ]
    },
    "1303": {
        "AvatarName": "6427183216833446662",
        "Rarity": 5,
        "Element": "Ice",
        "AvatarBaseType": "Shaman",
        "AvatarSideIconPath": "SpriteOutput/AvatarRoundIcon/Avatar/1303.png",
        "AvatarCutinFrontImgPath": "SpriteOutput/AvatarDrawCard/1303.png",
        "RankIDList": [
            130301,
            130302,
            130303,
            130304,
            130305,
            130306
        ],
        "SkillList": [
            130301,
            130302,
            130303,
            130304,
            130306,
            130307
        ]
    },
    "1304": {
        "AvatarName": "1512189965928596940",
        "Rarity": 5,
        "Element": "Imaginary",
        "AvatarBaseType": "Knight",
        "AvatarSideIconPath": "SpriteOutput/AvatarRoundIcon/Avatar/1304.png",
        "AvatarCutinFrontImgPath": "SpriteOutput/AvatarDrawCard/1304.png",
        "RankIDList": [
            130401,
            130402,
            130403,
            130404,
            130405,
            130406
        ],
        "SkillList": [
            130401,
            130402,
            130403,
            130404,
            130406,
            130407
        ]
    },
    "1305": {
        "AvatarName": "5574869376996182732",
        "Rarity": 5,
        "Element": "Imaginary",
        "AvatarBaseType": "Rogue",
        "AvatarSideIconPath": "SpriteOutput/AvatarRoundIcon/Avatar/1305.png",
        "AvatarCutinFrontImgPath": "SpriteOutput/AvatarDrawCard/1305.png",
        "RankIDList": [
            130501,
            130502,
            130503,
            130504,
            130505,
            130506
        ],
        "SkillList": [
            130501,
            130502,
            130503,
            130504,
            130506,
            130507
        ]
    },
    "1306": {
        "AvatarName": "1154772689835031402",
        "Rarity": 5,
        "Element": "Quantum",
        "AvatarBaseType": "Shaman",
        "AvatarSideIconPath": "SpriteOutput/AvatarRoundIcon/Avatar/1306.png",
        "AvatarCutinFrontImgPath": "SpriteOutput/AvatarDrawCard/1306.png",
        "RankIDList": [
            130601,
            130602,
            130603,
            130604,
            130605,
            130606
        ],
        "SkillList": [
            130601,
            130602,
            130603,
            130604,
            130606,
            130607
        ]
    },
    "1307": {
        "AvatarName": "5006907115971129934",
        "Rarity": 5,
        "Element": "Wind",
        "AvatarBaseType": "Warlock",
        "AvatarSideIconPath": "SpriteOutput/AvatarRoundIcon/Avatar/1307.png",
        "AvatarCutinFrontImgPath": "SpriteOutput/AvatarDrawCard/1307.png",
        "RankIDList": [
            130701,
            130702,
            130703,
            130704,
            130705,
            130706
        ],
        "SkillList": [
            130701,
            130702,
            130703,
            130704,
            130706,
            130707
        ]
    },
    "1308": {
        "AvatarName": "15302882570557665677",
        "Rarity": 5,
        "Element": "Thunder",
        "AvatarBaseType": "Warlock",
        "AvatarSideIconPath": "SpriteOutput/AvatarRoundIcon/Avatar/1308.png",
        "AvatarCutinFrontImgPath": "SpriteOutput/AvatarDrawCard/1308.png",
        "RankIDList": [
            130801,
            130802,
            130803,
            130804,
            130805,
            130806
        ],
        "SkillList": [
            130801,
            130802,
            130803,
            130804,
            130806,
            130807,
            130814,
            130815,
            130816,
            130817
        ]
    },
    "1309": {
        "AvatarName": "16319070348582555665",
        "Rarity": 5,
        "Element": "Physical",
        "AvatarBaseType": "Shaman",
        "AvatarSideIconPath": "SpriteOutput/AvatarRoundIcon/Avatar/1309.png",
        "AvatarCutinFrontImgPath": "SpriteOutput/AvatarDrawCard/1309.png",
        "RankIDList": [
            130901,
            130902,
            130903,
            130904,
            130905,
            130906
        ],
        "SkillList": [
            130901,
            130902,
            130903,
            130904,
            130906,
            130907
        ]
    },
    "1310": {
        "AvatarName": "17277451216686117891",
        "Rarity": 5,
        "Element": "Fire",
        "AvatarBaseType": "Warrior",
        "AvatarSideIconPath": "SpriteOutput/AvatarRoundIcon/Avatar/1310.png",
        "AvatarCutinFrontImgPath": "SpriteOutput/AvatarDrawCard/1310.png",
        "RankIDList": [
            131001,
            131002,
            131003,
            131004,
            131005,
            131006
        ],
        "SkillList": [
            131001,
            131002,
            131003,
            131004,
            131006,
            131007,
            131008,
            131009
        ]
    },
    "1312": {
        "AvatarName": "15577682837980439839",
        "Rarity": 4,
        "Element": "Ice",
        "AvatarBaseType": "Warrior",
        "AvatarSideIconPath": "SpriteOutput/AvatarRoundIcon/Avatar/1312.png",
        "AvatarCutinFrontImgPath": "SpriteOutput/AvatarDrawCard/1312.png",
        "RankIDList": [
            131201,
            131202,
            131203,
            131204,
            131205,
            131206
        ],
        "SkillList": [
            131201,
            131202,
            131203,
            131204,
            131206,
            131207
        ]
    },
    "1313": {
        "AvatarName": "7913253176711977067",
        "Rarity": 5,
        "Element": "Imaginary",
        "AvatarBaseType": "Shaman",
        "AvatarSideIconPath": "SpriteOutput/AvatarRoundIcon/Avatar/1313.png",
        "AvatarCutinFrontImgPath": "SpriteOutput/AvatarDrawCard/1313.png",
        "RankIDList": [
            131301,
            131302,
            131303,
            131304,
            131305,
            131306
        ],
        "SkillList": [
            131301,
            131302,
            131303,
            131304,
            131306,
            131307
        ]
    },
    "1314": {
        "AvatarName": "2887610941167968962",
        "Rarity": 5,
        "Element": "Quantum",
        "AvatarBaseType": "Mage",
        "AvatarSideIconPath": "SpriteOutput/AvatarRoundIcon/Avatar/1314.png",
        "AvatarCutinFrontImgPath": "SpriteOutput/AvatarDrawCard/1314.png",
        "RankIDList": [
            131401,
            131402,
            131403,
            131404,
            131405,
            131406
        ],
        "SkillList": [
            131401,
            131402,
            131403,
            131404,
            131406,
            131407
        ]
    },
    "1315": {
        "AvatarName": "6424512602058263868",
        "Rarity": 5,
        "Element": "Physical",
        "AvatarBaseType": "Rogue",
        "AvatarSideIconPath": "SpriteOutput/AvatarRoundIcon/Avatar/1315.png",
        "AvatarCutinFrontImgPath": "SpriteOutput/AvatarDrawCard/1315.png",
        "RankIDList": [
            131501,
            131502,
            131503,
            131504,
            131505,
            131506
        ],
        "SkillList": [
            131501,
            131502,
            131503,
            131504,
            131506,
            131507,
            131508
        ]
    },
    "1317": {
        "AvatarName": "9807064938372011036",
        "Rarity": 5,
        "Element": "Imaginary",
        "AvatarBaseType": "Mage",
        "AvatarSideIconPath": "SpriteOutput/AvatarRoundIcon/Avatar/1317.png",
        "AvatarCutinFrontImgPath": "SpriteOutput/AvatarDrawCard/1317.png",
        "RankIDList": [
            131701,
            131702,
            131703,
            131704,
            131705,
            131706
        ],
        "SkillList": [
            131701,
            131702,
            131703,
            131704,
            131706,
            131707,
            131708,
            131710,
            131712,
            131718
        ]
    },
    "1401": {
        "AvatarName": "4559632095226063367",
        "Rarity": 5,
        "Element": "Ice",
        "AvatarBaseType": "Mage",
        "AvatarSideIconPath": "SpriteOutput/AvatarRoundIcon/Avatar/1401.png",
        "AvatarCutinFrontImgPath": "SpriteOutput/AvatarDrawCard/1401.png",
        "RankIDList": [
            140101,
            140102,
            140103,
            140104,
            140105,
            140106
        ],
        "SkillList": [
            140101,
            140102,
            140103,
            140104,
            140106,
            140107,
            140109
        ]
    },
    "1402": {
        "AvatarName": "764283421684818925",
        "Rarity": 5,
        "Element": "Thunder",
        "AvatarBaseType": "Memory",
        "AvatarSideIconPath": "SpriteOutput/AvatarRoundIcon/Avatar/1402.png",
        "AvatarCutinFrontImgPath": "SpriteOutput/AvatarDrawCard/1402.png",
        "RankIDList": [
            140201,
            140202,
            140203,
            140204,
            140205,
            140206
        ],
        "SkillList": [
            140201,
            140202,
            140203,
            140204,
            140206,
            140207,
            140208,
            140209
        ]
    },
    "1403": {
        "AvatarName": "15410848306228341212",
        "Rarity": 5,
        "Element": "Quantum",
        "AvatarBaseType": "Shaman",
        "AvatarSideIconPath": "SpriteOutput/AvatarRoundIcon/Avatar/1403.png",
        "AvatarCutinFrontImgPath": "SpriteOutput/AvatarDrawCard/1403.png",
        "RankIDList": [
            140301,
            140302,
            140303,
            140304,
            140305,
            140306
        ],
        "SkillList": [
            140301,
            140302,
            140303,
            140304,
            140306,
            140307
        ]
    },
    "1404": {
        "AvatarName": "13777984539817850592",
        "Rarity": 5,
        "Element": "Imaginary",
        "AvatarBaseType": "Warrior",
        "AvatarSideIconPath": "SpriteOutput/AvatarRoundIcon/Avatar/1404.png",
        "AvatarCutinFrontImgPath": "SpriteOutput/AvatarDrawCard/1404.png",
        "RankIDList": [
            140401,
            140402,
            140403,
            140404,
            140405,
            140406
        ],
        "SkillList": [
            140401,
            140402,
            140403,
            140404,
            140406,
            140407,
            140409,
            140411
        ]
    },
    "1405": {
        "AvatarName": "14399225845844956184",
        "Rarity": 5,
        "Element": "Wind",
        "AvatarBaseType": "Mage",
        "AvatarSideIconPath": "SpriteOutput/AvatarRoundIcon/Avatar/1405.png",
        "AvatarCutinFrontImgPath": "SpriteOutput/AvatarDrawCard/1405.png",
        "RankIDList": [
            140501,
            140502,
            140503,
            140504,
            140505,
            140506
        ],
        "SkillList": [
            140501,
            140502,
            140503,
            140504,
            140506,
            140507
        ]
    },
    "1406": {
        "AvatarName": "1283986297634256167",
        "Rarity": 5,
        "Element": "Quantum",
        "AvatarBaseType": "Warlock",
        "AvatarSideIconPath": "SpriteOutput/AvatarRoundIcon/Avatar/1406.png",
        "AvatarCutinFrontImgPath": "SpriteOutput/AvatarDrawCard/1406.png",
        "RankIDList": [
            140601,
            140602,
            140603,
            140604,
            140605,
            140606
        ],
        "SkillList": [
            140601,
            140602,
            140603,
            140604,
            140606,
            140607
        ]
    },
    "1407": {
        "AvatarName": "6284038990417808171",
        "Rarity": 5,
        "Element": "Quantum",
        "AvatarBaseType": "Memory",
        "AvatarSideIconPath": "SpriteOutput/AvatarRoundIcon/Avatar/1407.png",
        "AvatarCutinFrontImgPath": "SpriteOutput/AvatarDrawCard/1407.png",
        "RankIDList": [
            140701,
            140702,
            140703,
            140704,
            140705,
            140706
        ],
        "SkillList": [
            140701,
            140702,
            140703,
            140704,
            140706,
            140707,
            140709
        ]
    },
    "1409": {
        "AvatarName": "14193361837482662840",
        "Rarity": 5,
        "Element": "Wind",
        "AvatarBaseType": "Memory",
        "AvatarSideIconPath": "SpriteOutput/AvatarRoundIcon/Avatar/1409.png",
        "AvatarCutinFrontImgPath": "SpriteOutput/AvatarDrawCard/1409.png",
        "RankIDList": [
            140901,
            140902,
            140903,
            140904,
            140905,
            140906
        ],
        "SkillList": [
            140901,
            140902,
            140903,
            140904,
            140906,
            140907
        ]
    },
    "8001": {
        "AvatarName": "15351791685587679468",
        "Rarity": 5,
        "Element": "Physical",
        "AvatarBaseType": "Warrior",
        "AvatarSideIconPath": "SpriteOutput/AvatarRoundIcon/Avatar/8001.png",
        "AvatarCutinFrontImgPath": "SpriteOutput/AvatarDrawCard/8001.png",
        "RankIDList": [
            800101,
            800102,
            800103,
            800104,
            800105,
            800106
        ],
        "SkillList": [
            800101,
            800102,
            800103,
            800104,
            800106,
            800107,
            800108,
            800109
        ]
    },
    "8002": {
        "AvatarName": "915414112326692585",
        "Rarity": 5,
        "Element": "Physical",
        "AvatarBaseType": "Warrior",
        "AvatarSideIconPath": "SpriteOutput/AvatarRoundIcon/Avatar/8002.png",
        "AvatarCutinFrontImgPath": "SpriteOutput/AvatarDrawCard/8002.png",
        "RankIDList": [
            800201,
            800202,
            800203,
            800204,
            800205,
            800206
        ],
        "SkillList": [
            800201,
            800202,
            800203,
            800204,
            800206,
            800207,
            800208,
            800209
        ]
    },
    "8003": {
        "AvatarName": "1401066943349888144",
        "Rarity": 5,
        "Element": "Fire",
        "AvatarBaseType": "Knight",
        "AvatarSideIconPath": "SpriteOutput/AvatarRoundIcon/Avatar/8003.png",
        "AvatarCutinFrontImgPath": "SpriteOutput/AvatarDrawCard/8003.png",
        "RankIDList": [
            800301,
            800302,
            800303,
            800304,
            800305,
            800306
        ],
        "SkillList": [
            800301,
            800302,
            800303,
            800304,
            800306,
            800307,
            800308
        ]
    },
    "8004": {
        "AvatarName": "12002536695852490847",
        "Rarity": 5,
        "Element": "Fire",
        "AvatarBaseType": "Knight",
        "AvatarSideIconPath": "SpriteOutput/AvatarRoundIcon/Avatar/8004.png",
        "AvatarCutinFrontImgPath": "SpriteOutput/AvatarDrawCard/8004.png",
        "RankIDList": [
            800401,
            800402,
            800403,
            800404,
            800405,
            800406
        ],
        "SkillList": [
            800401,
            800402,
            800403,
            800404,
            800406,
            800407,
            800408
        ]
    },
    "8005": {
        "AvatarName": "10447948767909792082",
        "Rarity": 5,
        "Element": "Imaginary",
        "AvatarBaseType": "Shaman",
        "AvatarSideIconPath": "SpriteOutput/AvatarRoundIcon/Avatar/8005.png",
        "AvatarCutinFrontImgPath": "SpriteOutput/AvatarDrawCard/8005.png",
        "RankIDList": [
            800501,
            800502,
            800503,
            800504,
            800505,
            800506
        ],
        "SkillList": [
            800501,
            800502,
            800503,
            800504,
            800506,
            800507
        ]
    },
    "8006": {
        "AvatarName": "10393121115260878389",
        "Rarity": 5,
        "Element": "Imaginary",
        "AvatarBaseType": "Shaman",
        "AvatarSideIconPath": "SpriteOutput/AvatarRoundIcon/Avatar/8006.png",
        "AvatarCutinFrontImgPath": "SpriteOutput/AvatarDrawCard/8006.png",
        "RankIDList": [
            800601,
            800602,
            800603,
            800604,
            800605,
            800606
        ],
        "SkillList": [
            800601,
            800602,
            800603,
            800604,
            800606,
            800607
        ]
    },
    "8007": {
        "AvatarName": "16176654588635246657",
        "Rarity": 5,
        "Element": "Ice",
        "AvatarBaseType": "Memory",
        "AvatarSideIconPath": "SpriteOutput/AvatarRoundIcon/Avatar/8007.png",
        "AvatarCutinFrontImgPath": "SpriteOutput/AvatarDrawCard/8007.png",
        "RankIDList": [
            800701,
            800702,
            800703,
            800704,
            800705,
            800706
        ],
        "SkillList": [
            800701,
            800702,
            800703,
            800704,
            800706,
            800707,
            800709
        ]
    },
    "8008": {
        "AvatarName": "4088185837206355760",
        "Rarity": 5,
        "Element": "Ice",
        "AvatarBaseType": "Memory",
        "AvatarSideIconPath": "SpriteOutput/AvatarRoundIcon/Avatar/8008.png",
        "AvatarCutinFrontImgPath": "SpriteOutput/AvatarDrawCard/8008.png",
        "RankIDList": [
            800801,
            800802,
            800803,
            800804,
            800805,
            800806
        ],
        "SkillList": [
            800801,
            800802,
            800803,
            800804,
            800806,
            800807,
            800809
        ]
    }
}
