{
    "200001": {
        "ImagePath": "SpriteOutput/AvatarRoundIcon/UI_Message_Contacts_Anonymous.png"
    },
    "200101": {
        "ImagePath": "SpriteOutput/AvatarRoundIcon/Series/200101.png"
    },
    "200102": {
        "ImagePath": "SpriteOutput/AvatarRoundIcon/Series/200102.png"
    },
    "200103": {
        "ImagePath": "SpriteOutput/AvatarRoundIcon/Series/200103.png"
    },
    "200104": {
        "ImagePath": "SpriteOutput/AvatarRoundIcon/Series/200104.png"
    },
    "200105": {
        "ImagePath": "SpriteOutput/AvatarRoundIcon/Series/200105.png"
    },
    "200106": {
        "ImagePath": "SpriteOutput/AvatarRoundIcon/Series/200106.png"
    },
    "200107": {
        "ImagePath": "SpriteOutput/AvatarRoundIcon/Series/200107.png"
    },
    "200108": {
        "ImagePath": "SpriteOutput/AvatarRoundIcon/Series/200108.png"
    },
    "200109": {
        "ImagePath": "SpriteOutput/AvatarRoundIcon/Series/200109.png"
    },
    "200110": {
        "ImagePath": "SpriteOutput/AvatarRoundIcon/Series/200110.png"
    },
    "200111": {
        "ImagePath": "SpriteOutput/AvatarRoundIcon/Series/200111.png"
    },
    "200112": {
        "ImagePath": "SpriteOutput/AvatarRoundIcon/Series/200112.png"
    },
    "200113": {
        "ImagePath": "SpriteOutput/AvatarRoundIcon/Series/200113.png"
    },
    "200114": {
        "ImagePath": "SpriteOutput/AvatarRoundIcon/Series/200114.png"
    },
    "200115": {
        "ImagePath": "SpriteOutput/AvatarRoundIcon/Series/200115.png"
    },
    "200116": {
        "ImagePath": "SpriteOutput/AvatarRoundIcon/Series/200116.png"
    },
    "201001": {
        "ImagePath": "SpriteOutput/AvatarRoundIcon/1001.png"
    },
    "201002": {
        "ImagePath": "SpriteOutput/AvatarRoundIcon/1002.png"
    },
    "201003": {
        "ImagePath": "SpriteOutput/AvatarRoundIcon/1003.png"
    },
    "201004": {
        "ImagePath": "SpriteOutput/AvatarRoundIcon/1004.png"
    },
    "201005": {
        "ImagePath": "SpriteOutput/AvatarRoundIcon/1005.png"
    },
    "201006": {
        "ImagePath": "SpriteOutput/AvatarRoundIcon/1006.png"
    },
    "201008": {
        "ImagePath": "SpriteOutput/AvatarRoundIcon/1008.png"
    },
    "201009": {
        "ImagePath": "SpriteOutput/AvatarRoundIcon/1009.png"
    },
    "201013": {
        "ImagePath": "SpriteOutput/AvatarRoundIcon/1013.png"
    },
    "201101": {
        "ImagePath": "SpriteOutput/AvatarRoundIcon/1101.png"
    },
    "201102": {
        "ImagePath": "SpriteOutput/AvatarRoundIcon/1102.png"
    },
    "201103": {
        "ImagePath": "SpriteOutput/AvatarRoundIcon/1103.png"
    },
    "201104": {
        "ImagePath": "SpriteOutput/AvatarRoundIcon/1104.png"
    },
    "201105": {
        "ImagePath": "SpriteOutput/AvatarRoundIcon/1105.png"
    },
    "201106": {
        "ImagePath": "SpriteOutput/AvatarRoundIcon/1106.png"
    },
    "201107": {
        "ImagePath": "SpriteOutput/AvatarRoundIcon/1107.png"
    },
    "201108": {
        "ImagePath": "SpriteOutput/AvatarRoundIcon/1108.png"
    },
    "201109": {
        "ImagePath": "SpriteOutput/AvatarRoundIcon/1109.png"
    },
    "201110": {
        "ImagePath": "SpriteOutput/AvatarRoundIcon/1110.png"
    },
    "201111": {
        "ImagePath": "SpriteOutput/AvatarRoundIcon/1111.png"
    },
    "201112": {
        "ImagePath": "SpriteOutput/AvatarRoundIcon/1112.png"
    },
    "201201": {
        "ImagePath": "SpriteOutput/AvatarRoundIcon/1201.png"
    },
    "201202": {
        "ImagePath": "SpriteOutput/AvatarRoundIcon/1202.png"
    },
    "201203": {
        "ImagePath": "SpriteOutput/AvatarRoundIcon/1203.png"
    },
    "201204": {
        "ImagePath": "SpriteOutput/AvatarRoundIcon/1204.png"
    },
    "201205": {
        "ImagePath": "SpriteOutput/AvatarRoundIcon/1205.png"
    },
    "201206": {
        "ImagePath": "SpriteOutput/AvatarRoundIcon/1206.png"
    },
    "201207": {
        "ImagePath": "SpriteOutput/AvatarRoundIcon/1207.png"
    },
    "201208": {
        "ImagePath": "SpriteOutput/AvatarRoundIcon/1208.png"
    },
    "201209": {
        "ImagePath": "SpriteOutput/AvatarRoundIcon/1209.png"
    },
    "201210": {
        "ImagePath": "SpriteOutput/AvatarRoundIcon/1210.png"
    },
    "201211": {
        "ImagePath": "SpriteOutput/AvatarRoundIcon/1211.png"
    },
    "201212": {
        "ImagePath": "SpriteOutput/AvatarRoundIcon/1212.png"
    },
    "201213": {
        "ImagePath": "SpriteOutput/AvatarRoundIcon/1213.png"
    },
    "201214": {
        "ImagePath": "SpriteOutput/AvatarRoundIcon/1214.png"
    },
    "201215": {
        "ImagePath": "SpriteOutput/AvatarRoundIcon/1215.png"
    },
    "201217": {
        "ImagePath": "SpriteOutput/AvatarRoundIcon/1217.png"
    },
    "201302": {
        "ImagePath": "SpriteOutput/AvatarRoundIcon/1302.png"
    },
    "201303": {
        "ImagePath": "SpriteOutput/AvatarRoundIcon/1303.png"
    },
    "201305": {
        "ImagePath": "SpriteOutput/AvatarRoundIcon/1305.png"
    },
    "202001": {
        "ImagePath": "SpriteOutput/AvatarRoundIcon/Series/202001.png"
    },
    "202002": {
        "ImagePath": "SpriteOutput/AvatarRoundIcon/Series/202002.png"
    },
    "202003": {
        "ImagePath": "SpriteOutput/AvatarRoundIcon/Series/202003.png"
    },
    "202004": {
        "ImagePath": "SpriteOutput/AvatarRoundIcon/Series/202004.png"
    },
    "202005": {
        "ImagePath": "SpriteOutput/AvatarRoundIcon/Series/202005.png"
    },
    "202006": {
        "ImagePath": "SpriteOutput/AvatarRoundIcon/Series/202006.png"
    },
    "202007": {
        "ImagePath": "SpriteOutput/AvatarRoundIcon/Series/202007.png"
    },
    "202008": {
        "ImagePath": "SpriteOutput/AvatarRoundIcon/Series/202008.png"
    },
    "202009": {
        "ImagePath": "SpriteOutput/AvatarRoundIcon/Series/202009.png"
    },
    "202010": {
        "ImagePath": "SpriteOutput/AvatarRoundIcon/Series/202010.png"
    },
    "208001": {
        "ImagePath": "SpriteOutput/AvatarRoundIcon/8001.png"
    },
    "208002": {
        "ImagePath": "SpriteOutput/AvatarRoundIcon/8002.png"
    },
    "208003": {
        "ImagePath": "SpriteOutput/AvatarRoundIcon/8003.png"
    },
    "208004": {
        "ImagePath": "SpriteOutput/AvatarRoundIcon/8004.png"
    }
}
