{
    "200001": {
        "ImagePath": "SpriteOutput/AvatarRoundIcon/UI_Message_Contacts_Anonymous.png"
    },
    "200101": {
        "ImagePath": "SpriteOutput/AvatarRoundIcon/Series/200101.png"
    },
    "200102": {
        "ImagePath": "SpriteOutput/AvatarRoundIcon/Series/200102.png"
    },
    "200103": {
        "ImagePath": "SpriteOutput/AvatarRoundIcon/Series/200103.png"
    },
    "200104": {
        "ImagePath": "SpriteOutput/AvatarRoundIcon/Series/200104.png"
    },
    "200105": {
        "ImagePath": "SpriteOutput/AvatarRoundIcon/Series/200105.png"
    },
    "200106": {
        "ImagePath": "SpriteOutput/AvatarRoundIcon/Series/200106.png"
    },
    "200107": {
        "ImagePath": "SpriteOutput/AvatarRoundIcon/Series/200107.png"
    },
    "200108": {
        "ImagePath": "SpriteOutput/AvatarRoundIcon/Series/200108.png"
    },
    "200109": {
        "ImagePath": "SpriteOutput/AvatarRoundIcon/Series/200109.png"
    },
    "200110": {
        "ImagePath": "SpriteOutput/AvatarRoundIcon/Series/200110.png"
    },
    "200111": {
        "ImagePath": "SpriteOutput/AvatarRoundIcon/Series/200111.png"
    },
    "200112": {
        "ImagePath": "SpriteOutput/AvatarRoundIcon/Series/200112.png"
    },
    "200113": {
        "ImagePath": "SpriteOutput/AvatarRoundIcon/Series/200113.png"
    },
    "200114": {
        "ImagePath": "SpriteOutput/AvatarRoundIcon/Series/200114.png"
    },
    "200115": {
        "ImagePath": "SpriteOutput/AvatarRoundIcon/Series/200115.png"
    },
    "200116": {
        "ImagePath": "SpriteOutput/AvatarRoundIcon/Series/200116.png"
    },
    "200117": {
        "ImagePath": "SpriteOutput/AvatarRoundIcon/Series/200117.png"
    },
    "200118": {
        "ImagePath": "SpriteOutput/AvatarRoundIcon/Series/200118.png"
    },
    "200119": {
        "ImagePath": "SpriteOutput/AvatarRoundIcon/Series/200119.png"
    },
    "200120": {
        "ImagePath": "SpriteOutput/AvatarRoundIcon/Series/200120.png"
    },
    "200121": {
        "ImagePath": "SpriteOutput/AvatarRoundIcon/Series/200121.png"
    },
    "200122": {
        "ImagePath": "SpriteOutput/AvatarRoundIcon/Series/200122.png"
    },
    "200123": {
        "ImagePath": "SpriteOutput/AvatarRoundIcon/Series/200123.png"
    },
    "200124": {
        "ImagePath": "SpriteOutput/AvatarRoundIcon/Series/200124.png"
    },
    "200125": {
        "ImagePath": "SpriteOutput/AvatarRoundIcon/Series/200125.png"
    },
    "200126": {
        "ImagePath": "SpriteOutput/AvatarRoundIcon/Series/200126.png"
    },
    "200127": {
        "ImagePath": "SpriteOutput/AvatarRoundIcon/Series/200127.png"
    },
    "200128": {
        "ImagePath": "SpriteOutput/AvatarRoundIcon/Series/200128.png"
    },
    "200129": {
        "ImagePath": "SpriteOutput/AvatarRoundIcon/Series/200129.png"
    },
    "200130": {
        "ImagePath": "SpriteOutput/AvatarRoundIcon/Series/200130.png"
    },
    "200131": {
        "ImagePath": "SpriteOutput/AvatarRoundIcon/Series/200131.png"
    },
    "200132": {
        "ImagePath": "SpriteOutput/AvatarRoundIcon/Series/200132.png"
    },
    "200133": {
        "ImagePath": "SpriteOutput/AvatarRoundIcon/Series/200133.png"
    },
    "200134": {
        "ImagePath": "SpriteOutput/AvatarRoundIcon/Series/200134.png"
    },
    "201001": {
        "ImagePath": "SpriteOutput/AvatarRoundIcon/Avatar/1001.png"
    },
    "201002": {
        "ImagePath": "SpriteOutput/AvatarRoundIcon/Avatar/1002.png"
    },
    "201003": {
        "ImagePath": "SpriteOutput/AvatarRoundIcon/Avatar/1003.png"
    },
    "201004": {
        "ImagePath": "SpriteOutput/AvatarRoundIcon/Avatar/1004.png"
    },
    "201005": {
        "ImagePath": "SpriteOutput/AvatarRoundIcon/Avatar/1005.png"
    },
    "201006": {
        "ImagePath": "SpriteOutput/AvatarRoundIcon/Avatar/1006.png"
    },
    "201008": {
        "ImagePath": "SpriteOutput/AvatarRoundIcon/Avatar/1008.png"
    },
    "201009": {
        "ImagePath": "SpriteOutput/AvatarRoundIcon/Avatar/1009.png"
    },
    "201013": {
        "ImagePath": "SpriteOutput/AvatarRoundIcon/Avatar/1013.png"
    },
    "201101": {
        "ImagePath": "SpriteOutput/AvatarRoundIcon/Avatar/1101.png"
    },
    "201102": {
        "ImagePath": "SpriteOutput/AvatarRoundIcon/Avatar/1102.png"
    },
    "201103": {
        "ImagePath": "SpriteOutput/AvatarRoundIcon/Avatar/1103.png"
    },
    "201104": {
        "ImagePath": "SpriteOutput/AvatarRoundIcon/Avatar/1104.png"
    },
    "201105": {
        "ImagePath": "SpriteOutput/AvatarRoundIcon/Avatar/1105.png"
    },
    "201106": {
        "ImagePath": "SpriteOutput/AvatarRoundIcon/Avatar/1106.png"
    },
    "201107": {
        "ImagePath": "SpriteOutput/AvatarRoundIcon/Avatar/1107.png"
    },
    "201108": {
        "ImagePath": "SpriteOutput/AvatarRoundIcon/Avatar/1108.png"
    },
    "201109": {
        "ImagePath": "SpriteOutput/AvatarRoundIcon/Avatar/1109.png"
    },
    "201110": {
        "ImagePath": "SpriteOutput/AvatarRoundIcon/Avatar/1110.png"
    },
    "201111": {
        "ImagePath": "SpriteOutput/AvatarRoundIcon/Avatar/1111.png"
    },
    "201112": {
        "ImagePath": "SpriteOutput/AvatarRoundIcon/Avatar/1112.png"
    },
    "201201": {
        "ImagePath": "SpriteOutput/AvatarRoundIcon/Avatar/1201.png"
    },
    "201202": {
        "ImagePath": "SpriteOutput/AvatarRoundIcon/Avatar/1202.png"
    },
    "201203": {
        "ImagePath": "SpriteOutput/AvatarRoundIcon/Avatar/1203.png"
    },
    "201204": {
        "ImagePath": "SpriteOutput/AvatarRoundIcon/Avatar/1204.png"
    },
    "201205": {
        "ImagePath": "SpriteOutput/AvatarRoundIcon/Avatar/1205.png"
    },
    "201206": {
        "ImagePath": "SpriteOutput/AvatarRoundIcon/Avatar/1206.png"
    },
    "201207": {
        "ImagePath": "SpriteOutput/AvatarRoundIcon/Avatar/1207.png"
    },
    "201208": {
        "ImagePath": "SpriteOutput/AvatarRoundIcon/Avatar/1208.png"
    },
    "201209": {
        "ImagePath": "SpriteOutput/AvatarRoundIcon/Avatar/1209.png"
    },
    "201210": {
        "ImagePath": "SpriteOutput/AvatarRoundIcon/Avatar/1210.png"
    },
    "201211": {
        "ImagePath": "SpriteOutput/AvatarRoundIcon/Avatar/1211.png"
    },
    "201212": {
        "ImagePath": "SpriteOutput/AvatarRoundIcon/Avatar/1212.png"
    },
    "201213": {
        "ImagePath": "SpriteOutput/AvatarRoundIcon/Avatar/1213.png"
    },
    "201214": {
        "ImagePath": "SpriteOutput/AvatarRoundIcon/Avatar/1214.png"
    },
    "201215": {
        "ImagePath": "SpriteOutput/AvatarRoundIcon/Avatar/1215.png"
    },
    "201217": {
        "ImagePath": "SpriteOutput/AvatarRoundIcon/Avatar/1217.png"
    },
    "201218": {
        "ImagePath": "SpriteOutput/AvatarRoundIcon/Avatar/1218.png"
    },
    "201220": {
        "ImagePath": "SpriteOutput/AvatarRoundIcon/Avatar/1220.png"
    },
    "201221": {
        "ImagePath": "SpriteOutput/AvatarRoundIcon/Avatar/1221.png"
    },
    "201222": {
        "ImagePath": "SpriteOutput/AvatarRoundIcon/Avatar/1222.png"
    },
    "201223": {
        "ImagePath": "SpriteOutput/AvatarRoundIcon/Avatar/1223.png"
    },
    "201224": {
        "ImagePath": "SpriteOutput/AvatarRoundIcon/Avatar/1224.png"
    },
    "201225": {
        "ImagePath": "SpriteOutput/AvatarRoundIcon/Avatar/1225.png"
    },
    "201301": {
        "ImagePath": "SpriteOutput/AvatarRoundIcon/Avatar/1301.png"
    },
    "201302": {
        "ImagePath": "SpriteOutput/AvatarRoundIcon/Avatar/1302.png"
    },
    "201303": {
        "ImagePath": "SpriteOutput/AvatarRoundIcon/Avatar/1303.png"
    },
    "201304": {
        "ImagePath": "SpriteOutput/AvatarRoundIcon/Avatar/1304.png"
    },
    "201305": {
        "ImagePath": "SpriteOutput/AvatarRoundIcon/Avatar/1305.png"
    },
    "201306": {
        "ImagePath": "SpriteOutput/AvatarRoundIcon/Avatar/1306.png"
    },
    "201307": {
        "ImagePath": "SpriteOutput/AvatarRoundIcon/Avatar/1307.png"
    },
    "201308": {
        "ImagePath": "SpriteOutput/AvatarRoundIcon/Avatar/1308.png"
    },
    "201309": {
        "ImagePath": "SpriteOutput/AvatarRoundIcon/Avatar/1309.png"
    },
    "201310": {
        "ImagePath": "SpriteOutput/AvatarRoundIcon/Avatar/1310.png"
    },
    "201312": {
        "ImagePath": "SpriteOutput/AvatarRoundIcon/Avatar/1312.png"
    },
    "201313": {
        "ImagePath": "SpriteOutput/AvatarRoundIcon/Avatar/1313.png"
    },
    "201314": {
        "ImagePath": "SpriteOutput/AvatarRoundIcon/Avatar/1314.png"
    },
    "201315": {
        "ImagePath": "SpriteOutput/AvatarRoundIcon/Avatar/1315.png"
    },
    "201317": {
        "ImagePath": "SpriteOutput/AvatarRoundIcon/Avatar/1317.png"
    },
    "201401": {
        "ImagePath": "SpriteOutput/AvatarRoundIcon/Avatar/1401.png"
    },
    "201402": {
        "ImagePath": "SpriteOutput/AvatarRoundIcon/Avatar/1402.png"
    },
    "202001": {
        "ImagePath": "SpriteOutput/AvatarRoundIcon/Series/202001.png"
    },
    "202002": {
        "ImagePath": "SpriteOutput/AvatarRoundIcon/Series/202002.png"
    },
    "202003": {
        "ImagePath": "SpriteOutput/AvatarRoundIcon/Series/202003.png"
    },
    "202004": {
        "ImagePath": "SpriteOutput/AvatarRoundIcon/Series/202004.png"
    },
    "202005": {
        "ImagePath": "SpriteOutput/AvatarRoundIcon/Series/202005.png"
    },
    "202006": {
        "ImagePath": "SpriteOutput/AvatarRoundIcon/Series/202006.png"
    },
    "202007": {
        "ImagePath": "SpriteOutput/AvatarRoundIcon/Series/202007.png"
    },
    "202008": {
        "ImagePath": "SpriteOutput/AvatarRoundIcon/Series/202008.png"
    },
    "202009": {
        "ImagePath": "SpriteOutput/AvatarRoundIcon/Series/202009.png"
    },
    "202010": {
        "ImagePath": "SpriteOutput/AvatarRoundIcon/Series/202010.png"
    },
    "202011": {
        "ImagePath": "SpriteOutput/AvatarRoundIcon/Series/202011.png"
    },
    "202012": {
        "ImagePath": "SpriteOutput/AvatarRoundIcon/Series/202012.png"
    },
    "202013": {
        "ImagePath": "SpriteOutput/AvatarRoundIcon/Series/202013.png"
    },
    "202014": {
        "ImagePath": "SpriteOutput/AvatarRoundIcon/Series/202014.png"
    },
    "202015": {
        "ImagePath": "SpriteOutput/AvatarRoundIcon/Series/202015.png"
    },
    "202016": {
        "ImagePath": "SpriteOutput/AvatarRoundIcon/Series/202016.png"
    },
    "202017": {
        "ImagePath": "SpriteOutput/AvatarRoundIcon/Series/202017.png"
    },
    "202018": {
        "ImagePath": "SpriteOutput/AvatarRoundIcon/Series/202018.png"
    },
    "202019": {
        "ImagePath": "SpriteOutput/AvatarRoundIcon/Series/202019.png"
    },
    "202020": {
        "ImagePath": "SpriteOutput/AvatarRoundIcon/Series/202020.png"
    },
    "202025": {
        "ImagePath": "SpriteOutput/AvatarRoundIcon/Series/202025.png"
    },
    "202028": {
        "ImagePath": "SpriteOutput/AvatarRoundIcon/Series/202028.png"
    },
    "202029": {
        "ImagePath": "SpriteOutput/AvatarRoundIcon/AvatarSkin/1100101.png"
    },
    "208001": {
        "ImagePath": "SpriteOutput/AvatarRoundIcon/Avatar/8001.png"
    },
    "208002": {
        "ImagePath": "SpriteOutput/AvatarRoundIcon/Avatar/8002.png"
    },
    "208003": {
        "ImagePath": "SpriteOutput/AvatarRoundIcon/Avatar/8003.png"
    },
    "208004": {
        "ImagePath": "SpriteOutput/AvatarRoundIcon/Avatar/8004.png"
    },
    "208005": {
        "ImagePath": "SpriteOutput/AvatarRoundIcon/Avatar/8005.png"
    },
    "208006": {
        "ImagePath": "SpriteOutput/AvatarRoundIcon/Avatar/8006.png"
    },
    "208007": {
        "ImagePath": "SpriteOutput/AvatarRoundIcon/Avatar/8007.png"
    },
    "208008": {
        "ImagePath": "SpriteOutput/AvatarRoundIcon/Avatar/8008.png"
    }
}
