{
    "20000": {
        "Rarity": 3,
        "AvatarBaseType": "Rogue",
        "EquipmentName": "1315631816518421847",
        "ImagePath": "SpriteOutput/LightConeFigures/20000.png"
    },
    "20001": {
        "Rarity": 3,
        "AvatarBaseType": "Priest",
        "EquipmentName": "626150995471578115",
        "ImagePath": "SpriteOutput/LightConeFigures/20001.png"
    },
    "20002": {
        "Rarity": 3,
        "AvatarBaseType": "Warrior",
        "EquipmentName": "131015357822286277",
        "ImagePath": "SpriteOutput/LightConeFigures/20002.png"
    },
    "20003": {
        "Rarity": 3,
        "AvatarBaseType": "Knight",
        "EquipmentName": "1980577345993249477",
        "ImagePath": "SpriteOutput/LightConeFigures/20003.png"
    },
    "20004": {
        "Rarity": 3,
        "AvatarBaseType": "Warlock",
        "EquipmentName": "6342114722180502380",
        "ImagePath": "SpriteOutput/LightConeFigures/20004.png"
    },
    "20005": {
        "Rarity": 3,
        "AvatarBaseType": "Shaman",
        "EquipmentName": "15002084058293597877",
        "ImagePath": "SpriteOutput/LightConeFigures/20005.png"
    },
    "20006": {
        "Rarity": 3,
        "AvatarBaseType": "Mage",
        "EquipmentName": "2920583894071632168",
        "ImagePath": "SpriteOutput/LightConeFigures/20006.png"
    },
    "20007": {
        "Rarity": 3,
        "AvatarBaseType": "Rogue",
        "EquipmentName": "12734437266111259030",
        "ImagePath": "SpriteOutput/LightConeFigures/20007.png"
    },
    "20008": {
        "Rarity": 3,
        "AvatarBaseType": "Priest",
        "EquipmentName": "10739058991811781260",
        "ImagePath": "SpriteOutput/LightConeFigures/20008.png"
    },
    "20009": {
        "Rarity": 3,
        "AvatarBaseType": "Warrior",
        "EquipmentName": "11402115896427763107",
        "ImagePath": "SpriteOutput/LightConeFigures/20009.png"
    },
    "20010": {
        "Rarity": 3,
        "AvatarBaseType": "Knight",
        "EquipmentName": "13332347318490615628",
        "ImagePath": "SpriteOutput/LightConeFigures/20010.png"
    },
    "20011": {
        "Rarity": 3,
        "AvatarBaseType": "Warlock",
        "EquipmentName": "17785355910974162683",
        "ImagePath": "SpriteOutput/LightConeFigures/20011.png"
    },
    "20012": {
        "Rarity": 3,
        "AvatarBaseType": "Shaman",
        "EquipmentName": "12247399936092798494",
        "ImagePath": "SpriteOutput/LightConeFigures/20012.png"
    },
    "20013": {
        "Rarity": 3,
        "AvatarBaseType": "Mage",
        "EquipmentName": "17410807256696397784",
        "ImagePath": "SpriteOutput/LightConeFigures/20013.png"
    },
    "20014": {
        "Rarity": 3,
        "AvatarBaseType": "Rogue",
        "EquipmentName": "2319508155290238659",
        "ImagePath": "SpriteOutput/LightConeFigures/20014.png"
    },
    "20015": {
        "Rarity": 3,
        "AvatarBaseType": "Priest",
        "EquipmentName": "13040055884517558711",
        "ImagePath": "SpriteOutput/LightConeFigures/20015.png"
    },
    "20016": {
        "Rarity": 3,
        "AvatarBaseType": "Warrior",
        "EquipmentName": "11103093482623620642",
        "ImagePath": "SpriteOutput/LightConeFigures/20016.png"
    },
    "20017": {
        "Rarity": 3,
        "AvatarBaseType": "Knight",
        "EquipmentName": "13879749833137113727",
        "ImagePath": "SpriteOutput/LightConeFigures/20017.png"
    },
    "20018": {
        "Rarity": 3,
        "AvatarBaseType": "Warlock",
        "EquipmentName": "12247613731536879846",
        "ImagePath": "SpriteOutput/LightConeFigures/20018.png"
    },
    "20019": {
        "Rarity": 3,
        "AvatarBaseType": "Shaman",
        "EquipmentName": "15032070239134334540",
        "ImagePath": "SpriteOutput/LightConeFigures/20019.png"
    },
    "20020": {
        "Rarity": 3,
        "AvatarBaseType": "Mage",
        "EquipmentName": "12568713156998545906",
        "ImagePath": "SpriteOutput/LightConeFigures/20020.png"
    },
    "20021": {
        "Rarity": 3,
        "AvatarBaseType": "Memory",
        "EquipmentName": "8589021141704183905",
        "ImagePath": "SpriteOutput/LightConeFigures/20021.png"
    },
    "20022": {
        "Rarity": 3,
        "AvatarBaseType": "Memory",
        "EquipmentName": "3133619668689285080",
        "ImagePath": "SpriteOutput/LightConeFigures/20022.png"
    },
    "21000": {
        "Rarity": 4,
        "AvatarBaseType": "Priest",
        "EquipmentName": "2167454448275708155",
        "ImagePath": "SpriteOutput/LightConeFigures/21000.png"
    },
    "21001": {
        "Rarity": 4,
        "AvatarBaseType": "Warlock",
        "EquipmentName": "7552929900027690675",
        "ImagePath": "SpriteOutput/LightConeFigures/21001.png"
    },
    "21002": {
        "Rarity": 4,
        "AvatarBaseType": "Knight",
        "EquipmentName": "14499399798298365304",
        "ImagePath": "SpriteOutput/LightConeFigures/21002.png"
    },
    "21003": {
        "Rarity": 4,
        "AvatarBaseType": "Rogue",
        "EquipmentName": "12928749239135264942",
        "ImagePath": "SpriteOutput/LightConeFigures/21003.png"
    },
    "21004": {
        "Rarity": 4,
        "AvatarBaseType": "Shaman",
        "EquipmentName": "10427242296541626113",
        "ImagePath": "SpriteOutput/LightConeFigures/21004.png"
    },
    "21005": {
        "Rarity": 4,
        "AvatarBaseType": "Warrior",
        "EquipmentName": "10839077926966289407",
        "ImagePath": "SpriteOutput/LightConeFigures/21005.png"
    },
    "21006": {
        "Rarity": 4,
        "AvatarBaseType": "Mage",
        "EquipmentName": "14111965920986505827",
        "ImagePath": "SpriteOutput/LightConeFigures/21006.png"
    },
    "21007": {
        "Rarity": 4,
        "AvatarBaseType": "Priest",
        "EquipmentName": "1689191955197149654",
        "ImagePath": "SpriteOutput/LightConeFigures/21007.png"
    },
    "21008": {
        "Rarity": 4,
        "AvatarBaseType": "Warlock",
        "EquipmentName": "7595585734525049293",
        "ImagePath": "SpriteOutput/LightConeFigures/21008.png"
    },
    "21009": {
        "Rarity": 4,
        "AvatarBaseType": "Knight",
        "EquipmentName": "1697621481831882137",
        "ImagePath": "SpriteOutput/LightConeFigures/21009.png"
    },
    "21010": {
        "Rarity": 4,
        "AvatarBaseType": "Rogue",
        "EquipmentName": "12749567746103982808",
        "ImagePath": "SpriteOutput/LightConeFigures/21010.png"
    },
    "21011": {
        "Rarity": 4,
        "AvatarBaseType": "Shaman",
        "EquipmentName": "13158293906785266925",
        "ImagePath": "SpriteOutput/LightConeFigures/21011.png"
    },
    "21012": {
        "Rarity": 4,
        "AvatarBaseType": "Warrior",
        "EquipmentName": "7988605493025865868",
        "ImagePath": "SpriteOutput/LightConeFigures/21012.png"
    },
    "21013": {
        "Rarity": 4,
        "AvatarBaseType": "Mage",
        "EquipmentName": "162961089588416007",
        "ImagePath": "SpriteOutput/LightConeFigures/21013.png"
    },
    "21014": {
        "Rarity": 4,
        "AvatarBaseType": "Priest",
        "EquipmentName": "13174243432611028231",
        "ImagePath": "SpriteOutput/LightConeFigures/21014.png"
    },
    "21015": {
        "Rarity": 4,
        "AvatarBaseType": "Warlock",
        "EquipmentName": "13745399009822153287",
        "ImagePath": "SpriteOutput/LightConeFigures/21015.png"
    },
    "21016": {
        "Rarity": 4,
        "AvatarBaseType": "Knight",
        "EquipmentName": "1574056865504538423",
        "ImagePath": "SpriteOutput/LightConeFigures/21016.png"
    },
    "21017": {
        "Rarity": 4,
        "AvatarBaseType": "Rogue",
        "EquipmentName": "16799517243763151061",
        "ImagePath": "SpriteOutput/LightConeFigures/21017.png"
    },
    "21018": {
        "Rarity": 4,
        "AvatarBaseType": "Shaman",
        "EquipmentName": "2617276305345465640",
        "ImagePath": "SpriteOutput/LightConeFigures/21018.png"
    },
    "21019": {
        "Rarity": 4,
        "AvatarBaseType": "Warrior",
        "EquipmentName": "7087158918269789482",
        "ImagePath": "SpriteOutput/LightConeFigures/21019.png"
    },
    "21020": {
        "Rarity": 4,
        "AvatarBaseType": "Mage",
        "EquipmentName": "3011459729684543498",
        "ImagePath": "SpriteOutput/LightConeFigures/21020.png"
    },
    "21021": {
        "Rarity": 4,
        "AvatarBaseType": "Priest",
        "EquipmentName": "5213115940555228162",
        "ImagePath": "SpriteOutput/LightConeFigures/21021.png"
    },
    "21022": {
        "Rarity": 4,
        "AvatarBaseType": "Warlock",
        "EquipmentName": "11556837653135001833",
        "ImagePath": "SpriteOutput/LightConeFigures/21022.png"
    },
    "21023": {
        "Rarity": 4,
        "AvatarBaseType": "Knight",
        "EquipmentName": "2437893704371924013",
        "ImagePath": "SpriteOutput/LightConeFigures/21023.png"
    },
    "21024": {
        "Rarity": 4,
        "AvatarBaseType": "Rogue",
        "EquipmentName": "7199060513447123746",
        "ImagePath": "SpriteOutput/LightConeFigures/21024.png"
    },
    "21025": {
        "Rarity": 4,
        "AvatarBaseType": "Shaman",
        "EquipmentName": "6669890141724855046",
        "ImagePath": "SpriteOutput/LightConeFigures/21025.png"
    },
    "21026": {
        "Rarity": 4,
        "AvatarBaseType": "Warrior",
        "EquipmentName": "2865330475640667594",
        "ImagePath": "SpriteOutput/LightConeFigures/21026.png"
    },
    "21027": {
        "Rarity": 4,
        "AvatarBaseType": "Mage",
        "EquipmentName": "10425213309433675372",
        "ImagePath": "SpriteOutput/LightConeFigures/21027.png"
    },
    "21028": {
        "Rarity": 4,
        "AvatarBaseType": "Priest",
        "EquipmentName": "9790535670345159450",
        "ImagePath": "SpriteOutput/LightConeFigures/21028.png"
    },
    "21029": {
        "Rarity": 4,
        "AvatarBaseType": "Warlock",
        "EquipmentName": "16240711282141343645",
        "ImagePath": "SpriteOutput/LightConeFigures/21029.png"
    },
    "21030": {
        "Rarity": 4,
        "AvatarBaseType": "Knight",
        "EquipmentName": "12664422904687735233",
        "ImagePath": "SpriteOutput/LightConeFigures/21030.png"
    },
    "21031": {
        "Rarity": 4,
        "AvatarBaseType": "Rogue",
        "EquipmentName": "9181486690944903166",
        "ImagePath": "SpriteOutput/LightConeFigures/21031.png"
    },
    "21032": {
        "Rarity": 4,
        "AvatarBaseType": "Shaman",
        "EquipmentName": "12162768609723681896",
        "ImagePath": "SpriteOutput/LightConeFigures/21032.png"
    },
    "21033": {
        "Rarity": 4,
        "AvatarBaseType": "Warrior",
        "EquipmentName": "14096160680959455656",
        "ImagePath": "SpriteOutput/LightConeFigures/21033.png"
    },
    "21034": {
        "Rarity": 4,
        "AvatarBaseType": "Mage",
        "EquipmentName": "4457157234821228851",
        "ImagePath": "SpriteOutput/LightConeFigures/21034.png"
    },
    "21035": {
        "Rarity": 4,
        "AvatarBaseType": "Priest",
        "EquipmentName": "14618451847251881593",
        "ImagePath": "SpriteOutput/LightConeFigures/21035.png"
    },
    "21036": {
        "Rarity": 4,
        "AvatarBaseType": "Shaman",
        "EquipmentName": "7190155227974321848",
        "ImagePath": "SpriteOutput/LightConeFigures/21036.png"
    },
    "21037": {
        "Rarity": 4,
        "AvatarBaseType": "Rogue",
        "EquipmentName": "11986294710949841576",
        "ImagePath": "SpriteOutput/LightConeFigures/21037.png"
    },
    "21038": {
        "Rarity": 4,
        "AvatarBaseType": "Warrior",
        "EquipmentName": "15061106384238445075",
        "ImagePath": "SpriteOutput/LightConeFigures/21038.png"
    },
    "21039": {
        "Rarity": 4,
        "AvatarBaseType": "Knight",
        "EquipmentName": "17221523966150677749",
        "ImagePath": "SpriteOutput/LightConeFigures/21039.png"
    },
    "21040": {
        "Rarity": 4,
        "AvatarBaseType": "Mage",
        "EquipmentName": "11787985211097824188",
        "ImagePath": "SpriteOutput/LightConeFigures/21040.png"
    },
    "21041": {
        "Rarity": 4,
        "AvatarBaseType": "Warlock",
        "EquipmentName": "9917675222835188030",
        "ImagePath": "SpriteOutput/LightConeFigures/21041.png"
    },
    "21042": {
        "Rarity": 4,
        "AvatarBaseType": "Warrior",
        "EquipmentName": "10092969236133299188",
        "ImagePath": "SpriteOutput/LightConeFigures/21042.png"
    },
    "21043": {
        "Rarity": 4,
        "AvatarBaseType": "Knight",
        "EquipmentName": "14152526364798022068",
        "ImagePath": "SpriteOutput/LightConeFigures/21043.png"
    },
    "21044": {
        "Rarity": 4,
        "AvatarBaseType": "Warlock",
        "EquipmentName": "10467065315466017245",
        "ImagePath": "SpriteOutput/LightConeFigures/21044.png"
    },
    "21045": {
        "Rarity": 4,
        "AvatarBaseType": "Mage",
        "EquipmentName": "2017811926861740653",
        "ImagePath": "SpriteOutput/LightConeFigures/21045.png"
    },
    "21046": {
        "Rarity": 4,
        "AvatarBaseType": "Shaman",
        "EquipmentName": "7852072680209603817",
        "ImagePath": "SpriteOutput/LightConeFigures/21046.png"
    },
    "21047": {
        "Rarity": 4,
        "AvatarBaseType": "Rogue",
        "EquipmentName": "5449558217329844746",
        "ImagePath": "SpriteOutput/LightConeFigures/21047.png"
    },
    "21048": {
        "Rarity": 4,
        "AvatarBaseType": "Priest",
        "EquipmentName": "17607126303400988571",
        "ImagePath": "SpriteOutput/LightConeFigures/21048.png"
    },
    "21050": {
        "Rarity": 4,
        "AvatarBaseType": "Memory",
        "EquipmentName": "3826288517981139592",
        "ImagePath": "SpriteOutput/LightConeFigures/21050.png"
    },
    "21051": {
        "Rarity": 4,
        "AvatarBaseType": "Memory",
        "EquipmentName": "6987783680196069182",
        "ImagePath": "SpriteOutput/LightConeFigures/21051.png"
    },
    "21052": {
        "Rarity": 4,
        "AvatarBaseType": "Memory",
        "EquipmentName": "2812952012494006470",
        "ImagePath": "SpriteOutput/LightConeFigures/21052.png"
    },
    "22000": {
        "Rarity": 4,
        "AvatarBaseType": "Warlock",
        "EquipmentName": "6499212577580680601",
        "ImagePath": "SpriteOutput/LightConeFigures/22000.png"
    },
    "22001": {
        "Rarity": 4,
        "AvatarBaseType": "Priest",
        "EquipmentName": "5044439088801606790",
        "ImagePath": "SpriteOutput/LightConeFigures/22001.png"
    },
    "22002": {
        "Rarity": 4,
        "AvatarBaseType": "Shaman",
        "EquipmentName": "12477180630545967573",
        "ImagePath": "SpriteOutput/LightConeFigures/22002.png"
    },
    "22003": {
        "Rarity": 4,
        "AvatarBaseType": "Warrior",
        "EquipmentName": "3181001684884320491",
        "ImagePath": "SpriteOutput/LightConeFigures/22003.png"
    },
    "22004": {
        "Rarity": 4,
        "AvatarBaseType": "Mage",
        "EquipmentName": "14528966166175872583",
        "ImagePath": "SpriteOutput/LightConeFigures/22004.png"
    },
    "23000": {
        "Rarity": 5,
        "AvatarBaseType": "Mage",
        "EquipmentName": "15382217452095502614",
        "ImagePath": "SpriteOutput/LightConeFigures/23000.png"
    },
    "23001": {
        "Rarity": 5,
        "AvatarBaseType": "Rogue",
        "EquipmentName": "8801957355485281282",
        "ImagePath": "SpriteOutput/LightConeFigures/23001.png"
    },
    "23002": {
        "Rarity": 5,
        "AvatarBaseType": "Warrior",
        "EquipmentName": "12383480154175459629",
        "ImagePath": "SpriteOutput/LightConeFigures/23002.png"
    },
    "23003": {
        "Rarity": 5,
        "AvatarBaseType": "Shaman",
        "EquipmentName": "8522650187971319173",
        "ImagePath": "SpriteOutput/LightConeFigures/23003.png"
    },
    "23004": {
        "Rarity": 5,
        "AvatarBaseType": "Warlock",
        "EquipmentName": "10183975544059560062",
        "ImagePath": "SpriteOutput/LightConeFigures/23004.png"
    },
    "23005": {
        "Rarity": 5,
        "AvatarBaseType": "Knight",
        "EquipmentName": "7937757985821192715",
        "ImagePath": "SpriteOutput/LightConeFigures/23005.png"
    },
    "23006": {
        "Rarity": 5,
        "AvatarBaseType": "Warlock",
        "EquipmentName": "17574691798561298326",
        "ImagePath": "SpriteOutput/LightConeFigures/23006.png"
    },
    "23007": {
        "Rarity": 5,
        "AvatarBaseType": "Warlock",
        "EquipmentName": "12681543763079713620",
        "ImagePath": "SpriteOutput/LightConeFigures/23007.png"
    },
    "23008": {
        "Rarity": 5,
        "AvatarBaseType": "Priest",
        "EquipmentName": "14622040109051771747",
        "ImagePath": "SpriteOutput/LightConeFigures/23008.png"
    },
    "23009": {
        "Rarity": 5,
        "AvatarBaseType": "Warrior",
        "EquipmentName": "9878785544467344708",
        "ImagePath": "SpriteOutput/LightConeFigures/23009.png"
    },
    "23010": {
        "Rarity": 5,
        "AvatarBaseType": "Mage",
        "EquipmentName": "5016139085509664328",
        "ImagePath": "SpriteOutput/LightConeFigures/23010.png"
    },
    "23011": {
        "Rarity": 5,
        "AvatarBaseType": "Knight",
        "EquipmentName": "4097943518132692404",
        "ImagePath": "SpriteOutput/LightConeFigures/23011.png"
    },
    "23012": {
        "Rarity": 5,
        "AvatarBaseType": "Rogue",
        "EquipmentName": "3988416931465964572",
        "ImagePath": "SpriteOutput/LightConeFigures/23012.png"
    },
    "23013": {
        "Rarity": 5,
        "AvatarBaseType": "Priest",
        "EquipmentName": "2939788966008364272",
        "ImagePath": "SpriteOutput/LightConeFigures/23013.png"
    },
    "23014": {
        "Rarity": 5,
        "AvatarBaseType": "Warrior",
        "EquipmentName": "8896320544221495485",
        "ImagePath": "SpriteOutput/LightConeFigures/23014.png"
    },
    "23015": {
        "Rarity": 5,
        "AvatarBaseType": "Warrior",
        "EquipmentName": "5882077875757512131",
        "ImagePath": "SpriteOutput/LightConeFigures/23015.png"
    },
    "23016": {
        "Rarity": 5,
        "AvatarBaseType": "Rogue",
        "EquipmentName": "6338477157066304065",
        "ImagePath": "SpriteOutput/LightConeFigures/23016.png"
    },
    "23017": {
        "Rarity": 5,
        "AvatarBaseType": "Priest",
        "EquipmentName": "6652371494884618152",
        "ImagePath": "SpriteOutput/LightConeFigures/23017.png"
    },
    "23018": {
        "Rarity": 5,
        "AvatarBaseType": "Mage",
        "EquipmentName": "7806293657413569732",
        "ImagePath": "SpriteOutput/LightConeFigures/23018.png"
    },
    "23019": {
        "Rarity": 5,
        "AvatarBaseType": "Shaman",
        "EquipmentName": "6511942529766525790",
        "ImagePath": "SpriteOutput/LightConeFigures/23019.png"
    },
    "23020": {
        "Rarity": 5,
        "AvatarBaseType": "Rogue",
        "EquipmentName": "13217917909606342578",
        "ImagePath": "SpriteOutput/LightConeFigures/23020.png"
    },
    "23021": {
        "Rarity": 5,
        "AvatarBaseType": "Shaman",
        "EquipmentName": "13392063733437188899",
        "ImagePath": "SpriteOutput/LightConeFigures/23021.png"
    },
    "23022": {
        "Rarity": 5,
        "AvatarBaseType": "Warlock",
        "EquipmentName": "1760113629327884437",
        "ImagePath": "SpriteOutput/LightConeFigures/23022.png"
    },
    "23023": {
        "Rarity": 5,
        "AvatarBaseType": "Knight",
        "EquipmentName": "16572767459975564925",
        "ImagePath": "SpriteOutput/LightConeFigures/23023.png"
    },
    "23024": {
        "Rarity": 5,
        "AvatarBaseType": "Warlock",
        "EquipmentName": "2304736168270673834",
        "ImagePath": "SpriteOutput/LightConeFigures/23024.png"
    },
    "23025": {
        "Rarity": 5,
        "AvatarBaseType": "Warrior",
        "EquipmentName": "5533133162833624556",
        "ImagePath": "SpriteOutput/LightConeFigures/23025.png"
    },
    "23026": {
        "Rarity": 5,
        "AvatarBaseType": "Shaman",
        "EquipmentName": "7151795079392647332",
        "ImagePath": "SpriteOutput/LightConeFigures/23026.png"
    },
    "23027": {
        "Rarity": 5,
        "AvatarBaseType": "Rogue",
        "EquipmentName": "16562686593279533010",
        "ImagePath": "SpriteOutput/LightConeFigures/23027.png"
    },
    "23028": {
        "Rarity": 5,
        "AvatarBaseType": "Mage",
        "EquipmentName": "8391488999247369590",
        "ImagePath": "SpriteOutput/LightConeFigures/23028.png"
    },
    "23029": {
        "Rarity": 5,
        "AvatarBaseType": "Warlock",
        "EquipmentName": "458554896646617640",
        "ImagePath": "SpriteOutput/LightConeFigures/23029.png"
    },
    "23030": {
        "Rarity": 5,
        "AvatarBaseType": "Warrior",
        "EquipmentName": "9582006062334260573",
        "ImagePath": "SpriteOutput/LightConeFigures/23030.png"
    },
    "23031": {
        "Rarity": 5,
        "AvatarBaseType": "Rogue",
        "EquipmentName": "14143448995387386080",
        "ImagePath": "SpriteOutput/LightConeFigures/23031.png"
    },
    "23032": {
        "Rarity": 5,
        "AvatarBaseType": "Priest",
        "EquipmentName": "7711419540001836555",
        "ImagePath": "SpriteOutput/LightConeFigures/23032.png"
    },
    "23033": {
        "Rarity": 5,
        "AvatarBaseType": "Mage",
        "EquipmentName": "166399991008704530",
        "ImagePath": "SpriteOutput/LightConeFigures/23033.png"
    },
    "23034": {
        "Rarity": 5,
        "AvatarBaseType": "Shaman",
        "EquipmentName": "17036794612158182092",
        "ImagePath": "SpriteOutput/LightConeFigures/23034.png"
    },
    "23035": {
        "Rarity": 5,
        "AvatarBaseType": "Warlock",
        "EquipmentName": "2365588922771791772",
        "ImagePath": "SpriteOutput/LightConeFigures/23035.png"
    },
    "23036": {
        "Rarity": 5,
        "AvatarBaseType": "Memory",
        "EquipmentName": "12998084085250275171",
        "ImagePath": "SpriteOutput/LightConeFigures/23036.png"
    },
    "23037": {
        "Rarity": 5,
        "AvatarBaseType": "Mage",
        "EquipmentName": "7647972073962524348",
        "ImagePath": "SpriteOutput/LightConeFigures/23037.png"
    },
    "23038": {
        "Rarity": 5,
        "AvatarBaseType": "Shaman",
        "EquipmentName": "5079774664946893569",
        "ImagePath": "SpriteOutput/LightConeFigures/23038.png"
    },
    "23039": {
        "Rarity": 5,
        "AvatarBaseType": "Warrior",
        "EquipmentName": "10640455180150177057",
        "ImagePath": "SpriteOutput/LightConeFigures/23039.png"
    },
    "23040": {
        "Rarity": 5,
        "AvatarBaseType": "Memory",
        "EquipmentName": "17921507779222204537",
        "ImagePath": "SpriteOutput/LightConeFigures/23040.png"
    },
    "23041": {
        "Rarity": 5,
        "AvatarBaseType": "Mage",
        "EquipmentName": "12290078682480906936",
        "ImagePath": "SpriteOutput/LightConeFigures/23041.png"
    },
    "24000": {
        "Rarity": 5,
        "AvatarBaseType": "Warrior",
        "EquipmentName": "4075116411984711274",
        "ImagePath": "SpriteOutput/LightConeFigures/24000.png"
    },
    "24001": {
        "Rarity": 5,
        "AvatarBaseType": "Rogue",
        "EquipmentName": "6397781049354459849",
        "ImagePath": "SpriteOutput/LightConeFigures/24001.png"
    },
    "24002": {
        "Rarity": 5,
        "AvatarBaseType": "Knight",
        "EquipmentName": "2383987427860701439",
        "ImagePath": "SpriteOutput/LightConeFigures/24002.png"
    },
    "24003": {
        "Rarity": 5,
        "AvatarBaseType": "Warlock",
        "EquipmentName": "6603370301531956729",
        "ImagePath": "SpriteOutput/LightConeFigures/24003.png"
    },
    "24004": {
        "Rarity": 5,
        "AvatarBaseType": "Mage",
        "EquipmentName": "15435895158678403029",
        "ImagePath": "SpriteOutput/LightConeFigures/24004.png"
    },
    "24005": {
        "Rarity": 5,
        "AvatarBaseType": "Memory",
        "EquipmentName": "10592306546445443705",
        "ImagePath": "SpriteOutput/LightConeFigures/24005.png"
    }
}
