{
    "20000": {
        "Rarity": 3,
        "AvatarBaseType": "Rogue",
        "EquipmentName": -234052537,
        "ImagePath": "SpriteOutput/LightConeFigures/20000.png"
    },
    "20001": {
        "Rarity": 3,
        "AvatarBaseType": "Priest",
        "EquipmentName": -234052538,
        "ImagePath": "SpriteOutput/LightConeFigures/20001.png"
    },
    "20002": {
        "Rarity": 3,
        "AvatarBaseType": "Warrior",
        "EquipmentName": -234052535,
        "ImagePath": "SpriteOutput/LightConeFigures/20002.png"
    },
    "20003": {
        "Rarity": 3,
        "AvatarBaseType": "Knight",
        "EquipmentName": -234052536,
        "ImagePath": "SpriteOutput/LightConeFigures/20003.png"
    },
    "20004": {
        "Rarity": 3,
        "AvatarBaseType": "Warlock",
        "EquipmentName": -234052541,
        "ImagePath": "SpriteOutput/LightConeFigures/20004.png"
    },
    "20005": {
        "Rarity": 3,
        "AvatarBaseType": "Shaman",
        "EquipmentName": -234052542,
        "ImagePath": "SpriteOutput/LightConeFigures/20005.png"
    },
    "20006": {
        "Rarity": 3,
        "AvatarBaseType": "Mage",
        "EquipmentName": -234052539,
        "ImagePath": "SpriteOutput/LightConeFigures/20006.png"
    },
    "20007": {
        "Rarity": 3,
        "AvatarBaseType": "Rogue",
        "EquipmentName": -234052540,
        "ImagePath": "SpriteOutput/LightConeFigures/20007.png"
    },
    "20008": {
        "Rarity": 3,
        "AvatarBaseType": "Priest",
        "EquipmentName": -234052545,
        "ImagePath": "SpriteOutput/LightConeFigures/20008.png"
    },
    "20009": {
        "Rarity": 3,
        "AvatarBaseType": "Warrior",
        "EquipmentName": -234052546,
        "ImagePath": "SpriteOutput/LightConeFigures/20009.png"
    },
    "20010": {
        "Rarity": 3,
        "AvatarBaseType": "Knight",
        "EquipmentName": 1332031404,
        "ImagePath": "SpriteOutput/LightConeFigures/20010.png"
    },
    "20011": {
        "Rarity": 3,
        "AvatarBaseType": "Warlock",
        "EquipmentName": 1332031403,
        "ImagePath": "SpriteOutput/LightConeFigures/20011.png"
    },
    "20012": {
        "Rarity": 3,
        "AvatarBaseType": "Shaman",
        "EquipmentName": 1332031406,
        "ImagePath": "SpriteOutput/LightConeFigures/20012.png"
    },
    "20013": {
        "Rarity": 3,
        "AvatarBaseType": "Mage",
        "EquipmentName": 1332031405,
        "ImagePath": "SpriteOutput/LightConeFigures/20013.png"
    },
    "20014": {
        "Rarity": 3,
        "AvatarBaseType": "Rogue",
        "EquipmentName": 1332031400,
        "ImagePath": "SpriteOutput/LightConeFigures/20014.png"
    },
    "20015": {
        "Rarity": 3,
        "AvatarBaseType": "Priest",
        "EquipmentName": 1332031399,
        "ImagePath": "SpriteOutput/LightConeFigures/20015.png"
    },
    "20016": {
        "Rarity": 3,
        "AvatarBaseType": "Warrior",
        "EquipmentName": 1332031402,
        "ImagePath": "SpriteOutput/LightConeFigures/20016.png"
    },
    "20017": {
        "Rarity": 3,
        "AvatarBaseType": "Knight",
        "EquipmentName": 1332031401,
        "ImagePath": "SpriteOutput/LightConeFigures/20017.png"
    },
    "20018": {
        "Rarity": 3,
        "AvatarBaseType": "Warlock",
        "EquipmentName": 1332031396,
        "ImagePath": "SpriteOutput/LightConeFigures/20018.png"
    },
    "20019": {
        "Rarity": 3,
        "AvatarBaseType": "Shaman",
        "EquipmentName": 1332031395,
        "ImagePath": "SpriteOutput/LightConeFigures/20019.png"
    },
    "20020": {
        "Rarity": 3,
        "AvatarBaseType": "Mage",
        "EquipmentName": 928746877,
        "ImagePath": "SpriteOutput/LightConeFigures/20020.png"
    },
    "21000": {
        "Rarity": 4,
        "AvatarBaseType": "Priest",
        "EquipmentName": 1352234380,
        "ImagePath": "SpriteOutput/LightConeFigures/21000.png"
    },
    "21001": {
        "Rarity": 4,
        "AvatarBaseType": "Warlock",
        "EquipmentName": 1352234379,
        "ImagePath": "SpriteOutput/LightConeFigures/21001.png"
    },
    "21002": {
        "Rarity": 4,
        "AvatarBaseType": "Knight",
        "EquipmentName": 1352234382,
        "ImagePath": "SpriteOutput/LightConeFigures/21002.png"
    },
    "21003": {
        "Rarity": 4,
        "AvatarBaseType": "Rogue",
        "EquipmentName": 1352234381,
        "ImagePath": "SpriteOutput/LightConeFigures/21003.png"
    },
    "21004": {
        "Rarity": 4,
        "AvatarBaseType": "Shaman",
        "EquipmentName": 1352234376,
        "ImagePath": "SpriteOutput/LightConeFigures/21004.png"
    },
    "21005": {
        "Rarity": 4,
        "AvatarBaseType": "Warrior",
        "EquipmentName": 1352234375,
        "ImagePath": "SpriteOutput/LightConeFigures/21005.png"
    },
    "21006": {
        "Rarity": 4,
        "AvatarBaseType": "Mage",
        "EquipmentName": 1352234378,
        "ImagePath": "SpriteOutput/LightConeFigures/21006.png"
    },
    "21007": {
        "Rarity": 4,
        "AvatarBaseType": "Priest",
        "EquipmentName": 1352234377,
        "ImagePath": "SpriteOutput/LightConeFigures/21007.png"
    },
    "21008": {
        "Rarity": 4,
        "AvatarBaseType": "Warlock",
        "EquipmentName": 1352234372,
        "ImagePath": "SpriteOutput/LightConeFigures/21008.png"
    },
    "21009": {
        "Rarity": 4,
        "AvatarBaseType": "Knight",
        "EquipmentName": 1352234371,
        "ImagePath": "SpriteOutput/LightConeFigures/21009.png"
    },
    "21010": {
        "Rarity": 4,
        "AvatarBaseType": "Rogue",
        "EquipmentName": -213849561,
        "ImagePath": "SpriteOutput/LightConeFigures/21010.png"
    },
    "21011": {
        "Rarity": 4,
        "AvatarBaseType": "Shaman",
        "EquipmentName": -213849562,
        "ImagePath": "SpriteOutput/LightConeFigures/21011.png"
    },
    "21012": {
        "Rarity": 4,
        "AvatarBaseType": "Warrior",
        "EquipmentName": -213849559,
        "ImagePath": "SpriteOutput/LightConeFigures/21012.png"
    },
    "21013": {
        "Rarity": 4,
        "AvatarBaseType": "Mage",
        "EquipmentName": -213849560,
        "ImagePath": "SpriteOutput/LightConeFigures/21013.png"
    },
    "21014": {
        "Rarity": 4,
        "AvatarBaseType": "Priest",
        "EquipmentName": -213849565,
        "ImagePath": "SpriteOutput/LightConeFigures/21014.png"
    },
    "21015": {
        "Rarity": 4,
        "AvatarBaseType": "Warlock",
        "EquipmentName": -213849566,
        "ImagePath": "SpriteOutput/LightConeFigures/21015.png"
    },
    "21016": {
        "Rarity": 4,
        "AvatarBaseType": "Knight",
        "EquipmentName": -213849563,
        "ImagePath": "SpriteOutput/LightConeFigures/21016.png"
    },
    "21017": {
        "Rarity": 4,
        "AvatarBaseType": "Rogue",
        "EquipmentName": -213849564,
        "ImagePath": "SpriteOutput/LightConeFigures/21017.png"
    },
    "21018": {
        "Rarity": 4,
        "AvatarBaseType": "Shaman",
        "EquipmentName": -213849569,
        "ImagePath": "SpriteOutput/LightConeFigures/21018.png"
    },
    "21019": {
        "Rarity": 4,
        "AvatarBaseType": "Warrior",
        "EquipmentName": -213849570,
        "ImagePath": "SpriteOutput/LightConeFigures/21019.png"
    },
    "21020": {
        "Rarity": 4,
        "AvatarBaseType": "Mage",
        "EquipmentName": -1779933502,
        "ImagePath": "SpriteOutput/LightConeFigures/21020.png"
    },
    "21021": {
        "Rarity": 4,
        "AvatarBaseType": "Priest",
        "EquipmentName": -1779933503,
        "ImagePath": "SpriteOutput/LightConeFigures/21021.png"
    },
    "21022": {
        "Rarity": 4,
        "AvatarBaseType": "Warlock",
        "EquipmentName": -1779933500,
        "ImagePath": "SpriteOutput/LightConeFigures/21022.png"
    },
    "21023": {
        "Rarity": 4,
        "AvatarBaseType": "Knight",
        "EquipmentName": -1779933501,
        "ImagePath": "SpriteOutput/LightConeFigures/21023.png"
    },
    "21024": {
        "Rarity": 4,
        "AvatarBaseType": "Rogue",
        "EquipmentName": -1779933506,
        "ImagePath": "SpriteOutput/LightConeFigures/21024.png"
    },
    "21025": {
        "Rarity": 4,
        "AvatarBaseType": "Shaman",
        "EquipmentName": -1779933507,
        "ImagePath": "SpriteOutput/LightConeFigures/21025.png"
    },
    "21026": {
        "Rarity": 4,
        "AvatarBaseType": "Warrior",
        "EquipmentName": -1779933504,
        "ImagePath": "SpriteOutput/LightConeFigures/21026.png"
    },
    "21027": {
        "Rarity": 4,
        "AvatarBaseType": "Mage",
        "EquipmentName": -1779933505,
        "ImagePath": "SpriteOutput/LightConeFigures/21027.png"
    },
    "21028": {
        "Rarity": 4,
        "AvatarBaseType": "Priest",
        "EquipmentName": -1779933510,
        "ImagePath": "SpriteOutput/LightConeFigures/21028.png"
    },
    "21029": {
        "Rarity": 4,
        "AvatarBaseType": "Warlock",
        "EquipmentName": -1779933511,
        "ImagePath": "SpriteOutput/LightConeFigures/21029.png"
    },
    "21030": {
        "Rarity": 4,
        "AvatarBaseType": "Knight",
        "EquipmentName": 948949853,
        "ImagePath": "SpriteOutput/LightConeFigures/21030.png"
    },
    "21031": {
        "Rarity": 4,
        "AvatarBaseType": "Rogue",
        "EquipmentName": 948949852,
        "ImagePath": "SpriteOutput/LightConeFigures/21031.png"
    },
    "21032": {
        "Rarity": 4,
        "AvatarBaseType": "Shaman",
        "EquipmentName": 948949855,
        "ImagePath": "SpriteOutput/LightConeFigures/21032.png"
    },
    "21033": {
        "Rarity": 4,
        "AvatarBaseType": "Warrior",
        "EquipmentName": 948949854,
        "ImagePath": "SpriteOutput/LightConeFigures/21033.png"
    },
    "21034": {
        "Rarity": 4,
        "AvatarBaseType": "Mage",
        "EquipmentName": 948949849,
        "ImagePath": "SpriteOutput/LightConeFigures/21034.png"
    },
    "21035": {
        "Rarity": 4,
        "AvatarBaseType": "Priest",
        "EquipmentName": 948949848,
        "ImagePath": "SpriteOutput/LightConeFigures/21035.png"
    },
    "21036": {
        "Rarity": 4,
        "AvatarBaseType": "Shaman",
        "EquipmentName": 948949851,
        "ImagePath": "SpriteOutput/LightConeFigures/21036.png"
    },
    "21037": {
        "Rarity": 4,
        "AvatarBaseType": "Rogue",
        "EquipmentName": 948949850,
        "ImagePath": "SpriteOutput/LightConeFigures/21037.png"
    },
    "21038": {
        "Rarity": 4,
        "AvatarBaseType": "Warrior",
        "EquipmentName": 948949845,
        "ImagePath": "SpriteOutput/LightConeFigures/21038.png"
    },
    "21039": {
        "Rarity": 4,
        "AvatarBaseType": "Knight",
        "EquipmentName": 948949844,
        "ImagePath": "SpriteOutput/LightConeFigures/21039.png"
    },
    "21040": {
        "Rarity": 4,
        "AvatarBaseType": "Mage",
        "EquipmentName": -973364448,
        "ImagePath": "SpriteOutput/LightConeFigures/21040.png"
    },
    "21041": {
        "Rarity": 4,
        "AvatarBaseType": "Warlock",
        "EquipmentName": -973364449,
        "ImagePath": "SpriteOutput/LightConeFigures/21041.png"
    },
    "21042": {
        "Rarity": 4,
        "AvatarBaseType": "Warrior",
        "EquipmentName": -973364446,
        "ImagePath": "SpriteOutput/LightConeFigures/21042.png"
    },
    "21043": {
        "Rarity": 4,
        "AvatarBaseType": "Knight",
        "EquipmentName": -973364447,
        "ImagePath": "SpriteOutput/LightConeFigures/21043.png"
    },
    "22000": {
        "Rarity": 4,
        "AvatarBaseType": "Warlock",
        "EquipmentName": -516377539,
        "ImagePath": "SpriteOutput/LightConeFigures/22000.png"
    },
    "22001": {
        "Rarity": 4,
        "AvatarBaseType": "Priest",
        "EquipmentName": -516377540,
        "ImagePath": "SpriteOutput/LightConeFigures/22001.png"
    },
    "23000": {
        "Rarity": 5,
        "AvatarBaseType": "Mage",
        "EquipmentName": 1069909378,
        "ImagePath": "SpriteOutput/LightConeFigures/23000.png"
    },
    "23001": {
        "Rarity": 5,
        "AvatarBaseType": "Rogue",
        "EquipmentName": 1069909377,
        "ImagePath": "SpriteOutput/LightConeFigures/23001.png"
    },
    "23002": {
        "Rarity": 5,
        "AvatarBaseType": "Warrior",
        "EquipmentName": 1069909380,
        "ImagePath": "SpriteOutput/LightConeFigures/23002.png"
    },
    "23003": {
        "Rarity": 5,
        "AvatarBaseType": "Shaman",
        "EquipmentName": 1069909379,
        "ImagePath": "SpriteOutput/LightConeFigures/23003.png"
    },
    "23004": {
        "Rarity": 5,
        "AvatarBaseType": "Warlock",
        "EquipmentName": 1069909374,
        "ImagePath": "SpriteOutput/LightConeFigures/23004.png"
    },
    "23005": {
        "Rarity": 5,
        "AvatarBaseType": "Knight",
        "EquipmentName": 1069909373,
        "ImagePath": "SpriteOutput/LightConeFigures/23005.png"
    },
    "23006": {
        "Rarity": 5,
        "AvatarBaseType": "Warlock",
        "EquipmentName": 1069909376,
        "ImagePath": "SpriteOutput/LightConeFigures/23006.png"
    },
    "23007": {
        "Rarity": 5,
        "AvatarBaseType": "Warlock",
        "EquipmentName": 1069909375,
        "ImagePath": "SpriteOutput/LightConeFigures/23007.png"
    },
    "23008": {
        "Rarity": 5,
        "AvatarBaseType": "Priest",
        "EquipmentName": 1069909370,
        "ImagePath": "SpriteOutput/LightConeFigures/23008.png"
    },
    "23009": {
        "Rarity": 5,
        "AvatarBaseType": "Warrior",
        "EquipmentName": 1069909369,
        "ImagePath": "SpriteOutput/LightConeFigures/23009.png"
    },
    "23010": {
        "Rarity": 5,
        "AvatarBaseType": "Mage",
        "EquipmentName": -496174563,
        "ImagePath": "SpriteOutput/LightConeFigures/23010.png"
    },
    "23011": {
        "Rarity": 5,
        "AvatarBaseType": "Knight",
        "EquipmentName": -496174564,
        "ImagePath": "SpriteOutput/LightConeFigures/23011.png"
    },
    "23012": {
        "Rarity": 5,
        "AvatarBaseType": "Rogue",
        "EquipmentName": -496174561,
        "ImagePath": "SpriteOutput/LightConeFigures/23012.png"
    },
    "23013": {
        "Rarity": 5,
        "AvatarBaseType": "Priest",
        "EquipmentName": -496174562,
        "ImagePath": "SpriteOutput/LightConeFigures/23013.png"
    },
    "23014": {
        "Rarity": 5,
        "AvatarBaseType": "Warrior",
        "EquipmentName": -496174567,
        "ImagePath": "SpriteOutput/LightConeFigures/23014.png"
    },
    "23015": {
        "Rarity": 5,
        "AvatarBaseType": "Warrior",
        "EquipmentName": -496174568,
        "ImagePath": "SpriteOutput/LightConeFigures/23015.png"
    },
    "23016": {
        "Rarity": 5,
        "AvatarBaseType": "Rogue",
        "EquipmentName": -496174565,
        "ImagePath": "SpriteOutput/LightConeFigures/23016.png"
    },
    "23017": {
        "Rarity": 5,
        "AvatarBaseType": "Priest",
        "EquipmentName": -496174566,
        "ImagePath": "SpriteOutput/LightConeFigures/23017.png"
    },
    "23018": {
        "Rarity": 5,
        "AvatarBaseType": "Mage",
        "EquipmentName": -496174571,
        "ImagePath": "SpriteOutput/LightConeFigures/23018.png"
    },
    "23019": {
        "Rarity": 5,
        "AvatarBaseType": "Shaman",
        "EquipmentName": -496174572,
        "ImagePath": "SpriteOutput/LightConeFigures/23019.png"
    },
    "23020": {
        "Rarity": 5,
        "AvatarBaseType": "Rogue",
        "EquipmentName": -92890036,
        "ImagePath": "SpriteOutput/LightConeFigures/23020.png"
    },
    "23021": {
        "Rarity": 5,
        "AvatarBaseType": "Shaman",
        "EquipmentName": -92890037,
        "ImagePath": "SpriteOutput/LightConeFigures/23021.png"
    },
    "23022": {
        "Rarity": 5,
        "AvatarBaseType": "Warlock",
        "EquipmentName": -92890034,
        "ImagePath": "SpriteOutput/LightConeFigures/23022.png"
    },
    "23023": {
        "Rarity": 5,
        "AvatarBaseType": "Knight",
        "EquipmentName": -92890035,
        "ImagePath": "SpriteOutput/LightConeFigures/23023.png"
    },
    "23024": {
        "Rarity": 5,
        "AvatarBaseType": "Warlock",
        "EquipmentName": -92890040,
        "ImagePath": "SpriteOutput/LightConeFigures/23024.png"
    },
    "24000": {
        "Rarity": 5,
        "AvatarBaseType": "Warrior",
        "EquipmentName": 330597467,
        "ImagePath": "SpriteOutput/LightConeFigures/24000.png"
    },
    "24001": {
        "Rarity": 5,
        "AvatarBaseType": "Rogue",
        "EquipmentName": 330597466,
        "ImagePath": "SpriteOutput/LightConeFigures/24001.png"
    },
    "24002": {
        "Rarity": 5,
        "AvatarBaseType": "Knight",
        "EquipmentName": 330597469,
        "ImagePath": "SpriteOutput/LightConeFigures/24002.png"
    },
    "24003": {
        "Rarity": 5,
        "AvatarBaseType": "Warlock",
        "EquipmentName": 330597468,
        "ImagePath": "SpriteOutput/LightConeFigures/24003.png"
    }
}
