{
    "100101": {
        "IconPath": "SpriteOutput/SkillIcons/SkillIcon_1001_Rank1.png",
        "Name": "10977027919175493056",
        "SkillAddLevelList": {}
    },
    "100102": {
        "IconPath": "SpriteOutput/SkillIcons/SkillIcon_1001_Rank2.png",
        "Name": "1793786763651836329",
        "SkillAddLevelList": {}
    },
    "100103": {
        "IconPath": "SpriteOutput/SkillIcons/SkillIcon_1001_Ultra.png",
        "Name": "9046754530892588687",
        "SkillAddLevelList": {
            "100101": 1,
            "100103": 2
        }
    },
    "100104": {
        "IconPath": "SpriteOutput/SkillIcons/SkillIcon_1001_Rank4.png",
        "Name": "7019570147447140758",
        "SkillAddLevelList": {}
    },
    "100105": {
        "IconPath": "SpriteOutput/SkillIcons/SkillIcon_1001_BP.png",
        "Name": "4112658752889878790",
        "SkillAddLevelList": {
            "100102": 2,
            "100104": 2
        }
    },
    "100106": {
        "IconPath": "SpriteOutput/SkillIcons/SkillIcon_1001_Rank6.png",
        "Name": "13955874185732422879",
        "SkillAddLevelList": {}
    },
    "100201": {
        "IconPath": "SpriteOutput/SkillIcons/SkillIcon_1002_Rank1.png",
        "Name": "12954430127406149958",
        "SkillAddLevelList": {}
    },
    "100202": {
        "IconPath": "SpriteOutput/SkillIcons/SkillIcon_1002_Rank2.png",
        "Name": "892015785252970173",
        "SkillAddLevelList": {}
    },
    "100203": {
        "IconPath": "SpriteOutput/SkillIcons/SkillIcon_1002_BP.png",
        "Name": "5504957236231891146",
        "SkillAddLevelList": {
            "100201": 1,
            "100202": 2
        }
    },
    "100204": {
        "IconPath": "SpriteOutput/SkillIcons/SkillIcon_1002_Rank4.png",
        "Name": "15142857749050601318",
        "SkillAddLevelList": {}
    },
    "100205": {
        "IconPath": "SpriteOutput/SkillIcons/SkillIcon_1002_Ultra.png",
        "Name": "2697060066945507437",
        "SkillAddLevelList": {
            "100203": 2,
            "100204": 2
        }
    },
    "100206": {
        "IconPath": "SpriteOutput/SkillIcons/SkillIcon_1002_Rank6.png",
        "Name": "9221772564518681863",
        "SkillAddLevelList": {}
    },
    "100301": {
        "IconPath": "SpriteOutput/SkillIcons/SkillIcon_1003_Rank1.png",
        "Name": "14857918641032802347",
        "SkillAddLevelList": {}
    },
    "100302": {
        "IconPath": "SpriteOutput/SkillIcons/SkillIcon_1003_Rank2.png",
        "Name": "15976030847623930315",
        "SkillAddLevelList": {}
    },
    "100303": {
        "IconPath": "SpriteOutput/SkillIcons/SkillIcon_1003_BP.png",
        "Name": "11453029623220467172",
        "SkillAddLevelList": {
            "100301": 1,
            "100302": 2
        }
    },
    "100304": {
        "IconPath": "SpriteOutput/SkillIcons/SkillIcon_1003_Rank4.png",
        "Name": "18404669000355240438",
        "SkillAddLevelList": {}
    },
    "100305": {
        "IconPath": "SpriteOutput/SkillIcons/SkillIcon_1003_Ultra.png",
        "Name": "14571444592381229148",
        "SkillAddLevelList": {
            "100303": 2,
            "100304": 2
        }
    },
    "100306": {
        "IconPath": "SpriteOutput/SkillIcons/SkillIcon_1003_Rank6.png",
        "Name": "12315265847615164285",
        "SkillAddLevelList": {}
    },
    "100401": {
        "IconPath": "SpriteOutput/SkillIcons/SkillIcon_1004_Rank1.png",
        "Name": "1130489703798863371",
        "SkillAddLevelList": {}
    },
    "100402": {
        "IconPath": "SpriteOutput/SkillIcons/SkillIcon_1004_Rank2.png",
        "Name": "12979686350453870392",
        "SkillAddLevelList": {}
    },
    "100403": {
        "IconPath": "SpriteOutput/SkillIcons/SkillIcon_1004_BP.png",
        "Name": "4174969536217306448",
        "SkillAddLevelList": {
            "100401": 1,
            "100402": 2
        }
    },
    "100404": {
        "IconPath": "SpriteOutput/SkillIcons/SkillIcon_1004_Rank4.png",
        "Name": "11251750753853037584",
        "SkillAddLevelList": {}
    },
    "100405": {
        "IconPath": "SpriteOutput/SkillIcons/SkillIcon_1004_Ultra.png",
        "Name": "3233830787769932861",
        "SkillAddLevelList": {
            "100403": 2,
            "100404": 2
        }
    },
    "100406": {
        "IconPath": "SpriteOutput/SkillIcons/SkillIcon_1004_Rank6.png",
        "Name": "7467224047810289748",
        "SkillAddLevelList": {}
    },
    "100501": {
        "IconPath": "SpriteOutput/SkillIcons/SkillIcon_1005_Rank1.png",
        "Name": "12960522284684149928",
        "SkillAddLevelList": {}
    },
    "100502": {
        "IconPath": "SpriteOutput/SkillIcons/SkillIcon_1005_Rank2.png",
        "Name": "14844184162298045351",
        "SkillAddLevelList": {}
    },
    "100503": {
        "IconPath": "SpriteOutput/SkillIcons/SkillIcon_1005_BP.png",
        "Name": "11932820748889167040",
        "SkillAddLevelList": {
            "100501": 1,
            "100502": 2
        }
    },
    "100504": {
        "IconPath": "SpriteOutput/SkillIcons/SkillIcon_1005_Rank4.png",
        "Name": "18075883917561170717",
        "SkillAddLevelList": {}
    },
    "100505": {
        "IconPath": "SpriteOutput/SkillIcons/SkillIcon_1005_Ultra.png",
        "Name": "2893718913005629042",
        "SkillAddLevelList": {
            "100503": 2,
            "100504": 2
        }
    },
    "100506": {
        "IconPath": "SpriteOutput/SkillIcons/SkillIcon_1005_Rank6.png",
        "Name": "4702734312695961021",
        "SkillAddLevelList": {}
    },
    "100601": {
        "IconPath": "SpriteOutput/SkillIcons/SkillIcon_1006_Rank1.png",
        "Name": "14112102269719754850",
        "SkillAddLevelList": {}
    },
    "100602": {
        "IconPath": "SpriteOutput/SkillIcons/SkillIcon_1006_Rank2.png",
        "Name": "2984190606730974373",
        "SkillAddLevelList": {}
    },
    "100603": {
        "IconPath": "SpriteOutput/SkillIcons/SkillIcon_1006_BP.png",
        "Name": "1889160981304831962",
        "SkillAddLevelList": {
            "100602": 2,
            "100604": 2
        }
    },
    "100604": {
        "IconPath": "SpriteOutput/SkillIcons/SkillIcon_1006_Rank4.png",
        "Name": "15342580802510395594",
        "SkillAddLevelList": {}
    },
    "100605": {
        "IconPath": "SpriteOutput/SkillIcons/SkillIcon_1006_Ultra.png",
        "Name": "15416092294118743666",
        "SkillAddLevelList": {
            "100601": 1,
            "100603": 2
        }
    },
    "100606": {
        "IconPath": "SpriteOutput/SkillIcons/SkillIcon_1006_Rank6.png",
        "Name": "14730204607689474365",
        "SkillAddLevelList": {}
    },
    "100801": {
        "IconPath": "SpriteOutput/SkillIcons/SkillIcon_1008_Rank1.png",
        "Name": "12663486562375937620",
        "SkillAddLevelList": {}
    },
    "100802": {
        "IconPath": "SpriteOutput/SkillIcons/SkillIcon_1008_Rank2.png",
        "Name": "17621079163167797230",
        "SkillAddLevelList": {}
    },
    "100803": {
        "IconPath": "SpriteOutput/SkillIcons/SkillIcon_1008_BP.png",
        "Name": "15758430394985275108",
        "SkillAddLevelList": {
            "100801": 1,
            "100802": 2
        }
    },
    "100804": {
        "IconPath": "SpriteOutput/SkillIcons/SkillIcon_1008_Rank4.png",
        "Name": "440528927086840374",
        "SkillAddLevelList": {}
    },
    "100805": {
        "IconPath": "SpriteOutput/SkillIcons/SkillIcon_1008_Ultra.png",
        "Name": "2815586021886007070",
        "SkillAddLevelList": {
            "100803": 2,
            "100804": 2
        }
    },
    "100806": {
        "IconPath": "SpriteOutput/SkillIcons/SkillIcon_1008_Rank6.png",
        "Name": "8592191131798051924",
        "SkillAddLevelList": {}
    },
    "100901": {
        "IconPath": "SpriteOutput/SkillIcons/SkillIcon_1009_Rank1.png",
        "Name": "11361414687771109426",
        "SkillAddLevelList": {}
    },
    "100902": {
        "IconPath": "SpriteOutput/SkillIcons/SkillIcon_1009_Rank2.png",
        "Name": "1804965967976480725",
        "SkillAddLevelList": {}
    },
    "100903": {
        "IconPath": "SpriteOutput/SkillIcons/SkillIcon_1009_BP.png",
        "Name": "10883757784837107129",
        "SkillAddLevelList": {
            "100902": 2,
            "100904": 2
        }
    },
    "100904": {
        "IconPath": "SpriteOutput/SkillIcons/SkillIcon_1009_Rank4.png",
        "Name": "16953404931452699717",
        "SkillAddLevelList": {}
    },
    "100905": {
        "IconPath": "SpriteOutput/SkillIcons/SkillIcon_1009_Ultra.png",
        "Name": "4983586645229585093",
        "SkillAddLevelList": {
            "100901": 1,
            "100903": 2
        }
    },
    "100906": {
        "IconPath": "SpriteOutput/SkillIcons/SkillIcon_1009_Rank6.png",
        "Name": "10956246572920499620",
        "SkillAddLevelList": {}
    },
    "101301": {
        "IconPath": "SpriteOutput/SkillIcons/SkillIcon_1013_Rank1.png",
        "Name": "17530542010601753237",
        "SkillAddLevelList": {}
    },
    "101302": {
        "IconPath": "SpriteOutput/SkillIcons/SkillIcon_1013_Rank2.png",
        "Name": "13369126925799186602",
        "SkillAddLevelList": {}
    },
    "101303": {
        "IconPath": "SpriteOutput/SkillIcons/SkillIcon_1013_BP.png",
        "Name": "14085925275042868527",
        "SkillAddLevelList": {
            "101301": 1,
            "101302": 2
        }
    },
    "101304": {
        "IconPath": "SpriteOutput/SkillIcons/SkillIcon_1013_Rank4.png",
        "Name": "16113090420823781468",
        "SkillAddLevelList": {}
    },
    "101305": {
        "IconPath": "SpriteOutput/SkillIcons/SkillIcon_1013_Ultra.png",
        "Name": "5499125701481799432",
        "SkillAddLevelList": {
            "101303": 2,
            "101304": 2
        }
    },
    "101306": {
        "IconPath": "SpriteOutput/SkillIcons/SkillIcon_1013_Rank6.png",
        "Name": "7184987519221759394",
        "SkillAddLevelList": {}
    },
    "110101": {
        "IconPath": "SpriteOutput/SkillIcons/SkillIcon_1101_Rank1.png",
        "Name": "6925153699576665410",
        "SkillAddLevelList": {}
    },
    "110102": {
        "IconPath": "SpriteOutput/SkillIcons/SkillIcon_1101_Rank2.png",
        "Name": "8261777621364643471",
        "SkillAddLevelList": {}
    },
    "110103": {
        "IconPath": "SpriteOutput/SkillIcons/SkillIcon_1101_Ultra.png",
        "Name": "2168478680025690785",
        "SkillAddLevelList": {
            "110103": 2,
            "110104": 2
        }
    },
    "110104": {
        "IconPath": "SpriteOutput/SkillIcons/SkillIcon_1101_Rank4.png",
        "Name": "4946294432544098522",
        "SkillAddLevelList": {}
    },
    "110105": {
        "IconPath": "SpriteOutput/SkillIcons/SkillIcon_1101_BP.png",
        "Name": "6107111407746972644",
        "SkillAddLevelList": {
            "110101": 1,
            "110102": 2
        }
    },
    "110106": {
        "IconPath": "SpriteOutput/SkillIcons/SkillIcon_1101_Rank6.png",
        "Name": "6319540358921132216",
        "SkillAddLevelList": {}
    },
    "110201": {
        "IconPath": "SpriteOutput/SkillIcons/SkillIcon_1102_Rank1.png",
        "Name": "15302713042475629528",
        "SkillAddLevelList": {}
    },
    "110202": {
        "IconPath": "SpriteOutput/SkillIcons/SkillIcon_1102_Rank2.png",
        "Name": "14930880981590300618",
        "SkillAddLevelList": {}
    },
    "110203": {
        "IconPath": "SpriteOutput/SkillIcons/SkillIcon_1102_BP.png",
        "Name": "7163045985497086746",
        "SkillAddLevelList": {
            "110202": 2,
            "110204": 2
        }
    },
    "110204": {
        "IconPath": "SpriteOutput/SkillIcons/SkillIcon_1102_Rank4.png",
        "Name": "14339480769526434071",
        "SkillAddLevelList": {}
    },
    "110205": {
        "IconPath": "SpriteOutput/SkillIcons/SkillIcon_1102_Ultra.png",
        "Name": "7377544132754433775",
        "SkillAddLevelList": {
            "110201": 1,
            "110203": 2
        }
    },
    "110206": {
        "IconPath": "SpriteOutput/SkillIcons/SkillIcon_1102_Rank6.png",
        "Name": "6307983787118147923",
        "SkillAddLevelList": {}
    },
    "110301": {
        "IconPath": "SpriteOutput/SkillIcons/SkillIcon_1103_Rank1.png",
        "Name": "5393596784745442885",
        "SkillAddLevelList": {}
    },
    "110302": {
        "IconPath": "SpriteOutput/SkillIcons/SkillIcon_1103_Rank2.png",
        "Name": "9441194518128435980",
        "SkillAddLevelList": {}
    },
    "110303": {
        "IconPath": "SpriteOutput/SkillIcons/SkillIcon_1103_BP.png",
        "Name": "3559815476484250813",
        "SkillAddLevelList": {
            "110301": 1,
            "110302": 2
        }
    },
    "110304": {
        "IconPath": "SpriteOutput/SkillIcons/SkillIcon_1103_Rank4.png",
        "Name": "8183547224357145527",
        "SkillAddLevelList": {}
    },
    "110305": {
        "IconPath": "SpriteOutput/SkillIcons/SkillIcon_1103_Ultra.png",
        "Name": "1695082379341800478",
        "SkillAddLevelList": {
            "110303": 2,
            "110304": 2
        }
    },
    "110306": {
        "IconPath": "SpriteOutput/SkillIcons/SkillIcon_1103_Rank6.png",
        "Name": "12921204464851411212",
        "SkillAddLevelList": {}
    },
    "110401": {
        "IconPath": "SpriteOutput/SkillIcons/SkillIcon_1104_Rank1.png",
        "Name": "18286317507277406733",
        "SkillAddLevelList": {}
    },
    "110402": {
        "IconPath": "SpriteOutput/SkillIcons/SkillIcon_1104_Rank2.png",
        "Name": "1577902677545903111",
        "SkillAddLevelList": {}
    },
    "110403": {
        "IconPath": "SpriteOutput/SkillIcons/SkillIcon_1104_Ultra.png",
        "Name": "16818218795108538130",
        "SkillAddLevelList": {
            "110403": 2,
            "110404": 2
        }
    },
    "110404": {
        "IconPath": "SpriteOutput/SkillIcons/SkillIcon_1104_Rank4.png",
        "Name": "8310739909009707955",
        "SkillAddLevelList": {}
    },
    "110405": {
        "IconPath": "SpriteOutput/SkillIcons/SkillIcon_1104_BP.png",
        "Name": "7067751820134268304",
        "SkillAddLevelList": {
            "110401": 1,
            "110402": 2
        }
    },
    "110406": {
        "IconPath": "SpriteOutput/SkillIcons/SkillIcon_1104_Rank6.png",
        "Name": "5899182341037348287",
        "SkillAddLevelList": {}
    },
    "110501": {
        "IconPath": "SpriteOutput/SkillIcons/SkillIcon_1105_Rank1.png",
        "Name": "15811789252418821313",
        "SkillAddLevelList": {}
    },
    "110502": {
        "IconPath": "SpriteOutput/SkillIcons/SkillIcon_1105_Rank2.png",
        "Name": "4346222534330952184",
        "SkillAddLevelList": {}
    },
    "110503": {
        "IconPath": "SpriteOutput/SkillIcons/SkillIcon_1105_BP.png",
        "Name": "4703229534689873269",
        "SkillAddLevelList": {
            "110501": 1,
            "110502": 2
        }
    },
    "110504": {
        "IconPath": "SpriteOutput/SkillIcons/SkillIcon_1105_Rank4.png",
        "Name": "1951531973575223600",
        "SkillAddLevelList": {}
    },
    "110505": {
        "IconPath": "SpriteOutput/SkillIcons/SkillIcon_1105_Ultra.png",
        "Name": "14686964601816050332",
        "SkillAddLevelList": {
            "110503": 2,
            "110504": 2
        }
    },
    "110506": {
        "IconPath": "SpriteOutput/SkillIcons/SkillIcon_1105_Rank6.png",
        "Name": "10967157015676794057",
        "SkillAddLevelList": {}
    },
    "110601": {
        "IconPath": "SpriteOutput/SkillIcons/SkillIcon_1106_Rank1.png",
        "Name": "3700187828282186020",
        "SkillAddLevelList": {}
    },
    "110602": {
        "IconPath": "SpriteOutput/SkillIcons/SkillIcon_1106_Rank2.png",
        "Name": "11581706348198035203",
        "SkillAddLevelList": {}
    },
    "110603": {
        "IconPath": "SpriteOutput/SkillIcons/SkillIcon_1106_BP.png",
        "Name": "6460088626812219141",
        "SkillAddLevelList": {
            "110601": 1,
            "110602": 2
        }
    },
    "110604": {
        "IconPath": "SpriteOutput/SkillIcons/SkillIcon_1106_Rank4.png",
        "Name": "6184840265837668483",
        "SkillAddLevelList": {}
    },
    "110605": {
        "IconPath": "SpriteOutput/SkillIcons/SkillIcon_1106_Ultra.png",
        "Name": "3655204278481225956",
        "SkillAddLevelList": {
            "110603": 2,
            "110604": 2
        }
    },
    "110606": {
        "IconPath": "SpriteOutput/SkillIcons/SkillIcon_1106_Rank6.png",
        "Name": "8781371864789485374",
        "SkillAddLevelList": {}
    },
    "110701": {
        "IconPath": "SpriteOutput/SkillIcons/SkillIcon_1107_Rank1.png",
        "Name": "3704360287736587880",
        "SkillAddLevelList": {}
    },
    "110702": {
        "IconPath": "SpriteOutput/SkillIcons/SkillIcon_1107_Rank2.png",
        "Name": "16297281775655801213",
        "SkillAddLevelList": {}
    },
    "110703": {
        "IconPath": "SpriteOutput/SkillIcons/SkillIcon_1107_BP.png",
        "Name": "17225087191697893714",
        "SkillAddLevelList": {
            "110701": 1,
            "110702": 2
        }
    },
    "110704": {
        "IconPath": "SpriteOutput/SkillIcons/SkillIcon_1107_Rank4.png",
        "Name": "8265725374494017923",
        "SkillAddLevelList": {}
    },
    "110705": {
        "IconPath": "SpriteOutput/SkillIcons/SkillIcon_1107_Ultra.png",
        "Name": "11075073065864814550",
        "SkillAddLevelList": {
            "110703": 2,
            "110704": 2
        }
    },
    "110706": {
        "IconPath": "SpriteOutput/SkillIcons/SkillIcon_1107_Rank6.png",
        "Name": "288068336812891333",
        "SkillAddLevelList": {}
    },
    "110801": {
        "IconPath": "SpriteOutput/SkillIcons/SkillIcon_1108_Rank1.png",
        "Name": "12139563854341185423",
        "SkillAddLevelList": {}
    },
    "110802": {
        "IconPath": "SpriteOutput/SkillIcons/SkillIcon_1108_Rank2.png",
        "Name": "12669760926569642407",
        "SkillAddLevelList": {}
    },
    "110803": {
        "IconPath": "SpriteOutput/SkillIcons/SkillIcon_1108_BP.png",
        "Name": "17548302130076494712",
        "SkillAddLevelList": {
            "110801": 1,
            "110802": 2
        }
    },
    "110804": {
        "IconPath": "SpriteOutput/SkillIcons/SkillIcon_1108_Rank4.png",
        "Name": "18439273139193183207",
        "SkillAddLevelList": {}
    },
    "110805": {
        "IconPath": "SpriteOutput/SkillIcons/SkillIcon_1108_Ultra.png",
        "Name": "13079130304818716813",
        "SkillAddLevelList": {
            "110803": 2,
            "110804": 2
        }
    },
    "110806": {
        "IconPath": "SpriteOutput/SkillIcons/SkillIcon_1108_Rank6.png",
        "Name": "1789647344997287815",
        "SkillAddLevelList": {}
    },
    "110901": {
        "IconPath": "SpriteOutput/SkillIcons/SkillIcon_1109_Rank1.png",
        "Name": "763351983890346746",
        "SkillAddLevelList": {}
    },
    "110902": {
        "IconPath": "SpriteOutput/SkillIcons/SkillIcon_1109_Rank2.png",
        "Name": "9321877269805479796",
        "SkillAddLevelList": {}
    },
    "110903": {
        "IconPath": "SpriteOutput/SkillIcons/SkillIcon_1109_BP.png",
        "Name": "17376807227261848952",
        "SkillAddLevelList": {
            "110901": 1,
            "110902": 2,
            "110909": 2
        }
    },
    "110904": {
        "IconPath": "SpriteOutput/SkillIcons/SkillIcon_1109_Rank4.png",
        "Name": "14851140200541116780",
        "SkillAddLevelList": {}
    },
    "110905": {
        "IconPath": "SpriteOutput/SkillIcons/SkillIcon_1109_Ultra.png",
        "Name": "10214614821494876458",
        "SkillAddLevelList": {
            "110903": 2,
            "110904": 2
        }
    },
    "110906": {
        "IconPath": "SpriteOutput/SkillIcons/SkillIcon_1109_Rank6.png",
        "Name": "7327108499665183784",
        "SkillAddLevelList": {}
    },
    "111001": {
        "IconPath": "SpriteOutput/SkillIcons/SkillIcon_1110_Rank1.png",
        "Name": "3282056988256449112",
        "SkillAddLevelList": {}
    },
    "111002": {
        "IconPath": "SpriteOutput/SkillIcons/SkillIcon_1110_Rank2.png",
        "Name": "5339039753030157170",
        "SkillAddLevelList": {}
    },
    "111003": {
        "IconPath": "SpriteOutput/SkillIcons/SkillIcon_1110_BP.png",
        "Name": "9059703090382365713",
        "SkillAddLevelList": {
            "111001": 1,
            "111002": 2
        }
    },
    "111004": {
        "IconPath": "SpriteOutput/SkillIcons/SkillIcon_1110_Rank4.png",
        "Name": "10871706242574988147",
        "SkillAddLevelList": {}
    },
    "111005": {
        "IconPath": "SpriteOutput/SkillIcons/SkillIcon_1110_Ultra.png",
        "Name": "18209393121759666180",
        "SkillAddLevelList": {
            "111003": 2,
            "111004": 2
        }
    },
    "111006": {
        "IconPath": "SpriteOutput/SkillIcons/SkillIcon_1110_Rank6.png",
        "Name": "16903661298097911561",
        "SkillAddLevelList": {}
    },
    "111101": {
        "IconPath": "SpriteOutput/SkillIcons/SkillIcon_1111_Rank1.png",
        "Name": "13106059327757058062",
        "SkillAddLevelList": {}
    },
    "111102": {
        "IconPath": "SpriteOutput/SkillIcons/SkillIcon_1111_Rank2.png",
        "Name": "7972628844553514413",
        "SkillAddLevelList": {}
    },
    "111103": {
        "IconPath": "SpriteOutput/SkillIcons/SkillIcon_1111_BP.png",
        "Name": "6024883455997882369",
        "SkillAddLevelList": {
            "111102": 2,
            "111104": 2
        }
    },
    "111104": {
        "IconPath": "SpriteOutput/SkillIcons/SkillIcon_1111_Rank4.png",
        "Name": "12785441427601124642",
        "SkillAddLevelList": {}
    },
    "111105": {
        "IconPath": "SpriteOutput/SkillIcons/SkillIcon_1111_Ultra.png",
        "Name": "4271123340464015115",
        "SkillAddLevelList": {
            "111101": 1,
            "111103": 2,
            "111108": 1
        }
    },
    "111106": {
        "IconPath": "SpriteOutput/SkillIcons/SkillIcon_1111_Rank6.png",
        "Name": "11740944988213913999",
        "SkillAddLevelList": {}
    },
    "111201": {
        "IconPath": "SpriteOutput/SkillIcons/SkillIcon_1112_Rank1.png",
        "Name": "14017924846920632055",
        "SkillAddLevelList": {}
    },
    "111202": {
        "IconPath": "SpriteOutput/SkillIcons/SkillIcon_1112_Rank2.png",
        "Name": "1768842232819512949",
        "SkillAddLevelList": {}
    },
    "111203": {
        "IconPath": "SpriteOutput/SkillIcons/SkillIcon_1112_BP.png",
        "Name": "18340810175104259145",
        "SkillAddLevelList": {
            "111201": 1,
            "111202": 2
        }
    },
    "111204": {
        "IconPath": "SpriteOutput/SkillIcons/SkillIcon_1112_Rank4.png",
        "Name": "16725297834346037635",
        "SkillAddLevelList": {}
    },
    "111205": {
        "IconPath": "SpriteOutput/SkillIcons/SkillIcon_1112_Ultra.png",
        "Name": "4653978788283519539",
        "SkillAddLevelList": {
            "111203": 2,
            "111204": 2
        }
    },
    "111206": {
        "IconPath": "SpriteOutput/SkillIcons/SkillIcon_1112_Rank6.png",
        "Name": "14220481820566526432",
        "SkillAddLevelList": {}
    },
    "120101": {
        "IconPath": "SpriteOutput/SkillIcons/SkillIcon_1201_Rank1.png",
        "Name": "769875049950583313",
        "SkillAddLevelList": {}
    },
    "120102": {
        "IconPath": "SpriteOutput/SkillIcons/SkillIcon_1201_Rank2.png",
        "Name": "1015866848256652607",
        "SkillAddLevelList": {}
    },
    "120103": {
        "IconPath": "SpriteOutput/SkillIcons/SkillIcon_1201_Ultra.png",
        "Name": "15331506413338113474",
        "SkillAddLevelList": {
            "120103": 2,
            "120104": 2
        }
    },
    "120104": {
        "IconPath": "SpriteOutput/SkillIcons/SkillIcon_1201_Rank4.png",
        "Name": "12061693898063298307",
        "SkillAddLevelList": {}
    },
    "120105": {
        "IconPath": "SpriteOutput/SkillIcons/SkillIcon_1201_BP.png",
        "Name": "14972280236175752390",
        "SkillAddLevelList": {
            "120101": 1,
            "120102": 2,
            "120108": 1
        }
    },
    "120106": {
        "IconPath": "SpriteOutput/SkillIcons/SkillIcon_1201_Rank6.png",
        "Name": "10677434176006705559",
        "SkillAddLevelList": {}
    },
    "120201": {
        "IconPath": "SpriteOutput/SkillIcons/SkillIcon_1202_Rank1.png",
        "Name": "908432852615936216",
        "SkillAddLevelList": {}
    },
    "120202": {
        "IconPath": "SpriteOutput/SkillIcons/SkillIcon_1202_Rank2.png",
        "Name": "2007227309173611288",
        "SkillAddLevelList": {}
    },
    "120203": {
        "IconPath": "SpriteOutput/SkillIcons/SkillIcon_1202_Ultra.png",
        "Name": "8017668027717197534",
        "SkillAddLevelList": {
            "120201": 1,
            "120203": 2
        }
    },
    "120204": {
        "IconPath": "SpriteOutput/SkillIcons/SkillIcon_1202_Rank4.png",
        "Name": "9905829848710497434",
        "SkillAddLevelList": {}
    },
    "120205": {
        "IconPath": "SpriteOutput/SkillIcons/SkillIcon_1202_BP.png",
        "Name": "3295290315325354431",
        "SkillAddLevelList": {
            "120202": 2,
            "120204": 2
        }
    },
    "120206": {
        "IconPath": "SpriteOutput/SkillIcons/SkillIcon_1202_Rank6.png",
        "Name": "8467031383773742822",
        "SkillAddLevelList": {}
    },
    "120301": {
        "IconPath": "SpriteOutput/SkillIcons/SkillIcon_1203_Rank1.png",
        "Name": "16582853209937569433",
        "SkillAddLevelList": {}
    },
    "120302": {
        "IconPath": "SpriteOutput/SkillIcons/SkillIcon_1203_Rank2.png",
        "Name": "6696170995341783425",
        "SkillAddLevelList": {}
    },
    "120303": {
        "IconPath": "SpriteOutput/SkillIcons/SkillIcon_1203_BP.png",
        "Name": "10153104507618420817",
        "SkillAddLevelList": {
            "120301": 1,
            "120302": 2
        }
    },
    "120304": {
        "IconPath": "SpriteOutput/SkillIcons/SkillIcon_1203_Rank4.png",
        "Name": "363031511739602418",
        "SkillAddLevelList": {}
    },
    "120305": {
        "IconPath": "SpriteOutput/SkillIcons/SkillIcon_1203_Ultra.png",
        "Name": "1643196146776229921",
        "SkillAddLevelList": {
            "120303": 2,
            "120304": 2
        }
    },
    "120306": {
        "IconPath": "SpriteOutput/SkillIcons/SkillIcon_1203_Rank6.png",
        "Name": "3368163340918790100",
        "SkillAddLevelList": {}
    },
    "120401": {
        "IconPath": "SpriteOutput/SkillIcons/SkillIcon_1204_Rank1.png",
        "Name": "5302244908169358127",
        "SkillAddLevelList": {}
    },
    "120402": {
        "IconPath": "SpriteOutput/SkillIcons/SkillIcon_1204_Rank2.png",
        "Name": "15103048638832782499",
        "SkillAddLevelList": {}
    },
    "120403": {
        "IconPath": "SpriteOutput/SkillIcons/SkillIcon_1204_Ultra.png",
        "Name": "9252530773299724062",
        "SkillAddLevelList": {
            "120401": 1,
            "120403": 2
        }
    },
    "120404": {
        "IconPath": "SpriteOutput/SkillIcons/SkillIcon_1204_Rank4.png",
        "Name": "4558590529756085448",
        "SkillAddLevelList": {}
    },
    "120405": {
        "IconPath": "SpriteOutput/SkillIcons/SkillIcon_1204_BP.png",
        "Name": "14503327441830073782",
        "SkillAddLevelList": {
            "120402": 2,
            "120404": 2
        }
    },
    "120406": {
        "IconPath": "SpriteOutput/SkillIcons/SkillIcon_1204_Rank6.png",
        "Name": "11160537366005508914",
        "SkillAddLevelList": {}
    },
    "120501": {
        "IconPath": "SpriteOutput/SkillIcons/SkillIcon_1205_Rank1.png",
        "Name": "2597977012096258890",
        "SkillAddLevelList": {}
    },
    "120502": {
        "IconPath": "SpriteOutput/SkillIcons/SkillIcon_1205_Rank2.png",
        "Name": "1080748199234555784",
        "SkillAddLevelList": {}
    },
    "120503": {
        "IconPath": "SpriteOutput/SkillIcons/SkillIcon_1205_Ultra.png",
        "Name": "8960031862941529272",
        "SkillAddLevelList": {
            "120503": 2,
            "120504": 2
        }
    },
    "120504": {
        "IconPath": "SpriteOutput/SkillIcons/SkillIcon_1205_Rank4.png",
        "Name": "14466966773499240835",
        "SkillAddLevelList": {}
    },
    "120505": {
        "IconPath": "SpriteOutput/SkillIcons/SkillIcon_1205_BP.png",
        "Name": "2056656863550482225",
        "SkillAddLevelList": {
            "120501": 1,
            "120502": 2,
            "120508": 1
        }
    },
    "120506": {
        "IconPath": "SpriteOutput/SkillIcons/SkillIcon_1205_Rank6.png",
        "Name": "17302956032801428707",
        "SkillAddLevelList": {}
    },
    "120601": {
        "IconPath": "SpriteOutput/SkillIcons/SkillIcon_1206_Rank1.png",
        "Name": "8815612665979673789",
        "SkillAddLevelList": {}
    },
    "120602": {
        "IconPath": "SpriteOutput/SkillIcons/SkillIcon_1206_Rank2.png",
        "Name": "11124877128185238481",
        "SkillAddLevelList": {}
    },
    "120603": {
        "IconPath": "SpriteOutput/SkillIcons/SkillIcon_1206_Ultra.png",
        "Name": "7324411727108626523",
        "SkillAddLevelList": {
            "120603": 2,
            "120604": 2
        }
    },
    "120604": {
        "IconPath": "SpriteOutput/SkillIcons/SkillIcon_1206_Rank4.png",
        "Name": "1441348187115835403",
        "SkillAddLevelList": {}
    },
    "120605": {
        "IconPath": "SpriteOutput/SkillIcons/SkillIcon_1206_BP.png",
        "Name": "13997507601972518253",
        "SkillAddLevelList": {
            "120601": 1,
            "120602": 2
        }
    },
    "120606": {
        "IconPath": "SpriteOutput/SkillIcons/SkillIcon_1206_Rank6.png",
        "Name": "3053651341539861735",
        "SkillAddLevelList": {}
    },
    "120701": {
        "IconPath": "SpriteOutput/SkillIcons/SkillIcon_1207_Rank1.png",
        "Name": "12294080257936401863",
        "SkillAddLevelList": {}
    },
    "120702": {
        "IconPath": "SpriteOutput/SkillIcons/SkillIcon_1207_Rank2.png",
        "Name": "9849857702615495434",
        "SkillAddLevelList": {}
    },
    "120703": {
        "IconPath": "SpriteOutput/SkillIcons/SkillIcon_1207_BP.png",
        "Name": "5921225269827679538",
        "SkillAddLevelList": {
            "120701": 1,
            "120702": 2
        }
    },
    "120704": {
        "IconPath": "SpriteOutput/SkillIcons/SkillIcon_1207_Rank4.png",
        "Name": "13716344772277179636",
        "SkillAddLevelList": {}
    },
    "120705": {
        "IconPath": "SpriteOutput/SkillIcons/SkillIcon_1207_Ultra.png",
        "Name": "5401148612514666729",
        "SkillAddLevelList": {
            "120703": 2,
            "120704": 2
        }
    },
    "120706": {
        "IconPath": "SpriteOutput/SkillIcons/SkillIcon_1207_Rank6.png",
        "Name": "16902748231777382265",
        "SkillAddLevelList": {}
    },
    "120801": {
        "IconPath": "SpriteOutput/SkillIcons/SkillIcon_1208_Rank1.png",
        "Name": "9632660856414993663",
        "SkillAddLevelList": {}
    },
    "120802": {
        "IconPath": "SpriteOutput/SkillIcons/SkillIcon_1208_Rank2.png",
        "Name": "8700098552378344381",
        "SkillAddLevelList": {}
    },
    "120803": {
        "IconPath": "SpriteOutput/SkillIcons/SkillIcon_1208_BP.png",
        "Name": "7377229415368548858",
        "SkillAddLevelList": {
            "120802": 2,
            "120804": 2
        }
    },
    "120804": {
        "IconPath": "SpriteOutput/SkillIcons/SkillIcon_1208_Rank4.png",
        "Name": "6679683634108339793",
        "SkillAddLevelList": {}
    },
    "120805": {
        "IconPath": "SpriteOutput/SkillIcons/SkillIcon_1208_Ultra.png",
        "Name": "16060947307281449201",
        "SkillAddLevelList": {
            "120801": 1,
            "120803": 2
        }
    },
    "120806": {
        "IconPath": "SpriteOutput/SkillIcons/SkillIcon_1208_Rank6.png",
        "Name": "1364546149664524113",
        "SkillAddLevelList": {}
    },
    "120901": {
        "IconPath": "SpriteOutput/SkillIcons/SkillIcon_1209_Rank1.png",
        "Name": "6316930165211019613",
        "SkillAddLevelList": {}
    },
    "120902": {
        "IconPath": "SpriteOutput/SkillIcons/SkillIcon_1209_Rank2.png",
        "Name": "556939806653384464",
        "SkillAddLevelList": {}
    },
    "120903": {
        "IconPath": "SpriteOutput/SkillIcons/SkillIcon_1209_BP.png",
        "Name": "1995499834390155435",
        "SkillAddLevelList": {
            "120901": 1,
            "120902": 2
        }
    },
    "120904": {
        "IconPath": "SpriteOutput/SkillIcons/SkillIcon_1209_Rank4.png",
        "Name": "7593997986560712787",
        "SkillAddLevelList": {}
    },
    "120905": {
        "IconPath": "SpriteOutput/SkillIcons/SkillIcon_1209_Ultra.png",
        "Name": "17336243071813178285",
        "SkillAddLevelList": {
            "120903": 2,
            "120904": 2
        }
    },
    "120906": {
        "IconPath": "SpriteOutput/SkillIcons/SkillIcon_1209_Rank6.png",
        "Name": "15165985301175919778",
        "SkillAddLevelList": {}
    },
    "121001": {
        "IconPath": "SpriteOutput/SkillIcons/SkillIcon_1210_Rank1.png",
        "Name": "4600888343711399878",
        "SkillAddLevelList": {}
    },
    "121002": {
        "IconPath": "SpriteOutput/SkillIcons/SkillIcon_1210_Rank2.png",
        "Name": "9247093163383770544",
        "SkillAddLevelList": {}
    },
    "121003": {
        "IconPath": "SpriteOutput/SkillIcons/SkillIcon_1210_BP.png",
        "Name": "15902964110011516905",
        "SkillAddLevelList": {
            "121001": 1,
            "121002": 2
        }
    },
    "121004": {
        "IconPath": "SpriteOutput/SkillIcons/SkillIcon_1210_Rank4.png",
        "Name": "11157435231023833197",
        "SkillAddLevelList": {}
    },
    "121005": {
        "IconPath": "SpriteOutput/SkillIcons/SkillIcon_1210_Ultra.png",
        "Name": "6829411619804999010",
        "SkillAddLevelList": {
            "121003": 2,
            "121004": 2
        }
    },
    "121006": {
        "IconPath": "SpriteOutput/SkillIcons/SkillIcon_1210_Rank6.png",
        "Name": "13149948319589349533",
        "SkillAddLevelList": {}
    },
    "121101": {
        "IconPath": "SpriteOutput/SkillIcons/SkillIcon_1211_Rank1.png",
        "Name": "4246986230021808896",
        "SkillAddLevelList": {}
    },
    "121102": {
        "IconPath": "SpriteOutput/SkillIcons/SkillIcon_1211_Rank2.png",
        "Name": "16592631137661385633",
        "SkillAddLevelList": {}
    },
    "121103": {
        "IconPath": "SpriteOutput/SkillIcons/SkillIcon_1211_BP.png",
        "Name": "8732546719930592588",
        "SkillAddLevelList": {
            "121102": 2,
            "121104": 2
        }
    },
    "121104": {
        "IconPath": "SpriteOutput/SkillIcons/SkillIcon_1211_Rank4.png",
        "Name": "15265733917637101971",
        "SkillAddLevelList": {}
    },
    "121105": {
        "IconPath": "SpriteOutput/SkillIcons/SkillIcon_1211_Ultra.png",
        "Name": "415133006270012891",
        "SkillAddLevelList": {
            "121101": 1,
            "121103": 2
        }
    },
    "121106": {
        "IconPath": "SpriteOutput/SkillIcons/SkillIcon_1211_Rank6.png",
        "Name": "14694066912345671400",
        "SkillAddLevelList": {}
    },
    "121201": {
        "IconPath": "SpriteOutput/SkillIcons/SkillIcon_1212_Rank1.png",
        "Name": "13621416976165284531",
        "SkillAddLevelList": {}
    },
    "121202": {
        "IconPath": "SpriteOutput/SkillIcons/SkillIcon_1212_Rank2.png",
        "Name": "16783486141794697789",
        "SkillAddLevelList": {}
    },
    "121203": {
        "IconPath": "SpriteOutput/SkillIcons/SkillIcon_1212_Ultra.png",
        "Name": "2839155382781558562",
        "SkillAddLevelList": {
            "121203": 2,
            "121204": 2
        }
    },
    "121204": {
        "IconPath": "SpriteOutput/SkillIcons/SkillIcon_1212_Rank4.png",
        "Name": "11302822814879879",
        "SkillAddLevelList": {}
    },
    "121205": {
        "IconPath": "SpriteOutput/SkillIcons/SkillIcon_1212_BP.png",
        "Name": "17328759350664377903",
        "SkillAddLevelList": {
            "121201": 1,
            "121202": 2,
            "121209": 2
        }
    },
    "121206": {
        "IconPath": "SpriteOutput/SkillIcons/SkillIcon_1212_Rank6.png",
        "Name": "17935794587472299611",
        "SkillAddLevelList": {}
    },
    "121301": {
        "IconPath": "SpriteOutput/SkillIcons/SkillIcon_1213_Rank1.png",
        "Name": "3965149110201527422",
        "SkillAddLevelList": {}
    },
    "121302": {
        "IconPath": "SpriteOutput/SkillIcons/SkillIcon_1213_Rank2.png",
        "Name": "7046386632934529710",
        "SkillAddLevelList": {}
    },
    "121303": {
        "IconPath": "SpriteOutput/SkillIcons/SkillIcon_1213_BP.png",
        "Name": "11452448706213892550",
        "SkillAddLevelList": {
            "121301": 1,
            "121302": 2,
            "121308": 1,
            "121310": 1,
            "121312": 1
        }
    },
    "121304": {
        "IconPath": "SpriteOutput/SkillIcons/SkillIcon_1213_Rank4.png",
        "Name": "5696815393348335000",
        "SkillAddLevelList": {}
    },
    "121305": {
        "IconPath": "SpriteOutput/SkillIcons/SkillIcon_1213_Ultra.png",
        "Name": "13704220817827186544",
        "SkillAddLevelList": {
            "121303": 2,
            "121304": 2
        }
    },
    "121306": {
        "IconPath": "SpriteOutput/SkillIcons/SkillIcon_1213_Rank6.png",
        "Name": "8211014558143849075",
        "SkillAddLevelList": {}
    },
    "121401": {
        "IconPath": "SpriteOutput/SkillIcons/SkillIcon_1214_Rank1.png",
        "Name": "8328643883265161382",
        "SkillAddLevelList": {}
    },
    "121402": {
        "IconPath": "SpriteOutput/SkillIcons/SkillIcon_1214_Rank2.png",
        "Name": "4317335750222250743",
        "SkillAddLevelList": {}
    },
    "121403": {
        "IconPath": "SpriteOutput/SkillIcons/SkillIcon_1214_BP.png",
        "Name": "5762021079676631814",
        "SkillAddLevelList": {
            "121401": 1,
            "121402": 2
        }
    },
    "121404": {
        "IconPath": "SpriteOutput/SkillIcons/SkillIcon_1214_Rank4.png",
        "Name": "16804932048415344454",
        "SkillAddLevelList": {}
    },
    "121405": {
        "IconPath": "SpriteOutput/SkillIcons/SkillIcon_1214_Ultra.png",
        "Name": "11344749576929503528",
        "SkillAddLevelList": {
            "121403": 2,
            "121404": 2
        }
    },
    "121406": {
        "IconPath": "SpriteOutput/SkillIcons/SkillIcon_1214_Rank6.png",
        "Name": "14691606432810169962",
        "SkillAddLevelList": {}
    },
    "121501": {
        "IconPath": "SpriteOutput/SkillIcons/SkillIcon_1215_Rank1.png",
        "Name": "10407035414064651166",
        "SkillAddLevelList": {}
    },
    "121502": {
        "IconPath": "SpriteOutput/SkillIcons/SkillIcon_1215_Rank2.png",
        "Name": "1094725256547321569",
        "SkillAddLevelList": {}
    },
    "121503": {
        "IconPath": "SpriteOutput/SkillIcons/SkillIcon_1215_BP.png",
        "Name": "13171435273360764926",
        "SkillAddLevelList": {
            "121501": 1,
            "121502": 2
        }
    },
    "121504": {
        "IconPath": "SpriteOutput/SkillIcons/SkillIcon_1215_Rank4.png",
        "Name": "17666584525335277160",
        "SkillAddLevelList": {}
    },
    "121505": {
        "IconPath": "SpriteOutput/SkillIcons/SkillIcon_1215_Ultra.png",
        "Name": "13255486010879226827",
        "SkillAddLevelList": {
            "121503": 2,
            "121504": 2
        }
    },
    "121506": {
        "IconPath": "SpriteOutput/SkillIcons/SkillIcon_1215_Rank6.png",
        "Name": "16309097601072957198",
        "SkillAddLevelList": {}
    },
    "121701": {
        "IconPath": "SpriteOutput/SkillIcons/SkillIcon_1217_Rank1.png",
        "Name": "15799147328515674429",
        "SkillAddLevelList": {}
    },
    "121702": {
        "IconPath": "SpriteOutput/SkillIcons/SkillIcon_1217_Rank2.png",
        "Name": "16986777316059346896",
        "SkillAddLevelList": {}
    },
    "121703": {
        "IconPath": "SpriteOutput/SkillIcons/SkillIcon_1217_Ultra.png",
        "Name": "10688136445062680596",
        "SkillAddLevelList": {
            "121703": 2,
            "121704": 2
        }
    },
    "121704": {
        "IconPath": "SpriteOutput/SkillIcons/SkillIcon_1217_Rank4.png",
        "Name": "6064400583652929869",
        "SkillAddLevelList": {}
    },
    "121705": {
        "IconPath": "SpriteOutput/SkillIcons/SkillIcon_1217_BP.png",
        "Name": "15542917034628693344",
        "SkillAddLevelList": {
            "121701": 1,
            "121702": 2
        }
    },
    "121706": {
        "IconPath": "SpriteOutput/SkillIcons/SkillIcon_1217_Rank6.png",
        "Name": "5536030035098733483",
        "SkillAddLevelList": {}
    },
    "121801": {
        "IconPath": "SpriteOutput/SkillIcons/SkillIcon_1218_Rank1.png",
        "Name": "11325629105111530306",
        "SkillAddLevelList": {}
    },
    "121802": {
        "IconPath": "SpriteOutput/SkillIcons/SkillIcon_1218_Rank2.png",
        "Name": "883099441339433463",
        "SkillAddLevelList": {}
    },
    "121803": {
        "IconPath": "SpriteOutput/SkillIcons/SkillIcon_1218_BP.png",
        "Name": "15113752686653735420",
        "SkillAddLevelList": {
            "121801": 1,
            "121802": 2
        }
    },
    "121804": {
        "IconPath": "SpriteOutput/SkillIcons/SkillIcon_1218_Rank4.png",
        "Name": "10027456651520485841",
        "SkillAddLevelList": {}
    },
    "121805": {
        "IconPath": "SpriteOutput/SkillIcons/SkillIcon_1218_Ultra.png",
        "Name": "14318928751398661567",
        "SkillAddLevelList": {
            "121803": 2,
            "121804": 2
        }
    },
    "121806": {
        "IconPath": "SpriteOutput/SkillIcons/SkillIcon_1218_Rank6.png",
        "Name": "7668564993111462085",
        "SkillAddLevelList": {}
    },
    "122001": {
        "IconPath": "SpriteOutput/SkillIcons/SkillIcon_1220_Rank1.png",
        "Name": "1541659787701245558",
        "SkillAddLevelList": {}
    },
    "122002": {
        "IconPath": "SpriteOutput/SkillIcons/SkillIcon_1220_Rank2.png",
        "Name": "5871618907199131824",
        "SkillAddLevelList": {}
    },
    "122003": {
        "IconPath": "SpriteOutput/SkillIcons/SkillIcon_1220_Ultra.png",
        "Name": "9432058799648270795",
        "SkillAddLevelList": {
            "122001": 1,
            "122003": 2,
            "122008": 2,
            "122009": 2,
            "122014": 2
        }
    },
    "122004": {
        "IconPath": "SpriteOutput/SkillIcons/SkillIcon_1220_Rank4.png",
        "Name": "18001168608402116613",
        "SkillAddLevelList": {}
    },
    "122005": {
        "IconPath": "SpriteOutput/SkillIcons/SkillIcon_1220_BP.png",
        "Name": "14091517614706580130",
        "SkillAddLevelList": {
            "122002": 2,
            "122004": 2
        }
    },
    "122006": {
        "IconPath": "SpriteOutput/SkillIcons/SkillIcon_1220_Rank6.png",
        "Name": "16088672426243705799",
        "SkillAddLevelList": {}
    },
    "122101": {
        "IconPath": "SpriteOutput/SkillIcons/SkillIcon_1221_Rank1.png",
        "Name": "2466580982747709493",
        "SkillAddLevelList": {}
    },
    "122102": {
        "IconPath": "SpriteOutput/SkillIcons/SkillIcon_1221_Rank2.png",
        "Name": "2382968073604844187",
        "SkillAddLevelList": {}
    },
    "122103": {
        "IconPath": "SpriteOutput/SkillIcons/SkillIcon_1221_Ultra.png",
        "Name": "17733138790477466532",
        "SkillAddLevelList": {
            "122101": 1,
            "122103": 2
        }
    },
    "122104": {
        "IconPath": "SpriteOutput/SkillIcons/SkillIcon_1221_Rank4.png",
        "Name": "8714690072640779493",
        "SkillAddLevelList": {}
    },
    "122105": {
        "IconPath": "SpriteOutput/SkillIcons/SkillIcon_1221_BP.png",
        "Name": "13662697884124725272",
        "SkillAddLevelList": {
            "122102": 2,
            "122104": 2
        }
    },
    "122106": {
        "IconPath": "SpriteOutput/SkillIcons/SkillIcon_1221_Rank6.png",
        "Name": "13352160983926085209",
        "SkillAddLevelList": {}
    },
    "122201": {
        "IconPath": "SpriteOutput/SkillIcons/SkillIcon_1222_Rank1.png",
        "Name": "7247073989192500299",
        "SkillAddLevelList": {}
    },
    "122202": {
        "IconPath": "SpriteOutput/SkillIcons/SkillIcon_1222_Rank2.png",
        "Name": "17583938756338069022",
        "SkillAddLevelList": {}
    },
    "122203": {
        "IconPath": "SpriteOutput/SkillIcons/SkillIcon_1222_Ultra.png",
        "Name": "16100036983187342048",
        "SkillAddLevelList": {
            "122203": 2,
            "122204": 2
        }
    },
    "122204": {
        "IconPath": "SpriteOutput/SkillIcons/SkillIcon_1222_Rank4.png",
        "Name": "15933624133937218655",
        "SkillAddLevelList": {}
    },
    "122205": {
        "IconPath": "SpriteOutput/SkillIcons/SkillIcon_1222_BP.png",
        "Name": "14638680596635349725",
        "SkillAddLevelList": {
            "122201": 1,
            "122202": 2
        }
    },
    "122206": {
        "IconPath": "SpriteOutput/SkillIcons/SkillIcon_1222_Rank6.png",
        "Name": "10912392467086864269",
        "SkillAddLevelList": {}
    },
    "122301": {
        "IconPath": "SpriteOutput/SkillIcons/SkillIcon_1223_Rank1.png",
        "Name": "9984149081024777442",
        "SkillAddLevelList": {}
    },
    "122302": {
        "IconPath": "SpriteOutput/SkillIcons/SkillIcon_1223_Rank2.png",
        "Name": "14012475375748582372",
        "SkillAddLevelList": {}
    },
    "122303": {
        "IconPath": "SpriteOutput/SkillIcons/SkillIcon_1223_Ultra.png",
        "Name": "7350137040045435530",
        "SkillAddLevelList": {
            "122303": 2,
            "122304": 2
        }
    },
    "122304": {
        "IconPath": "SpriteOutput/SkillIcons/SkillIcon_1223_Rank4.png",
        "Name": "15619930198927869605",
        "SkillAddLevelList": {}
    },
    "122305": {
        "IconPath": "SpriteOutput/SkillIcons/SkillIcon_1223_BP.png",
        "Name": "11638298062215118179",
        "SkillAddLevelList": {
            "122301": 1,
            "122302": 2
        }
    },
    "122306": {
        "IconPath": "SpriteOutput/SkillIcons/SkillIcon_1223_Rank6.png",
        "Name": "17912601756414991615",
        "SkillAddLevelList": {}
    },
    "122401": {
        "IconPath": "SpriteOutput/SkillIcons/SkillIcon_1224_Rank1.png",
        "Name": "17471381693443327399",
        "SkillAddLevelList": {}
    },
    "122402": {
        "IconPath": "SpriteOutput/SkillIcons/SkillIcon_1224_Rank2.png",
        "Name": "6076934139110322361",
        "SkillAddLevelList": {}
    },
    "122403": {
        "IconPath": "SpriteOutput/SkillIcons/SkillIcon_1224_BP.png",
        "Name": "160061610331721392",
        "SkillAddLevelList": {
            "122401": 1,
            "122402": 2,
            "122408": 1
        }
    },
    "122404": {
        "IconPath": "SpriteOutput/SkillIcons/SkillIcon_1224_Rank4.png",
        "Name": "18414917258979589197",
        "SkillAddLevelList": {}
    },
    "122405": {
        "IconPath": "SpriteOutput/SkillIcons/SkillIcon_1224_Ultra.png",
        "Name": "13417278474083951149",
        "SkillAddLevelList": {
            "122403": 2,
            "122404": 2
        }
    },
    "122406": {
        "IconPath": "SpriteOutput/SkillIcons/SkillIcon_1224_Rank6.png",
        "Name": "3738633920670632656",
        "SkillAddLevelList": {}
    },
    "122501": {
        "IconPath": "SpriteOutput/SkillIcons/SkillIcon_1225_Rank1.png",
        "Name": "12990934863231424510",
        "SkillAddLevelList": {}
    },
    "122502": {
        "IconPath": "SpriteOutput/SkillIcons/SkillIcon_1225_Rank2.png",
        "Name": "3643488638037279535",
        "SkillAddLevelList": {}
    },
    "122503": {
        "IconPath": "SpriteOutput/SkillIcons/SkillIcon_1225_BP.png",
        "Name": "12545075408449869897",
        "SkillAddLevelList": {
            "122501": 1,
            "122502": 2,
            "122508": 1
        }
    },
    "122504": {
        "IconPath": "SpriteOutput/SkillIcons/SkillIcon_1225_Rank4.png",
        "Name": "1608603003554269343",
        "SkillAddLevelList": {}
    },
    "122505": {
        "IconPath": "SpriteOutput/SkillIcons/SkillIcon_1225_Ultra.png",
        "Name": "3729113053705966669",
        "SkillAddLevelList": {
            "122503": 2,
            "122504": 2
        }
    },
    "122506": {
        "IconPath": "SpriteOutput/SkillIcons/SkillIcon_1225_Rank6.png",
        "Name": "9979463774939046973",
        "SkillAddLevelList": {}
    },
    "130101": {
        "IconPath": "SpriteOutput/SkillIcons/SkillIcon_1301_Rank1.png",
        "Name": "10195586743554766837",
        "SkillAddLevelList": {}
    },
    "130102": {
        "IconPath": "SpriteOutput/SkillIcons/SkillIcon_1301_Rank2.png",
        "Name": "16708241514997509041",
        "SkillAddLevelList": {}
    },
    "130103": {
        "IconPath": "SpriteOutput/SkillIcons/SkillIcon_1301_BP.png",
        "Name": "16943874469950774435",
        "SkillAddLevelList": {
            "130101": 1,
            "130102": 2,
            "130108": 1
        }
    },
    "130104": {
        "IconPath": "SpriteOutput/SkillIcons/SkillIcon_1301_Rank4.png",
        "Name": "15602146823974898088",
        "SkillAddLevelList": {}
    },
    "130105": {
        "IconPath": "SpriteOutput/SkillIcons/SkillIcon_1301_Ultra.png",
        "Name": "2845640032547320759",
        "SkillAddLevelList": {
            "130103": 2,
            "130104": 2
        }
    },
    "130106": {
        "IconPath": "SpriteOutput/SkillIcons/SkillIcon_1301_Rank6.png",
        "Name": "13301702065918953056",
        "SkillAddLevelList": {}
    },
    "130201": {
        "IconPath": "SpriteOutput/SkillIcons/SkillIcon_1302_Rank1.png",
        "Name": "12992687331486207406",
        "SkillAddLevelList": {}
    },
    "130202": {
        "IconPath": "SpriteOutput/SkillIcons/SkillIcon_1302_Rank2.png",
        "Name": "8183385018646243896",
        "SkillAddLevelList": {}
    },
    "130203": {
        "IconPath": "SpriteOutput/SkillIcons/SkillIcon_1302_BP.png",
        "Name": "15499823451485498920",
        "SkillAddLevelList": {
            "130202": 2,
            "130204": 2
        }
    },
    "130204": {
        "IconPath": "SpriteOutput/SkillIcons/SkillIcon_1302_Rank4.png",
        "Name": "2818714911642458701",
        "SkillAddLevelList": {}
    },
    "130205": {
        "IconPath": "SpriteOutput/SkillIcons/SkillIcon_1302_Ultra.png",
        "Name": "10235473672455047025",
        "SkillAddLevelList": {
            "130201": 1,
            "130203": 2,
            "130214": 2
        }
    },
    "130206": {
        "IconPath": "SpriteOutput/SkillIcons/SkillIcon_1302_Rank6.png",
        "Name": "16934924001303458123",
        "SkillAddLevelList": {}
    },
    "130301": {
        "IconPath": "SpriteOutput/SkillIcons/SkillIcon_1303_Rank1.png",
        "Name": "5283511691580540738",
        "SkillAddLevelList": {}
    },
    "130302": {
        "IconPath": "SpriteOutput/SkillIcons/SkillIcon_1303_Rank2.png",
        "Name": "14741234007366608633",
        "SkillAddLevelList": {}
    },
    "130303": {
        "IconPath": "SpriteOutput/SkillIcons/SkillIcon_1303_Ultra.png",
        "Name": "12453330439169590919",
        "SkillAddLevelList": {
            "130303": 2,
            "130304": 2
        }
    },
    "130304": {
        "IconPath": "SpriteOutput/SkillIcons/SkillIcon_1303_Rank4.png",
        "Name": "17333830509512946178",
        "SkillAddLevelList": {}
    },
    "130305": {
        "IconPath": "SpriteOutput/SkillIcons/SkillIcon_1303_BP.png",
        "Name": "1180918965279407730",
        "SkillAddLevelList": {
            "130301": 1,
            "130302": 2
        }
    },
    "130306": {
        "IconPath": "SpriteOutput/SkillIcons/SkillIcon_1303_Rank6.png",
        "Name": "15017163635742078445",
        "SkillAddLevelList": {}
    },
    "130401": {
        "IconPath": "SpriteOutput/SkillIcons/SkillIcon_1304_Rank1.png",
        "Name": "9631454088696861730",
        "SkillAddLevelList": {}
    },
    "130402": {
        "IconPath": "SpriteOutput/SkillIcons/SkillIcon_1304_Rank2.png",
        "Name": "14310401177118632825",
        "SkillAddLevelList": {}
    },
    "130403": {
        "IconPath": "SpriteOutput/SkillIcons/SkillIcon_1304_Ultra.png",
        "Name": "10974754891511149119",
        "SkillAddLevelList": {
            "130401": 1,
            "130403": 2
        }
    },
    "130404": {
        "IconPath": "SpriteOutput/SkillIcons/SkillIcon_1304_Rank4.png",
        "Name": "14455136505986165622",
        "SkillAddLevelList": {}
    },
    "130405": {
        "IconPath": "SpriteOutput/SkillIcons/SkillIcon_1304_BP.png",
        "Name": "11225870185324199564",
        "SkillAddLevelList": {
            "130402": 2,
            "130404": 2
        }
    },
    "130406": {
        "IconPath": "SpriteOutput/SkillIcons/SkillIcon_1304_Rank6.png",
        "Name": "3247664636121170860",
        "SkillAddLevelList": {}
    },
    "130501": {
        "IconPath": "SpriteOutput/SkillIcons/SkillIcon_1305_Rank1.png",
        "Name": "12410909173946740290",
        "SkillAddLevelList": {}
    },
    "130502": {
        "IconPath": "SpriteOutput/SkillIcons/SkillIcon_1305_Rank2.png",
        "Name": "190474691422037734",
        "SkillAddLevelList": {}
    },
    "130503": {
        "IconPath": "SpriteOutput/SkillIcons/SkillIcon_1305_Ultra.png",
        "Name": "9842678270280556246",
        "SkillAddLevelList": {
            "130501": 1,
            "130503": 2
        }
    },
    "130504": {
        "IconPath": "SpriteOutput/SkillIcons/SkillIcon_1305_Rank4.png",
        "Name": "8633169214150907588",
        "SkillAddLevelList": {}
    },
    "130505": {
        "IconPath": "SpriteOutput/SkillIcons/SkillIcon_1305_BP.png",
        "Name": "6785865160197024393",
        "SkillAddLevelList": {
            "130502": 2,
            "130504": 2
        }
    },
    "130506": {
        "IconPath": "SpriteOutput/SkillIcons/SkillIcon_1305_Rank6.png",
        "Name": "17869670451679061112",
        "SkillAddLevelList": {}
    },
    "130601": {
        "IconPath": "SpriteOutput/SkillIcons/SkillIcon_1306_Rank1.png",
        "Name": "4548154076673886599",
        "SkillAddLevelList": {}
    },
    "130602": {
        "IconPath": "SpriteOutput/SkillIcons/SkillIcon_1306_Rank2.png",
        "Name": "10540482009608268634",
        "SkillAddLevelList": {}
    },
    "130603": {
        "IconPath": "SpriteOutput/SkillIcons/SkillIcon_1306_BP.png",
        "Name": "13959181821016281008",
        "SkillAddLevelList": {
            "130601": 1,
            "130602": 2
        }
    },
    "130604": {
        "IconPath": "SpriteOutput/SkillIcons/SkillIcon_1306_Rank4.png",
        "Name": "3636333982952694061",
        "SkillAddLevelList": {}
    },
    "130605": {
        "IconPath": "SpriteOutput/SkillIcons/SkillIcon_1306_Ultra.png",
        "Name": "15183196009832996763",
        "SkillAddLevelList": {
            "130603": 2,
            "130604": 2
        }
    },
    "130606": {
        "IconPath": "SpriteOutput/SkillIcons/SkillIcon_1306_Rank6.png",
        "Name": "16747573037783430231",
        "SkillAddLevelList": {}
    },
    "130701": {
        "IconPath": "SpriteOutput/SkillIcons/SkillIcon_1307_Rank1.png",
        "Name": "15176206605926308102",
        "SkillAddLevelList": {}
    },
    "130702": {
        "IconPath": "SpriteOutput/SkillIcons/SkillIcon_1307_Rank2.png",
        "Name": "3129288179015987247",
        "SkillAddLevelList": {}
    },
    "130703": {
        "IconPath": "SpriteOutput/SkillIcons/SkillIcon_1307_BP.png",
        "Name": "6501502362155500662",
        "SkillAddLevelList": {
            "130702": 2,
            "130704": 2
        }
    },
    "130704": {
        "IconPath": "SpriteOutput/SkillIcons/SkillIcon_1307_Rank4.png",
        "Name": "7982858863265404696",
        "SkillAddLevelList": {}
    },
    "130705": {
        "IconPath": "SpriteOutput/SkillIcons/SkillIcon_1307_Ultra.png",
        "Name": "12318800614801251748",
        "SkillAddLevelList": {
            "130701": 1,
            "130703": 2
        }
    },
    "130706": {
        "IconPath": "SpriteOutput/SkillIcons/SkillIcon_1307_Rank6.png",
        "Name": "17598428101063569445",
        "SkillAddLevelList": {}
    },
    "130801": {
        "IconPath": "SpriteOutput/SkillIcons/SkillIcon_1308_Rank1.png",
        "Name": "7791140426443349254",
        "SkillAddLevelList": {}
    },
    "130802": {
        "IconPath": "SpriteOutput/SkillIcons/SkillIcon_1308_Rank2.png",
        "Name": "11778213167264546391",
        "SkillAddLevelList": {}
    },
    "130803": {
        "IconPath": "SpriteOutput/SkillIcons/SkillIcon_1308_Ultra.png",
        "Name": "10409126277079068767",
        "SkillAddLevelList": {
            "130801": 1,
            "130803": 2,
            "130814": 2,
            "130815": 2,
            "130816": 2,
            "130817": 2
        }
    },
    "130804": {
        "IconPath": "SpriteOutput/SkillIcons/SkillIcon_1308_Rank4.png",
        "Name": "12559037086569548375",
        "SkillAddLevelList": {}
    },
    "130805": {
        "IconPath": "SpriteOutput/SkillIcons/SkillIcon_1308_BP.png",
        "Name": "10222652003828657485",
        "SkillAddLevelList": {
            "130802": 2,
            "130804": 2
        }
    },
    "130806": {
        "IconPath": "SpriteOutput/SkillIcons/SkillIcon_1308_Rank6.png",
        "Name": "5542086486399367572",
        "SkillAddLevelList": {}
    },
    "130901": {
        "IconPath": "SpriteOutput/SkillIcons/SkillIcon_1309_Rank1.png",
        "Name": "10591590633206729301",
        "SkillAddLevelList": {}
    },
    "130902": {
        "IconPath": "SpriteOutput/SkillIcons/SkillIcon_1309_Rank2.png",
        "Name": "13575220187870953834",
        "SkillAddLevelList": {}
    },
    "130903": {
        "IconPath": "SpriteOutput/SkillIcons/SkillIcon_1309_BP.png",
        "Name": "17678058638662750048",
        "SkillAddLevelList": {
            "130902": 2,
            "130903": 2
        }
    },
    "130904": {
        "IconPath": "SpriteOutput/SkillIcons/SkillIcon_1309_Rank4.png",
        "Name": "16832233371693657018",
        "SkillAddLevelList": {}
    },
    "130905": {
        "IconPath": "SpriteOutput/SkillIcons/SkillIcon_1309_Normal.png",
        "Name": "2134019655411515379",
        "SkillAddLevelList": {
            "130901": 1,
            "130904": 2
        }
    },
    "130906": {
        "IconPath": "SpriteOutput/SkillIcons/SkillIcon_1309_Rank6.png",
        "Name": "11330541716943344372",
        "SkillAddLevelList": {}
    },
    "131001": {
        "IconPath": "SpriteOutput/SkillIcons/SkillIcon_1310_Rank1.png",
        "Name": "14283861800299162178",
        "SkillAddLevelList": {}
    },
    "131002": {
        "IconPath": "SpriteOutput/SkillIcons/SkillIcon_1310_Rank2.png",
        "Name": "14098132134781416024",
        "SkillAddLevelList": {}
    },
    "131003": {
        "IconPath": "SpriteOutput/SkillIcons/SkillIcon_1310_BP.png",
        "Name": "14958722091203778050",
        "SkillAddLevelList": {
            "131001": 1,
            "131002": 2,
            "131008": 1,
            "131009": 2
        }
    },
    "131004": {
        "IconPath": "SpriteOutput/SkillIcons/SkillIcon_1310_Rank4.png",
        "Name": "17989672644055529261",
        "SkillAddLevelList": {}
    },
    "131005": {
        "IconPath": "SpriteOutput/SkillIcons/SkillIcon_1310_Ultra.png",
        "Name": "4133451179395982583",
        "SkillAddLevelList": {
            "131003": 2,
            "131004": 2
        }
    },
    "131006": {
        "IconPath": "SpriteOutput/SkillIcons/SkillIcon_1310_Rank6.png",
        "Name": "870502049154712635",
        "SkillAddLevelList": {}
    },
    "131201": {
        "IconPath": "SpriteOutput/SkillIcons/SkillIcon_1312_Rank1.png",
        "Name": "3641180823175315815",
        "SkillAddLevelList": {}
    },
    "131202": {
        "IconPath": "SpriteOutput/SkillIcons/SkillIcon_1312_Rank2.png",
        "Name": "16345372827894713742",
        "SkillAddLevelList": {}
    },
    "131203": {
        "IconPath": "SpriteOutput/SkillIcons/SkillIcon_1312_Ultra.png",
        "Name": "5644426302036112550",
        "SkillAddLevelList": {
            "131201": 1,
            "131203": 2
        }
    },
    "131204": {
        "IconPath": "SpriteOutput/SkillIcons/SkillIcon_1312_Rank4.png",
        "Name": "8067993008298702500",
        "SkillAddLevelList": {}
    },
    "131205": {
        "IconPath": "SpriteOutput/SkillIcons/SkillIcon_1312_BP.png",
        "Name": "9260839585676240408",
        "SkillAddLevelList": {
            "131202": 2,
            "131204": 2
        }
    },
    "131206": {
        "IconPath": "SpriteOutput/SkillIcons/SkillIcon_1312_Rank6.png",
        "Name": "8782141780608365766",
        "SkillAddLevelList": {}
    },
    "131301": {
        "IconPath": "SpriteOutput/SkillIcons/SkillIcon_1313_Rank1.png",
        "Name": "3014871539225713025",
        "SkillAddLevelList": {}
    },
    "131302": {
        "IconPath": "SpriteOutput/SkillIcons/SkillIcon_1313_Rank2.png",
        "Name": "16927291209871539575",
        "SkillAddLevelList": {}
    },
    "131303": {
        "IconPath": "SpriteOutput/SkillIcons/SkillIcon_1313_Ultra.png",
        "Name": "593080601445394071",
        "SkillAddLevelList": {
            "131301": 1,
            "131303": 2
        }
    },
    "131304": {
        "IconPath": "SpriteOutput/SkillIcons/SkillIcon_1313_Rank4.png",
        "Name": "5065382799578725366",
        "SkillAddLevelList": {}
    },
    "131305": {
        "IconPath": "SpriteOutput/SkillIcons/SkillIcon_1313_BP.png",
        "Name": "13541497375852107940",
        "SkillAddLevelList": {
            "131302": 2,
            "131304": 2
        }
    },
    "131306": {
        "IconPath": "SpriteOutput/SkillIcons/SkillIcon_1313_Rank6.png",
        "Name": "7484893816022563317",
        "SkillAddLevelList": {}
    },
    "131401": {
        "IconPath": "SpriteOutput/SkillIcons/SkillIcon_1314_Rank1.png",
        "Name": "11082522442167214589",
        "SkillAddLevelList": {}
    },
    "131402": {
        "IconPath": "SpriteOutput/SkillIcons/SkillIcon_1314_Rank2.png",
        "Name": "5001597247009539641",
        "SkillAddLevelList": {}
    },
    "131403": {
        "IconPath": "SpriteOutput/SkillIcons/SkillIcon_1314_BP.png",
        "Name": "2366336905769582163",
        "SkillAddLevelList": {
            "131402": 2,
            "131404": 2
        }
    },
    "131404": {
        "IconPath": "SpriteOutput/SkillIcons/SkillIcon_1314_Rank4.png",
        "Name": "17299334788891505018",
        "SkillAddLevelList": {}
    },
    "131405": {
        "IconPath": "SpriteOutput/SkillIcons/SkillIcon_1314_Ultra.png",
        "Name": "2327958464280750870",
        "SkillAddLevelList": {
            "131401": 1,
            "131403": 2
        }
    },
    "131406": {
        "IconPath": "SpriteOutput/SkillIcons/SkillIcon_1314_Rank6.png",
        "Name": "1024692599814355027",
        "SkillAddLevelList": {}
    },
    "131501": {
        "IconPath": "SpriteOutput/SkillIcons/SkillIcon_1315_Rank1.png",
        "Name": "3847258249340309717",
        "SkillAddLevelList": {}
    },
    "131502": {
        "IconPath": "SpriteOutput/SkillIcons/SkillIcon_1315_Rank2.png",
        "Name": "9236101549104387478",
        "SkillAddLevelList": {}
    },
    "131503": {
        "IconPath": "SpriteOutput/SkillIcons/SkillIcon_1315_Ultra.png",
        "Name": "10280714510303913978",
        "SkillAddLevelList": {
            "131501": 1,
            "131503": 2,
            "131508": 1
        }
    },
    "131504": {
        "IconPath": "SpriteOutput/SkillIcons/SkillIcon_1315_Rank4.png",
        "Name": "3293132227633042726",
        "SkillAddLevelList": {}
    },
    "131505": {
        "IconPath": "SpriteOutput/SkillIcons/SkillIcon_1315_BP.png",
        "Name": "15067639005091651768",
        "SkillAddLevelList": {
            "131502": 2,
            "131504": 2
        }
    },
    "131506": {
        "IconPath": "SpriteOutput/SkillIcons/SkillIcon_1315_Rank6.png",
        "Name": "6131354892111043471",
        "SkillAddLevelList": {}
    },
    "131701": {
        "IconPath": "SpriteOutput/SkillIcons/SkillIcon_1317_Rank1.png",
        "Name": "15783192380979008644",
        "SkillAddLevelList": {}
    },
    "131702": {
        "IconPath": "SpriteOutput/SkillIcons/SkillIcon_1317_Rank2.png",
        "Name": "881215680182145252",
        "SkillAddLevelList": {}
    },
    "131703": {
        "IconPath": "SpriteOutput/SkillIcons/SkillIcon_1317_BP.png",
        "Name": "1796218633185333829",
        "SkillAddLevelList": {
            "131702": 2,
            "131704": 2
        }
    },
    "131704": {
        "IconPath": "SpriteOutput/SkillIcons/SkillIcon_1317_Rank4.png",
        "Name": "11352463604951235288",
        "SkillAddLevelList": {}
    },
    "131705": {
        "IconPath": "SpriteOutput/SkillIcons/SkillIcon_1317_Ultra.png",
        "Name": "11885257879925592139",
        "SkillAddLevelList": {
            "131701": 1,
            "131703": 2,
            "131708": 1,
            "131710": 1,
            "131712": 1,
            "131718": 1
        }
    },
    "131706": {
        "IconPath": "SpriteOutput/SkillIcons/SkillIcon_1317_Rank6.png",
        "Name": "1110260124622841478",
        "SkillAddLevelList": {}
    },
    "140101": {
        "IconPath": "SpriteOutput/SkillIcons/SkillIcon_1401_Rank1.png",
        "Name": "9039420859009067297",
        "SkillAddLevelList": {}
    },
    "140102": {
        "IconPath": "SpriteOutput/SkillIcons/SkillIcon_1401_Rank2.png",
        "Name": "15927840448909572572",
        "SkillAddLevelList": {}
    },
    "140103": {
        "IconPath": "SpriteOutput/SkillIcons/SkillIcon_1401_BP.png",
        "Name": "7656098375675889571",
        "SkillAddLevelList": {
            "140102": 2,
            "140104": 2,
            "140109": 2
        }
    },
    "140104": {
        "IconPath": "SpriteOutput/SkillIcons/SkillIcon_1401_Rank4.png",
        "Name": "10022061467378559657",
        "SkillAddLevelList": {}
    },
    "140105": {
        "IconPath": "SpriteOutput/SkillIcons/SkillIcon_1401_Ultra.png",
        "Name": "1504219736372482876",
        "SkillAddLevelList": {
            "140101": 1,
            "140103": 2
        }
    },
    "140106": {
        "IconPath": "SpriteOutput/SkillIcons/SkillIcon_1401_Rank6.png",
        "Name": "33073893613836028",
        "SkillAddLevelList": {}
    },
    "140201": {
        "IconPath": "SpriteOutput/SkillIcons/SkillIcon_1402_Rank1.png",
        "Name": "2646438533211359554",
        "SkillAddLevelList": {}
    },
    "140202": {
        "IconPath": "SpriteOutput/SkillIcons/SkillIcon_1402_Rank2.png",
        "Name": "15471072454805560739",
        "SkillAddLevelList": {}
    },
    "140203": {
        "IconPath": "SpriteOutput/SkillIcons/SkillIcon_1402_BP.png",
        "Name": "12848650697599753306",
        "SkillAddLevelList": {
            "140201": 1,
            "140202": 2,
            "140208": 1,
            "140209": 2,
            "1140203": 1,
            "1140205": 1,
            "1140206": 1
        }
    },
    "140204": {
        "IconPath": "SpriteOutput/SkillIcons/SkillIcon_1402_Rank4.png",
        "Name": "12784147583587909320",
        "SkillAddLevelList": {}
    },
    "140205": {
        "IconPath": "SpriteOutput/SkillIcons/SkillIcon_1402_Ultra.png",
        "Name": "3977925447005111586",
        "SkillAddLevelList": {
            "140203": 2,
            "140204": 2,
            "1140201": 1
        }
    },
    "140206": {
        "IconPath": "SpriteOutput/SkillIcons/SkillIcon_1402_Rank6.png",
        "Name": "3347392541698192243",
        "SkillAddLevelList": {}
    },
    "140301": {
        "IconPath": "SpriteOutput/SkillIcons/SkillIcon_1403_Rank1.png",
        "Name": "2077427905216423561",
        "SkillAddLevelList": {}
    },
    "140302": {
        "IconPath": "SpriteOutput/SkillIcons/SkillIcon_1403_Rank2.png",
        "Name": "16319147430039416841",
        "SkillAddLevelList": {}
    },
    "140303": {
        "IconPath": "SpriteOutput/SkillIcons/SkillIcon_1403_Ultra.png",
        "Name": "652409024795885314",
        "SkillAddLevelList": {
            "140301": 1,
            "140303": 2
        }
    },
    "140304": {
        "IconPath": "SpriteOutput/SkillIcons/SkillIcon_1403_Rank4.png",
        "Name": "10578028213485733801",
        "SkillAddLevelList": {}
    },
    "140305": {
        "IconPath": "SpriteOutput/SkillIcons/SkillIcon_1403_BP.png",
        "Name": "5405755637534298216",
        "SkillAddLevelList": {
            "140302": 2,
            "140304": 2
        }
    },
    "140306": {
        "IconPath": "SpriteOutput/SkillIcons/SkillIcon_1403_Rank6.png",
        "Name": "2151593474846797057",
        "SkillAddLevelList": {}
    },
    "140401": {
        "IconPath": "SpriteOutput/SkillIcons/SkillIcon_1404_Rank1.png",
        "Name": "1826934666677892991",
        "SkillAddLevelList": {}
    },
    "140402": {
        "IconPath": "SpriteOutput/SkillIcons/SkillIcon_1404_Rank2.png",
        "Name": "8149184705765535204",
        "SkillAddLevelList": {}
    },
    "140403": {
        "IconPath": "SpriteOutput/SkillIcons/SkillIcon_1404_BP.png",
        "Name": "6981123408328337385",
        "SkillAddLevelList": {
            "140401": 1,
            "140402": 2,
            "140409": 2,
            "140411": 2
        }
    },
    "140404": {
        "IconPath": "SpriteOutput/SkillIcons/SkillIcon_1404_Rank4.png",
        "Name": "2326925971740652702",
        "SkillAddLevelList": {}
    },
    "140405": {
        "IconPath": "SpriteOutput/SkillIcons/SkillIcon_1404_Ultra.png",
        "Name": "143123621393971026",
        "SkillAddLevelList": {
            "140403": 2,
            "140404": 2
        }
    },
    "140406": {
        "IconPath": "SpriteOutput/SkillIcons/SkillIcon_1404_Rank6.png",
        "Name": "16027894774776610385",
        "SkillAddLevelList": {}
    },
    "800101": {
        "IconPath": "SpriteOutput/SkillIcons/SkillIcon_8001_Rank1.png",
        "Name": "6599692388550297855",
        "SkillAddLevelList": {}
    },
    "800102": {
        "IconPath": "SpriteOutput/SkillIcons/SkillIcon_8001_Rank2.png",
        "Name": "15544706000137387808",
        "SkillAddLevelList": {}
    },
    "800103": {
        "IconPath": "SpriteOutput/SkillIcons/SkillIcon_8001_BP.png",
        "Name": "7201957340157210187",
        "SkillAddLevelList": {
            "800102": 2,
            "800104": 2
        }
    },
    "800104": {
        "IconPath": "SpriteOutput/SkillIcons/SkillIcon_8001_Rank4.png",
        "Name": "1462393772730040095",
        "SkillAddLevelList": {}
    },
    "800105": {
        "IconPath": "SpriteOutput/SkillIcons/SkillIcon_8001_Ultra.png",
        "Name": "2996241825079339090",
        "SkillAddLevelList": {
            "800101": 1,
            "800103": 2,
            "800108": 2,
            "800109": 2
        }
    },
    "800106": {
        "IconPath": "SpriteOutput/SkillIcons/SkillIcon_8001_Rank6.png",
        "Name": "13533898314331622910",
        "SkillAddLevelList": {}
    },
    "800201": {
        "IconPath": "SpriteOutput/SkillIcons/SkillIcon_8001_Rank1.png",
        "Name": "4522001445205424110",
        "SkillAddLevelList": {}
    },
    "800202": {
        "IconPath": "SpriteOutput/SkillIcons/SkillIcon_8001_Rank2.png",
        "Name": "4752208153879256493",
        "SkillAddLevelList": {}
    },
    "800203": {
        "IconPath": "SpriteOutput/SkillIcons/SkillIcon_8001_BP.png",
        "Name": "2979996578366413060",
        "SkillAddLevelList": {
            "800202": 2,
            "800204": 2
        }
    },
    "800204": {
        "IconPath": "SpriteOutput/SkillIcons/SkillIcon_8001_Rank4.png",
        "Name": "9472197350258882296",
        "SkillAddLevelList": {}
    },
    "800205": {
        "IconPath": "SpriteOutput/SkillIcons/SkillIcon_8001_Ultra.png",
        "Name": "731027911383483207",
        "SkillAddLevelList": {
            "800201": 1,
            "800203": 2,
            "800208": 2,
            "800209": 2
        }
    },
    "800206": {
        "IconPath": "SpriteOutput/SkillIcons/SkillIcon_8001_Rank6.png",
        "Name": "10326903993232970249",
        "SkillAddLevelList": {}
    },
    "800301": {
        "IconPath": "SpriteOutput/SkillIcons/SkillIcon_8003_Rank1.png",
        "Name": "15302951775972065107",
        "SkillAddLevelList": {}
    },
    "800302": {
        "IconPath": "SpriteOutput/SkillIcons/SkillIcon_8003_Rank2.png",
        "Name": "11550936679284093435",
        "SkillAddLevelList": {}
    },
    "800303": {
        "IconPath": "SpriteOutput/SkillIcons/SkillIcon_8003_BP.png",
        "Name": "1024118625995907828",
        "SkillAddLevelList": {
            "800302": 2,
            "800304": 2
        }
    },
    "800304": {
        "IconPath": "SpriteOutput/SkillIcons/SkillIcon_8003_Rank4.png",
        "Name": "2776643945325629831",
        "SkillAddLevelList": {}
    },
    "800305": {
        "IconPath": "SpriteOutput/SkillIcons/SkillIcon_8003_Ultra.png",
        "Name": "2125938259265071511",
        "SkillAddLevelList": {
            "800301": 1,
            "800303": 2,
            "800308": 1
        }
    },
    "800306": {
        "IconPath": "SpriteOutput/SkillIcons/SkillIcon_8003_Rank6.png",
        "Name": "13981095127947135778",
        "SkillAddLevelList": {}
    },
    "800401": {
        "IconPath": "SpriteOutput/SkillIcons/SkillIcon_8003_Rank1.png",
        "Name": "13558609851651222919",
        "SkillAddLevelList": {}
    },
    "800402": {
        "IconPath": "SpriteOutput/SkillIcons/SkillIcon_8003_Rank2.png",
        "Name": "7807305315158687213",
        "SkillAddLevelList": {}
    },
    "800403": {
        "IconPath": "SpriteOutput/SkillIcons/SkillIcon_8003_BP.png",
        "Name": "8498664449793434468",
        "SkillAddLevelList": {
            "800402": 2,
            "800404": 2
        }
    },
    "800404": {
        "IconPath": "SpriteOutput/SkillIcons/SkillIcon_8003_Rank4.png",
        "Name": "843741333847390000",
        "SkillAddLevelList": {}
    },
    "800405": {
        "IconPath": "SpriteOutput/SkillIcons/SkillIcon_8003_Ultra.png",
        "Name": "1985481696928470464",
        "SkillAddLevelList": {
            "800401": 1,
            "800403": 2,
            "800408": 1
        }
    },
    "800406": {
        "IconPath": "SpriteOutput/SkillIcons/SkillIcon_8003_Rank6.png",
        "Name": "12106101044932982308",
        "SkillAddLevelList": {}
    },
    "800501": {
        "IconPath": "SpriteOutput/SkillIcons/SkillIcon_8005_Rank1.png",
        "Name": "2281525794306245611",
        "SkillAddLevelList": {}
    },
    "800502": {
        "IconPath": "SpriteOutput/SkillIcons/SkillIcon_8005_Rank2.png",
        "Name": "16139541033002076634",
        "SkillAddLevelList": {}
    },
    "800503": {
        "IconPath": "SpriteOutput/SkillIcons/SkillIcon_8005_BP.png",
        "Name": "7864182246146684205",
        "SkillAddLevelList": {
            "800502": 2,
            "800504": 2
        }
    },
    "800504": {
        "IconPath": "SpriteOutput/SkillIcons/SkillIcon_8005_Rank4.png",
        "Name": "13380562716526855269",
        "SkillAddLevelList": {}
    },
    "800505": {
        "IconPath": "SpriteOutput/SkillIcons/SkillIcon_8005_Ultra.png",
        "Name": "788506994796829620",
        "SkillAddLevelList": {
            "800501": 1,
            "800503": 2
        }
    },
    "800506": {
        "IconPath": "SpriteOutput/SkillIcons/SkillIcon_8005_Rank6.png",
        "Name": "17242120192905364978",
        "SkillAddLevelList": {}
    },
    "800601": {
        "IconPath": "SpriteOutput/SkillIcons/SkillIcon_8005_Rank1.png",
        "Name": "4265587354621434350",
        "SkillAddLevelList": {}
    },
    "800602": {
        "IconPath": "SpriteOutput/SkillIcons/SkillIcon_8005_Rank2.png",
        "Name": "1736332414997504485",
        "SkillAddLevelList": {}
    },
    "800603": {
        "IconPath": "SpriteOutput/SkillIcons/SkillIcon_8005_BP.png",
        "Name": "17441495024832167932",
        "SkillAddLevelList": {
            "800602": 2,
            "800604": 2
        }
    },
    "800604": {
        "IconPath": "SpriteOutput/SkillIcons/SkillIcon_8005_Rank4.png",
        "Name": "17876894768734719928",
        "SkillAddLevelList": {}
    },
    "800605": {
        "IconPath": "SpriteOutput/SkillIcons/SkillIcon_8005_Ultra.png",
        "Name": "16997872552968489660",
        "SkillAddLevelList": {
            "800601": 1,
            "800603": 2
        }
    },
    "800606": {
        "IconPath": "SpriteOutput/SkillIcons/SkillIcon_8005_Rank6.png",
        "Name": "15142500939300245896",
        "SkillAddLevelList": {}
    },
    "800701": {
        "IconPath": "SpriteOutput/SkillIcons/SkillIcon_8007_Rank1.png",
        "Name": "1745710303265053171",
        "SkillAddLevelList": {}
    },
    "800702": {
        "IconPath": "SpriteOutput/SkillIcons/SkillIcon_8007_Rank2.png",
        "Name": "6079941583935294562",
        "SkillAddLevelList": {}
    },
    "800703": {
        "IconPath": "SpriteOutput/SkillIcons/SkillIcon_8007_BP.png",
        "Name": "12239460121708161614",
        "SkillAddLevelList": {
            "800702": 2,
            "800704": 2,
            "800709": 2,
            "1800703": 1,
            "1800705": 1,
            "1800706": 1
        }
    },
    "800704": {
        "IconPath": "SpriteOutput/SkillIcons/SkillIcon_8007_Rank4.png",
        "Name": "7080182149828963366",
        "SkillAddLevelList": {}
    },
    "800705": {
        "IconPath": "SpriteOutput/SkillIcons/SkillIcon_8007_Ultra.png",
        "Name": "12304992641722560273",
        "SkillAddLevelList": {
            "800701": 1,
            "800703": 2,
            "1800701": 1,
            "1800707": 1
        }
    },
    "800706": {
        "IconPath": "SpriteOutput/SkillIcons/SkillIcon_8007_Rank6.png",
        "Name": "3820078341593873307",
        "SkillAddLevelList": {}
    },
    "800801": {
        "IconPath": "SpriteOutput/SkillIcons/SkillIcon_8007_Rank1.png",
        "Name": "5316984631491458682",
        "SkillAddLevelList": {}
    },
    "800802": {
        "IconPath": "SpriteOutput/SkillIcons/SkillIcon_8007_Rank2.png",
        "Name": "11464225494823915694",
        "SkillAddLevelList": {}
    },
    "800803": {
        "IconPath": "SpriteOutput/SkillIcons/SkillIcon_8007_BP.png",
        "Name": "12303539446664337208",
        "SkillAddLevelList": {
            "800802": 2,
            "800804": 2,
            "800809": 2,
            "1800703": 1,
            "1800705": 1,
            "1800706": 1
        }
    },
    "800804": {
        "IconPath": "SpriteOutput/SkillIcons/SkillIcon_8007_Rank4.png",
        "Name": "4277782772720617133",
        "SkillAddLevelList": {}
    },
    "800805": {
        "IconPath": "SpriteOutput/SkillIcons/SkillIcon_8007_Ultra.png",
        "Name": "15601186104932305545",
        "SkillAddLevelList": {
            "800801": 1,
            "800803": 2,
            "1800701": 1,
            "1800707": 1
        }
    },
    "800806": {
        "IconPath": "SpriteOutput/SkillIcons/SkillIcon_8007_Rank6.png",
        "Name": "10044926619714892588",
        "SkillAddLevelList": {}
    }
}
