{
    "100101": {
        "IconPath": "SpriteOutput/SkillIcons/SkillIcon_1001_Rank1.png",
        "Name": -1994202266,
        "SkillAddLevelList": {}
    },
    "100102": {
        "IconPath": "SpriteOutput/SkillIcons/SkillIcon_1001_Rank2.png",
        "Name": -1994202263,
        "SkillAddLevelList": {}
    },
    "100103": {
        "IconPath": "SpriteOutput/SkillIcons/SkillIcon_1001_Ultra.png",
        "Name": -1994202264,
        "SkillAddLevelList": {
            "100101": 1,
            "100103": 2
        }
    },
    "100104": {
        "IconPath": "SpriteOutput/SkillIcons/SkillIcon_1001_Rank4.png",
        "Name": -1994202269,
        "SkillAddLevelList": {}
    },
    "100105": {
        "IconPath": "SpriteOutput/SkillIcons/SkillIcon_1001_BP.png",
        "Name": -1994202270,
        "SkillAddLevelList": {
            "100102": 2,
            "100104": 2
        }
    },
    "100106": {
        "IconPath": "SpriteOutput/SkillIcons/SkillIcon_1001_Rank6.png",
        "Name": -1994202267,
        "SkillAddLevelList": {}
    },
    "100201": {
        "IconPath": "SpriteOutput/SkillIcons/SkillIcon_1002_Rank1.png",
        "Name": -1994202295,
        "SkillAddLevelList": {}
    },
    "100202": {
        "IconPath": "SpriteOutput/SkillIcons/SkillIcon_1002_Rank2.png",
        "Name": -1994202298,
        "SkillAddLevelList": {}
    },
    "100203": {
        "IconPath": "SpriteOutput/SkillIcons/SkillIcon_1002_BP.png",
        "Name": -1994202297,
        "SkillAddLevelList": {
            "100201": 1,
            "100202": 2
        }
    },
    "100204": {
        "IconPath": "SpriteOutput/SkillIcons/SkillIcon_1002_Rank4.png",
        "Name": -1994202300,
        "SkillAddLevelList": {}
    },
    "100205": {
        "IconPath": "SpriteOutput/SkillIcons/SkillIcon_1002_Ultra.png",
        "Name": -1994202299,
        "SkillAddLevelList": {
            "100203": 2,
            "100204": 2
        }
    },
    "100206": {
        "IconPath": "SpriteOutput/SkillIcons/SkillIcon_1002_Rank6.png",
        "Name": -1994202302,
        "SkillAddLevelList": {}
    },
    "100301": {
        "IconPath": "SpriteOutput/SkillIcons/SkillIcon_1003_Rank1.png",
        "Name": -1994202200,
        "SkillAddLevelList": {}
    },
    "100302": {
        "IconPath": "SpriteOutput/SkillIcons/SkillIcon_1003_Rank2.png",
        "Name": -1994202201,
        "SkillAddLevelList": {}
    },
    "100303": {
        "IconPath": "SpriteOutput/SkillIcons/SkillIcon_1003_BP.png",
        "Name": -1994202202,
        "SkillAddLevelList": {
            "100301": 1,
            "100302": 2
        }
    },
    "100304": {
        "IconPath": "SpriteOutput/SkillIcons/SkillIcon_1003_Rank4.png",
        "Name": -1994202203,
        "SkillAddLevelList": {}
    },
    "100305": {
        "IconPath": "SpriteOutput/SkillIcons/SkillIcon_1003_Ultra.png",
        "Name": -1994202204,
        "SkillAddLevelList": {
            "100303": 2,
            "100304": 2
        }
    },
    "100306": {
        "IconPath": "SpriteOutput/SkillIcons/SkillIcon_1003_Rank6.png",
        "Name": -1994202205,
        "SkillAddLevelList": {}
    },
    "100401": {
        "IconPath": "SpriteOutput/SkillIcons/SkillIcon_1004_Rank1.png",
        "Name": -1994202493,
        "SkillAddLevelList": {}
    },
    "100402": {
        "IconPath": "SpriteOutput/SkillIcons/SkillIcon_1004_Rank2.png",
        "Name": -1994202492,
        "SkillAddLevelList": {}
    },
    "100403": {
        "IconPath": "SpriteOutput/SkillIcons/SkillIcon_1004_BP.png",
        "Name": -1994202491,
        "SkillAddLevelList": {
            "100401": 1,
            "100402": 2
        }
    },
    "100404": {
        "IconPath": "SpriteOutput/SkillIcons/SkillIcon_1004_Rank4.png",
        "Name": -1994202490,
        "SkillAddLevelList": {}
    },
    "100405": {
        "IconPath": "SpriteOutput/SkillIcons/SkillIcon_1004_Ultra.png",
        "Name": -1994202489,
        "SkillAddLevelList": {
            "100403": 2,
            "100404": 2
        }
    },
    "100406": {
        "IconPath": "SpriteOutput/SkillIcons/SkillIcon_1004_Rank6.png",
        "Name": -1994202488,
        "SkillAddLevelList": {}
    },
    "100501": {
        "IconPath": "SpriteOutput/SkillIcons/SkillIcon_1005_Rank1.png",
        "Name": -1994202398,
        "SkillAddLevelList": {}
    },
    "100502": {
        "IconPath": "SpriteOutput/SkillIcons/SkillIcon_1005_Rank2.png",
        "Name": -1994202395,
        "SkillAddLevelList": {}
    },
    "100503": {
        "IconPath": "SpriteOutput/SkillIcons/SkillIcon_1005_BP.png",
        "Name": -1994202396,
        "SkillAddLevelList": {
            "100501": 1,
            "100502": 2
        }
    },
    "100504": {
        "IconPath": "SpriteOutput/SkillIcons/SkillIcon_1005_Rank4.png",
        "Name": -1994202393,
        "SkillAddLevelList": {}
    },
    "100505": {
        "IconPath": "SpriteOutput/SkillIcons/SkillIcon_1005_Ultra.png",
        "Name": -1994202394,
        "SkillAddLevelList": {
            "100503": 2,
            "100504": 2
        }
    },
    "100506": {
        "IconPath": "SpriteOutput/SkillIcons/SkillIcon_1005_Rank6.png",
        "Name": -1994202391,
        "SkillAddLevelList": {}
    },
    "100601": {
        "IconPath": "SpriteOutput/SkillIcons/SkillIcon_1006_Rank1.png",
        "Name": -1994202427,
        "SkillAddLevelList": {}
    },
    "100602": {
        "IconPath": "SpriteOutput/SkillIcons/SkillIcon_1006_Rank2.png",
        "Name": -1994202430,
        "SkillAddLevelList": {}
    },
    "100603": {
        "IconPath": "SpriteOutput/SkillIcons/SkillIcon_1006_BP.png",
        "Name": -1994202429,
        "SkillAddLevelList": {
            "100602": 2,
            "100604": 2
        }
    },
    "100604": {
        "IconPath": "SpriteOutput/SkillIcons/SkillIcon_1006_Rank4.png",
        "Name": -1994202424,
        "SkillAddLevelList": {}
    },
    "100605": {
        "IconPath": "SpriteOutput/SkillIcons/SkillIcon_1006_Ultra.png",
        "Name": -1994202423,
        "SkillAddLevelList": {
            "100601": 1,
            "100603": 2
        }
    },
    "100606": {
        "IconPath": "SpriteOutput/SkillIcons/SkillIcon_1006_Rank6.png",
        "Name": -1994202426,
        "SkillAddLevelList": {}
    },
    "100801": {
        "IconPath": "SpriteOutput/SkillIcons/SkillIcon_1008_Rank1.png",
        "Name": -1994202097,
        "SkillAddLevelList": {}
    },
    "100802": {
        "IconPath": "SpriteOutput/SkillIcons/SkillIcon_1008_Rank2.png",
        "Name": -1994202096,
        "SkillAddLevelList": {}
    },
    "100803": {
        "IconPath": "SpriteOutput/SkillIcons/SkillIcon_1008_BP.png",
        "Name": -1994202095,
        "SkillAddLevelList": {
            "100801": 1,
            "100802": 2
        }
    },
    "100804": {
        "IconPath": "SpriteOutput/SkillIcons/SkillIcon_1008_Rank4.png",
        "Name": -1994202102,
        "SkillAddLevelList": {}
    },
    "100805": {
        "IconPath": "SpriteOutput/SkillIcons/SkillIcon_1008_Ultra.png",
        "Name": -1994202101,
        "SkillAddLevelList": {
            "100803": 2,
            "100804": 2
        }
    },
    "100806": {
        "IconPath": "SpriteOutput/SkillIcons/SkillIcon_1008_Rank6.png",
        "Name": -1994202100,
        "SkillAddLevelList": {}
    },
    "100901": {
        "IconPath": "SpriteOutput/SkillIcons/SkillIcon_1009_Rank1.png",
        "Name": -1994202002,
        "SkillAddLevelList": {}
    },
    "100902": {
        "IconPath": "SpriteOutput/SkillIcons/SkillIcon_1009_Rank2.png",
        "Name": -1994201999,
        "SkillAddLevelList": {}
    },
    "100903": {
        "IconPath": "SpriteOutput/SkillIcons/SkillIcon_1009_BP.png",
        "Name": -1994202000,
        "SkillAddLevelList": {
            "100902": 2,
            "100904": 2
        }
    },
    "100904": {
        "IconPath": "SpriteOutput/SkillIcons/SkillIcon_1009_Rank4.png",
        "Name": -1994202005,
        "SkillAddLevelList": {}
    },
    "100905": {
        "IconPath": "SpriteOutput/SkillIcons/SkillIcon_1009_Ultra.png",
        "Name": -1994202006,
        "SkillAddLevelList": {
            "100901": 1,
            "100903": 2
        }
    },
    "100906": {
        "IconPath": "SpriteOutput/SkillIcons/SkillIcon_1009_Rank6.png",
        "Name": -1994202003,
        "SkillAddLevelList": {}
    },
    "101301": {
        "IconPath": "SpriteOutput/SkillIcons/SkillIcon_1013_Rank1.png",
        "Name": -407915283,
        "SkillAddLevelList": {}
    },
    "101302": {
        "IconPath": "SpriteOutput/SkillIcons/SkillIcon_1013_Rank2.png",
        "Name": -407915284,
        "SkillAddLevelList": {}
    },
    "101303": {
        "IconPath": "SpriteOutput/SkillIcons/SkillIcon_1013_BP.png",
        "Name": -407915285,
        "SkillAddLevelList": {
            "101301": 1,
            "101302": 2
        }
    },
    "101304": {
        "IconPath": "SpriteOutput/SkillIcons/SkillIcon_1013_Rank4.png",
        "Name": -407915286,
        "SkillAddLevelList": {}
    },
    "101305": {
        "IconPath": "SpriteOutput/SkillIcons/SkillIcon_1013_Ultra.png",
        "Name": -407915287,
        "SkillAddLevelList": {
            "101303": 2,
            "101304": 2
        }
    },
    "101306": {
        "IconPath": "SpriteOutput/SkillIcons/SkillIcon_1013_Rank6.png",
        "Name": -407915288,
        "SkillAddLevelList": {}
    },
    "110101": {
        "IconPath": "SpriteOutput/SkillIcons/SkillIcon_1101_Rank1.png",
        "Name": -1994203353,
        "SkillAddLevelList": {}
    },
    "110102": {
        "IconPath": "SpriteOutput/SkillIcons/SkillIcon_1101_Rank2.png",
        "Name": -1994203352,
        "SkillAddLevelList": {}
    },
    "110103": {
        "IconPath": "SpriteOutput/SkillIcons/SkillIcon_1101_Ultra.png",
        "Name": -1994203351,
        "SkillAddLevelList": {
            "110103": 2,
            "110104": 2
        }
    },
    "110104": {
        "IconPath": "SpriteOutput/SkillIcons/SkillIcon_1101_Rank4.png",
        "Name": -1994203358,
        "SkillAddLevelList": {}
    },
    "110105": {
        "IconPath": "SpriteOutput/SkillIcons/SkillIcon_1101_BP.png",
        "Name": -1994203357,
        "SkillAddLevelList": {
            "110101": 1,
            "110102": 2
        }
    },
    "110106": {
        "IconPath": "SpriteOutput/SkillIcons/SkillIcon_1101_Rank6.png",
        "Name": -1994203356,
        "SkillAddLevelList": {}
    },
    "110201": {
        "IconPath": "SpriteOutput/SkillIcons/SkillIcon_1102_Rank1.png",
        "Name": -1994203320,
        "SkillAddLevelList": {}
    },
    "110202": {
        "IconPath": "SpriteOutput/SkillIcons/SkillIcon_1102_Rank2.png",
        "Name": -1994203321,
        "SkillAddLevelList": {}
    },
    "110203": {
        "IconPath": "SpriteOutput/SkillIcons/SkillIcon_1102_BP.png",
        "Name": -1994203322,
        "SkillAddLevelList": {
            "110202": 2,
            "110204": 2
        }
    },
    "110204": {
        "IconPath": "SpriteOutput/SkillIcons/SkillIcon_1102_Rank4.png",
        "Name": -1994203323,
        "SkillAddLevelList": {}
    },
    "110205": {
        "IconPath": "SpriteOutput/SkillIcons/SkillIcon_1102_Ultra.png",
        "Name": -1994203324,
        "SkillAddLevelList": {
            "110201": 1,
            "110203": 2
        }
    },
    "110206": {
        "IconPath": "SpriteOutput/SkillIcons/SkillIcon_1102_Rank6.png",
        "Name": -1994203325,
        "SkillAddLevelList": {}
    },
    "110301": {
        "IconPath": "SpriteOutput/SkillIcons/SkillIcon_1103_Rank1.png",
        "Name": -1994203287,
        "SkillAddLevelList": {}
    },
    "110302": {
        "IconPath": "SpriteOutput/SkillIcons/SkillIcon_1103_Rank2.png",
        "Name": -1994203290,
        "SkillAddLevelList": {}
    },
    "110303": {
        "IconPath": "SpriteOutput/SkillIcons/SkillIcon_1103_BP.png",
        "Name": -1994203289,
        "SkillAddLevelList": {
            "110301": 1,
            "110302": 2
        }
    },
    "110304": {
        "IconPath": "SpriteOutput/SkillIcons/SkillIcon_1103_Rank4.png",
        "Name": -1994203292,
        "SkillAddLevelList": {}
    },
    "110305": {
        "IconPath": "SpriteOutput/SkillIcons/SkillIcon_1103_Ultra.png",
        "Name": -1994203291,
        "SkillAddLevelList": {
            "110303": 2,
            "110304": 2
        }
    },
    "110306": {
        "IconPath": "SpriteOutput/SkillIcons/SkillIcon_1103_Rank6.png",
        "Name": -1994203294,
        "SkillAddLevelList": {}
    },
    "110401": {
        "IconPath": "SpriteOutput/SkillIcons/SkillIcon_1104_Rank1.png",
        "Name": -1994203518,
        "SkillAddLevelList": {}
    },
    "110402": {
        "IconPath": "SpriteOutput/SkillIcons/SkillIcon_1104_Rank2.png",
        "Name": -1994203515,
        "SkillAddLevelList": {}
    },
    "110403": {
        "IconPath": "SpriteOutput/SkillIcons/SkillIcon_1104_Ultra.png",
        "Name": -1994203516,
        "SkillAddLevelList": {
            "110403": 2,
            "110404": 2
        }
    },
    "110404": {
        "IconPath": "SpriteOutput/SkillIcons/SkillIcon_1104_Rank4.png",
        "Name": -1994203513,
        "SkillAddLevelList": {}
    },
    "110405": {
        "IconPath": "SpriteOutput/SkillIcons/SkillIcon_1104_BP.png",
        "Name": -1994203514,
        "SkillAddLevelList": {
            "110401": 1,
            "110402": 2
        }
    },
    "110406": {
        "IconPath": "SpriteOutput/SkillIcons/SkillIcon_1104_Rank6.png",
        "Name": -1994203511,
        "SkillAddLevelList": {}
    },
    "110501": {
        "IconPath": "SpriteOutput/SkillIcons/SkillIcon_1105_Rank1.png",
        "Name": -1994203485,
        "SkillAddLevelList": {}
    },
    "110502": {
        "IconPath": "SpriteOutput/SkillIcons/SkillIcon_1105_Rank2.png",
        "Name": -1994203484,
        "SkillAddLevelList": {}
    },
    "110503": {
        "IconPath": "SpriteOutput/SkillIcons/SkillIcon_1105_BP.png",
        "Name": -1994203483,
        "SkillAddLevelList": {
            "110501": 1,
            "110502": 2
        }
    },
    "110504": {
        "IconPath": "SpriteOutput/SkillIcons/SkillIcon_1105_Rank4.png",
        "Name": -1994203482,
        "SkillAddLevelList": {}
    },
    "110505": {
        "IconPath": "SpriteOutput/SkillIcons/SkillIcon_1105_Ultra.png",
        "Name": -1994203481,
        "SkillAddLevelList": {
            "110503": 2,
            "110504": 2
        }
    },
    "110506": {
        "IconPath": "SpriteOutput/SkillIcons/SkillIcon_1105_Rank6.png",
        "Name": -1994203480,
        "SkillAddLevelList": {}
    },
    "110601": {
        "IconPath": "SpriteOutput/SkillIcons/SkillIcon_1106_Rank1.png",
        "Name": -1994203452,
        "SkillAddLevelList": {}
    },
    "110602": {
        "IconPath": "SpriteOutput/SkillIcons/SkillIcon_1106_Rank2.png",
        "Name": -1994203453,
        "SkillAddLevelList": {}
    },
    "110603": {
        "IconPath": "SpriteOutput/SkillIcons/SkillIcon_1106_BP.png",
        "Name": -1994203454,
        "SkillAddLevelList": {
            "110601": 1,
            "110602": 2
        }
    },
    "110604": {
        "IconPath": "SpriteOutput/SkillIcons/SkillIcon_1106_Rank4.png",
        "Name": -1994203447,
        "SkillAddLevelList": {}
    },
    "110605": {
        "IconPath": "SpriteOutput/SkillIcons/SkillIcon_1106_Ultra.png",
        "Name": -1994203448,
        "SkillAddLevelList": {
            "110603": 2,
            "110604": 2
        }
    },
    "110606": {
        "IconPath": "SpriteOutput/SkillIcons/SkillIcon_1106_Rank6.png",
        "Name": -1994203449,
        "SkillAddLevelList": {}
    },
    "110701": {
        "IconPath": "SpriteOutput/SkillIcons/SkillIcon_1107_Rank1.png",
        "Name": -1994203419,
        "SkillAddLevelList": {}
    },
    "110702": {
        "IconPath": "SpriteOutput/SkillIcons/SkillIcon_1107_Rank2.png",
        "Name": -1994203422,
        "SkillAddLevelList": {}
    },
    "110703": {
        "IconPath": "SpriteOutput/SkillIcons/SkillIcon_1107_BP.png",
        "Name": -1994203421,
        "SkillAddLevelList": {
            "110701": 1,
            "110702": 2
        }
    },
    "110704": {
        "IconPath": "SpriteOutput/SkillIcons/SkillIcon_1107_Rank4.png",
        "Name": -1994203416,
        "SkillAddLevelList": {}
    },
    "110705": {
        "IconPath": "SpriteOutput/SkillIcons/SkillIcon_1107_Ultra.png",
        "Name": -1994203415,
        "SkillAddLevelList": {
            "110703": 2,
            "110704": 2
        }
    },
    "110706": {
        "IconPath": "SpriteOutput/SkillIcons/SkillIcon_1107_Rank6.png",
        "Name": -1994203418,
        "SkillAddLevelList": {}
    },
    "110801": {
        "IconPath": "SpriteOutput/SkillIcons/SkillIcon_1108_Rank1.png",
        "Name": -1994203122,
        "SkillAddLevelList": {}
    },
    "110802": {
        "IconPath": "SpriteOutput/SkillIcons/SkillIcon_1108_Rank2.png",
        "Name": -1994203119,
        "SkillAddLevelList": {}
    },
    "110803": {
        "IconPath": "SpriteOutput/SkillIcons/SkillIcon_1108_BP.png",
        "Name": -1994203120,
        "SkillAddLevelList": {
            "110801": 1,
            "110802": 2
        }
    },
    "110804": {
        "IconPath": "SpriteOutput/SkillIcons/SkillIcon_1108_Rank4.png",
        "Name": -1994203125,
        "SkillAddLevelList": {}
    },
    "110805": {
        "IconPath": "SpriteOutput/SkillIcons/SkillIcon_1108_Ultra.png",
        "Name": -1994203126,
        "SkillAddLevelList": {
            "110803": 2,
            "110804": 2
        }
    },
    "110806": {
        "IconPath": "SpriteOutput/SkillIcons/SkillIcon_1108_Rank6.png",
        "Name": -1994203123,
        "SkillAddLevelList": {}
    },
    "110901": {
        "IconPath": "SpriteOutput/SkillIcons/SkillIcon_1109_Rank1.png",
        "Name": -1994203089,
        "SkillAddLevelList": {}
    },
    "110902": {
        "IconPath": "SpriteOutput/SkillIcons/SkillIcon_1109_Rank2.png",
        "Name": -1994203088,
        "SkillAddLevelList": {}
    },
    "110903": {
        "IconPath": "SpriteOutput/SkillIcons/SkillIcon_1109_BP.png",
        "Name": -1994203087,
        "SkillAddLevelList": {
            "110901": 1,
            "110902": 2,
            "110909": 2
        }
    },
    "110904": {
        "IconPath": "SpriteOutput/SkillIcons/SkillIcon_1109_Rank4.png",
        "Name": -1994203094,
        "SkillAddLevelList": {}
    },
    "110905": {
        "IconPath": "SpriteOutput/SkillIcons/SkillIcon_1109_Ultra.png",
        "Name": -1994203093,
        "SkillAddLevelList": {
            "110903": 2,
            "110904": 2
        }
    },
    "110906": {
        "IconPath": "SpriteOutput/SkillIcons/SkillIcon_1109_Rank6.png",
        "Name": -1994203092,
        "SkillAddLevelList": {}
    },
    "111001": {
        "IconPath": "SpriteOutput/SkillIcons/SkillIcon_1110_Rank1.png",
        "Name": -407916469,
        "SkillAddLevelList": {}
    },
    "111002": {
        "IconPath": "SpriteOutput/SkillIcons/SkillIcon_1110_Rank2.png",
        "Name": -407916466,
        "SkillAddLevelList": {}
    },
    "111003": {
        "IconPath": "SpriteOutput/SkillIcons/SkillIcon_1110_BP.png",
        "Name": -407916467,
        "SkillAddLevelList": {
            "111001": 1,
            "111002": 2
        }
    },
    "111004": {
        "IconPath": "SpriteOutput/SkillIcons/SkillIcon_1110_Rank4.png",
        "Name": -407916472,
        "SkillAddLevelList": {}
    },
    "111005": {
        "IconPath": "SpriteOutput/SkillIcons/SkillIcon_1110_Ultra.png",
        "Name": -407916473,
        "SkillAddLevelList": {
            "111003": 2,
            "111004": 2
        }
    },
    "111006": {
        "IconPath": "SpriteOutput/SkillIcons/SkillIcon_1110_Rank6.png",
        "Name": -407916470,
        "SkillAddLevelList": {}
    },
    "111101": {
        "IconPath": "SpriteOutput/SkillIcons/SkillIcon_1111_Rank1.png",
        "Name": -407916436,
        "SkillAddLevelList": {}
    },
    "111102": {
        "IconPath": "SpriteOutput/SkillIcons/SkillIcon_1111_Rank2.png",
        "Name": -407916435,
        "SkillAddLevelList": {}
    },
    "111103": {
        "IconPath": "SpriteOutput/SkillIcons/SkillIcon_1111_BP.png",
        "Name": -407916434,
        "SkillAddLevelList": {
            "111102": 2,
            "111104": 2
        }
    },
    "111104": {
        "IconPath": "SpriteOutput/SkillIcons/SkillIcon_1111_Rank4.png",
        "Name": -407916441,
        "SkillAddLevelList": {}
    },
    "111105": {
        "IconPath": "SpriteOutput/SkillIcons/SkillIcon_1111_Ultra.png",
        "Name": -407916440,
        "SkillAddLevelList": {
            "111101": 1,
            "111103": 2,
            "111108": 1
        }
    },
    "111106": {
        "IconPath": "SpriteOutput/SkillIcons/SkillIcon_1111_Rank6.png",
        "Name": -407916439,
        "SkillAddLevelList": {}
    },
    "111201": {
        "IconPath": "SpriteOutput/SkillIcons/SkillIcon_1112_Rank1.png",
        "Name": -407916403,
        "SkillAddLevelList": {}
    },
    "111202": {
        "IconPath": "SpriteOutput/SkillIcons/SkillIcon_1112_Rank2.png",
        "Name": -407916404,
        "SkillAddLevelList": {}
    },
    "111203": {
        "IconPath": "SpriteOutput/SkillIcons/SkillIcon_1112_BP.png",
        "Name": -407916405,
        "SkillAddLevelList": {
            "111201": 1,
            "111202": 2
        }
    },
    "111204": {
        "IconPath": "SpriteOutput/SkillIcons/SkillIcon_1112_Rank4.png",
        "Name": -407916406,
        "SkillAddLevelList": {}
    },
    "111205": {
        "IconPath": "SpriteOutput/SkillIcons/SkillIcon_1112_Ultra.png",
        "Name": -407916407,
        "SkillAddLevelList": {
            "111203": 2,
            "111204": 2
        }
    },
    "111206": {
        "IconPath": "SpriteOutput/SkillIcons/SkillIcon_1112_Rank6.png",
        "Name": -407916408,
        "SkillAddLevelList": {}
    },
    "120101": {
        "IconPath": "SpriteOutput/SkillIcons/SkillIcon_1201_Rank1.png",
        "Name": -1994200088,
        "SkillAddLevelList": {}
    },
    "120102": {
        "IconPath": "SpriteOutput/SkillIcons/SkillIcon_1201_Rank2.png",
        "Name": -1994200089,
        "SkillAddLevelList": {}
    },
    "120103": {
        "IconPath": "SpriteOutput/SkillIcons/SkillIcon_1201_Ultra.png",
        "Name": -1994200090,
        "SkillAddLevelList": {
            "120103": 2,
            "120104": 2
        }
    },
    "120104": {
        "IconPath": "SpriteOutput/SkillIcons/SkillIcon_1201_Rank4.png",
        "Name": -1994200091,
        "SkillAddLevelList": {}
    },
    "120105": {
        "IconPath": "SpriteOutput/SkillIcons/SkillIcon_1201_BP.png",
        "Name": -1994200092,
        "SkillAddLevelList": {
            "120101": 1,
            "120102": 2,
            "120108": 1
        }
    },
    "120106": {
        "IconPath": "SpriteOutput/SkillIcons/SkillIcon_1201_Rank6.png",
        "Name": -1994200093,
        "SkillAddLevelList": {}
    },
    "120201": {
        "IconPath": "SpriteOutput/SkillIcons/SkillIcon_1202_Rank1.png",
        "Name": -1994200249,
        "SkillAddLevelList": {}
    },
    "120202": {
        "IconPath": "SpriteOutput/SkillIcons/SkillIcon_1202_Rank2.png",
        "Name": -1994200248,
        "SkillAddLevelList": {}
    },
    "120203": {
        "IconPath": "SpriteOutput/SkillIcons/SkillIcon_1202_Ultra.png",
        "Name": -1994200247,
        "SkillAddLevelList": {
            "120201": 1,
            "120203": 2
        }
    },
    "120204": {
        "IconPath": "SpriteOutput/SkillIcons/SkillIcon_1202_Rank4.png",
        "Name": -1994200254,
        "SkillAddLevelList": {}
    },
    "120205": {
        "IconPath": "SpriteOutput/SkillIcons/SkillIcon_1202_BP.png",
        "Name": -1994200253,
        "SkillAddLevelList": {
            "120202": 2,
            "120204": 2
        }
    },
    "120206": {
        "IconPath": "SpriteOutput/SkillIcons/SkillIcon_1202_Rank6.png",
        "Name": -1994200252,
        "SkillAddLevelList": {}
    },
    "120301": {
        "IconPath": "SpriteOutput/SkillIcons/SkillIcon_1203_Rank1.png",
        "Name": -1994200154,
        "SkillAddLevelList": {}
    },
    "120302": {
        "IconPath": "SpriteOutput/SkillIcons/SkillIcon_1203_Rank2.png",
        "Name": -1994200151,
        "SkillAddLevelList": {}
    },
    "120303": {
        "IconPath": "SpriteOutput/SkillIcons/SkillIcon_1203_BP.png",
        "Name": -1994200152,
        "SkillAddLevelList": {
            "120301": 1,
            "120302": 2
        }
    },
    "120304": {
        "IconPath": "SpriteOutput/SkillIcons/SkillIcon_1203_Rank4.png",
        "Name": -1994200157,
        "SkillAddLevelList": {}
    },
    "120305": {
        "IconPath": "SpriteOutput/SkillIcons/SkillIcon_1203_Ultra.png",
        "Name": -1994200158,
        "SkillAddLevelList": {
            "120303": 2,
            "120304": 2
        }
    },
    "120306": {
        "IconPath": "SpriteOutput/SkillIcons/SkillIcon_1203_Rank6.png",
        "Name": -1994200155,
        "SkillAddLevelList": {}
    },
    "120401": {
        "IconPath": "SpriteOutput/SkillIcons/SkillIcon_1204_Rank1.png",
        "Name": -1994200315,
        "SkillAddLevelList": {}
    },
    "120402": {
        "IconPath": "SpriteOutput/SkillIcons/SkillIcon_1204_Rank2.png",
        "Name": -1994200318,
        "SkillAddLevelList": {}
    },
    "120403": {
        "IconPath": "SpriteOutput/SkillIcons/SkillIcon_1204_Ultra.png",
        "Name": -1994200317,
        "SkillAddLevelList": {
            "120401": 1,
            "120403": 2
        }
    },
    "120404": {
        "IconPath": "SpriteOutput/SkillIcons/SkillIcon_1204_Rank4.png",
        "Name": -1994200312,
        "SkillAddLevelList": {}
    },
    "120405": {
        "IconPath": "SpriteOutput/SkillIcons/SkillIcon_1204_BP.png",
        "Name": -1994200311,
        "SkillAddLevelList": {
            "120402": 2,
            "120404": 2
        }
    },
    "120406": {
        "IconPath": "SpriteOutput/SkillIcons/SkillIcon_1204_Rank6.png",
        "Name": -1994200314,
        "SkillAddLevelList": {}
    },
    "120501": {
        "IconPath": "SpriteOutput/SkillIcons/SkillIcon_1205_Rank1.png",
        "Name": -1994200220,
        "SkillAddLevelList": {}
    },
    "120502": {
        "IconPath": "SpriteOutput/SkillIcons/SkillIcon_1205_Rank2.png",
        "Name": -1994200221,
        "SkillAddLevelList": {}
    },
    "120503": {
        "IconPath": "SpriteOutput/SkillIcons/SkillIcon_1205_Ultra.png",
        "Name": -1994200222,
        "SkillAddLevelList": {
            "120503": 2,
            "120504": 2
        }
    },
    "120504": {
        "IconPath": "SpriteOutput/SkillIcons/SkillIcon_1205_Rank4.png",
        "Name": -1994200215,
        "SkillAddLevelList": {}
    },
    "120505": {
        "IconPath": "SpriteOutput/SkillIcons/SkillIcon_1205_BP.png",
        "Name": -1994200216,
        "SkillAddLevelList": {
            "120501": 1,
            "120502": 2,
            "120508": 1
        }
    },
    "120506": {
        "IconPath": "SpriteOutput/SkillIcons/SkillIcon_1205_Rank6.png",
        "Name": -1994200217,
        "SkillAddLevelList": {}
    },
    "120601": {
        "IconPath": "SpriteOutput/SkillIcons/SkillIcon_1206_Rank1.png",
        "Name": -1994200381,
        "SkillAddLevelList": {}
    },
    "120602": {
        "IconPath": "SpriteOutput/SkillIcons/SkillIcon_1206_Rank2.png",
        "Name": -1994200380,
        "SkillAddLevelList": {}
    },
    "120603": {
        "IconPath": "SpriteOutput/SkillIcons/SkillIcon_1206_Ultra.png",
        "Name": -1994200379,
        "SkillAddLevelList": {
            "120603": 2,
            "120604": 2
        }
    },
    "120604": {
        "IconPath": "SpriteOutput/SkillIcons/SkillIcon_1206_Rank4.png",
        "Name": -1994200378,
        "SkillAddLevelList": {}
    },
    "120605": {
        "IconPath": "SpriteOutput/SkillIcons/SkillIcon_1206_BP.png",
        "Name": -1994200377,
        "SkillAddLevelList": {
            "120601": 1,
            "120602": 2
        }
    },
    "120606": {
        "IconPath": "SpriteOutput/SkillIcons/SkillIcon_1206_Rank6.png",
        "Name": -1994200376,
        "SkillAddLevelList": {}
    },
    "120701": {
        "IconPath": "SpriteOutput/SkillIcons/SkillIcon_1207_Rank1.png",
        "Name": -1994200286,
        "SkillAddLevelList": {}
    },
    "120702": {
        "IconPath": "SpriteOutput/SkillIcons/SkillIcon_1207_Rank2.png",
        "Name": -1994200283,
        "SkillAddLevelList": {}
    },
    "120703": {
        "IconPath": "SpriteOutput/SkillIcons/SkillIcon_1207_BP.png",
        "Name": -1994200284,
        "SkillAddLevelList": {
            "120701": 1,
            "120702": 2
        }
    },
    "120704": {
        "IconPath": "SpriteOutput/SkillIcons/SkillIcon_1207_Rank4.png",
        "Name": -1994200281,
        "SkillAddLevelList": {}
    },
    "120705": {
        "IconPath": "SpriteOutput/SkillIcons/SkillIcon_1207_Ultra.png",
        "Name": -1994200282,
        "SkillAddLevelList": {
            "120703": 2,
            "120704": 2
        }
    },
    "120706": {
        "IconPath": "SpriteOutput/SkillIcons/SkillIcon_1207_Rank6.png",
        "Name": -1994200279,
        "SkillAddLevelList": {}
    },
    "120801": {
        "IconPath": "SpriteOutput/SkillIcons/SkillIcon_1208_Rank1.png",
        "Name": -1994199919,
        "SkillAddLevelList": {}
    },
    "120802": {
        "IconPath": "SpriteOutput/SkillIcons/SkillIcon_1208_Rank2.png",
        "Name": -1994199922,
        "SkillAddLevelList": {}
    },
    "120803": {
        "IconPath": "SpriteOutput/SkillIcons/SkillIcon_1208_BP.png",
        "Name": -1994199921,
        "SkillAddLevelList": {
            "120802": 2,
            "120804": 2
        }
    },
    "120804": {
        "IconPath": "SpriteOutput/SkillIcons/SkillIcon_1208_Rank4.png",
        "Name": -1994199924,
        "SkillAddLevelList": {}
    },
    "120805": {
        "IconPath": "SpriteOutput/SkillIcons/SkillIcon_1208_Ultra.png",
        "Name": -1994199923,
        "SkillAddLevelList": {
            "120801": 1,
            "120803": 2
        }
    },
    "120806": {
        "IconPath": "SpriteOutput/SkillIcons/SkillIcon_1208_Rank6.png",
        "Name": -1994199926,
        "SkillAddLevelList": {}
    },
    "120901": {
        "IconPath": "SpriteOutput/SkillIcons/SkillIcon_1209_Rank1.png",
        "Name": -1994199824,
        "SkillAddLevelList": {}
    },
    "120902": {
        "IconPath": "SpriteOutput/SkillIcons/SkillIcon_1209_Rank2.png",
        "Name": -1994199825,
        "SkillAddLevelList": {}
    },
    "120903": {
        "IconPath": "SpriteOutput/SkillIcons/SkillIcon_1209_BP.png",
        "Name": -1994199826,
        "SkillAddLevelList": {
            "120901": 1,
            "120902": 2
        }
    },
    "120904": {
        "IconPath": "SpriteOutput/SkillIcons/SkillIcon_1209_Rank4.png",
        "Name": -1994199827,
        "SkillAddLevelList": {}
    },
    "120905": {
        "IconPath": "SpriteOutput/SkillIcons/SkillIcon_1209_Ultra.png",
        "Name": -1994199828,
        "SkillAddLevelList": {
            "120903": 2,
            "120904": 2
        }
    },
    "120906": {
        "IconPath": "SpriteOutput/SkillIcons/SkillIcon_1209_Rank6.png",
        "Name": -1994199829,
        "SkillAddLevelList": {}
    },
    "121001": {
        "IconPath": "SpriteOutput/SkillIcons/SkillIcon_1210_Rank1.png",
        "Name": -407913266,
        "SkillAddLevelList": {}
    },
    "121002": {
        "IconPath": "SpriteOutput/SkillIcons/SkillIcon_1210_Rank2.png",
        "Name": -407913269,
        "SkillAddLevelList": {}
    },
    "121003": {
        "IconPath": "SpriteOutput/SkillIcons/SkillIcon_1210_BP.png",
        "Name": -407913268,
        "SkillAddLevelList": {
            "121001": 1,
            "121002": 2
        }
    },
    "121004": {
        "IconPath": "SpriteOutput/SkillIcons/SkillIcon_1210_Rank4.png",
        "Name": -407913271,
        "SkillAddLevelList": {}
    },
    "121005": {
        "IconPath": "SpriteOutput/SkillIcons/SkillIcon_1210_Ultra.png",
        "Name": -407913270,
        "SkillAddLevelList": {
            "121003": 2,
            "121004": 2
        }
    },
    "121006": {
        "IconPath": "SpriteOutput/SkillIcons/SkillIcon_1210_Rank6.png",
        "Name": -407913273,
        "SkillAddLevelList": {}
    },
    "121101": {
        "IconPath": "SpriteOutput/SkillIcons/SkillIcon_1211_Rank1.png",
        "Name": -407913171,
        "SkillAddLevelList": {}
    },
    "121102": {
        "IconPath": "SpriteOutput/SkillIcons/SkillIcon_1211_Rank2.png",
        "Name": -407913172,
        "SkillAddLevelList": {}
    },
    "121103": {
        "IconPath": "SpriteOutput/SkillIcons/SkillIcon_1211_BP.png",
        "Name": -407913173,
        "SkillAddLevelList": {
            "121102": 2,
            "121104": 2
        }
    },
    "121104": {
        "IconPath": "SpriteOutput/SkillIcons/SkillIcon_1211_Rank4.png",
        "Name": -407913174,
        "SkillAddLevelList": {}
    },
    "121105": {
        "IconPath": "SpriteOutput/SkillIcons/SkillIcon_1211_Ultra.png",
        "Name": -407913175,
        "SkillAddLevelList": {
            "121101": 1,
            "121103": 2
        }
    },
    "121106": {
        "IconPath": "SpriteOutput/SkillIcons/SkillIcon_1211_Rank6.png",
        "Name": -407913176,
        "SkillAddLevelList": {}
    },
    "121201": {
        "IconPath": "SpriteOutput/SkillIcons/SkillIcon_1212_Rank1.png",
        "Name": -407913332,
        "SkillAddLevelList": {}
    },
    "121202": {
        "IconPath": "SpriteOutput/SkillIcons/SkillIcon_1212_Rank2.png",
        "Name": -407913331,
        "SkillAddLevelList": {}
    },
    "121203": {
        "IconPath": "SpriteOutput/SkillIcons/SkillIcon_1212_Ultra.png",
        "Name": -407913330,
        "SkillAddLevelList": {
            "121203": 2,
            "121204": 2
        }
    },
    "121204": {
        "IconPath": "SpriteOutput/SkillIcons/SkillIcon_1212_Rank4.png",
        "Name": -407913337,
        "SkillAddLevelList": {}
    },
    "121205": {
        "IconPath": "SpriteOutput/SkillIcons/SkillIcon_1212_BP.png",
        "Name": -407913336,
        "SkillAddLevelList": {
            "121201": 1,
            "121202": 2,
            "121209": 2
        }
    },
    "121206": {
        "IconPath": "SpriteOutput/SkillIcons/SkillIcon_1212_Rank6.png",
        "Name": -407913335,
        "SkillAddLevelList": {}
    },
    "121301": {
        "IconPath": "SpriteOutput/SkillIcons/SkillIcon_1213_Rank1.png",
        "Name": -407913237,
        "SkillAddLevelList": {}
    },
    "121302": {
        "IconPath": "SpriteOutput/SkillIcons/SkillIcon_1213_Rank2.png",
        "Name": -407913234,
        "SkillAddLevelList": {}
    },
    "121303": {
        "IconPath": "SpriteOutput/SkillIcons/SkillIcon_1213_BP.png",
        "Name": -407913235,
        "SkillAddLevelList": {
            "121301": 1,
            "121302": 2,
            "121308": 1,
            "121310": 1,
            "121312": 1
        }
    },
    "121304": {
        "IconPath": "SpriteOutput/SkillIcons/SkillIcon_1213_Rank4.png",
        "Name": -407913240,
        "SkillAddLevelList": {}
    },
    "121305": {
        "IconPath": "SpriteOutput/SkillIcons/SkillIcon_1213_Ultra.png",
        "Name": -407913241,
        "SkillAddLevelList": {
            "121303": 2,
            "121304": 2
        }
    },
    "121306": {
        "IconPath": "SpriteOutput/SkillIcons/SkillIcon_1213_Rank6.png",
        "Name": -407913238,
        "SkillAddLevelList": {}
    },
    "121401": {
        "IconPath": "SpriteOutput/SkillIcons/SkillIcon_1214_Rank1.png",
        "Name": -407913398,
        "SkillAddLevelList": {}
    },
    "121402": {
        "IconPath": "SpriteOutput/SkillIcons/SkillIcon_1214_Rank2.png",
        "Name": -407913401,
        "SkillAddLevelList": {}
    },
    "121403": {
        "IconPath": "SpriteOutput/SkillIcons/SkillIcon_1214_BP.png",
        "Name": -407913400,
        "SkillAddLevelList": {
            "121401": 1,
            "121402": 2
        }
    },
    "121404": {
        "IconPath": "SpriteOutput/SkillIcons/SkillIcon_1214_Rank4.png",
        "Name": -407913395,
        "SkillAddLevelList": {}
    },
    "121405": {
        "IconPath": "SpriteOutput/SkillIcons/SkillIcon_1214_Ultra.png",
        "Name": -407913394,
        "SkillAddLevelList": {
            "121403": 2,
            "121404": 2
        }
    },
    "121406": {
        "IconPath": "SpriteOutput/SkillIcons/SkillIcon_1214_Rank6.png",
        "Name": -407913397,
        "SkillAddLevelList": {}
    },
    "121501": {
        "IconPath": "SpriteOutput/SkillIcons/SkillIcon_1215_Rank1.png",
        "Name": -407913303,
        "SkillAddLevelList": {}
    },
    "121502": {
        "IconPath": "SpriteOutput/SkillIcons/SkillIcon_1215_Rank2.png",
        "Name": -407913304,
        "SkillAddLevelList": {}
    },
    "121503": {
        "IconPath": "SpriteOutput/SkillIcons/SkillIcon_1215_BP.png",
        "Name": -407913305,
        "SkillAddLevelList": {
            "121501": 1,
            "121502": 2
        }
    },
    "121504": {
        "IconPath": "SpriteOutput/SkillIcons/SkillIcon_1215_Rank4.png",
        "Name": -407913298,
        "SkillAddLevelList": {}
    },
    "121505": {
        "IconPath": "SpriteOutput/SkillIcons/SkillIcon_1215_Ultra.png",
        "Name": -407913299,
        "SkillAddLevelList": {
            "121503": 2,
            "121504": 2
        }
    },
    "121506": {
        "IconPath": "SpriteOutput/SkillIcons/SkillIcon_1215_Rank6.png",
        "Name": -407913300,
        "SkillAddLevelList": {}
    },
    "121701": {
        "IconPath": "SpriteOutput/SkillIcons/SkillIcon_1217_Rank1.png",
        "Name": -407913369,
        "SkillAddLevelList": {}
    },
    "121702": {
        "IconPath": "SpriteOutput/SkillIcons/SkillIcon_1217_Rank2.png",
        "Name": -407913366,
        "SkillAddLevelList": {}
    },
    "121703": {
        "IconPath": "SpriteOutput/SkillIcons/SkillIcon_1217_Ultra.png",
        "Name": -407913367,
        "SkillAddLevelList": {
            "121703": 2,
            "121704": 2
        }
    },
    "121704": {
        "IconPath": "SpriteOutput/SkillIcons/SkillIcon_1217_Rank4.png",
        "Name": -407913364,
        "SkillAddLevelList": {}
    },
    "121705": {
        "IconPath": "SpriteOutput/SkillIcons/SkillIcon_1217_BP.png",
        "Name": -407913365,
        "SkillAddLevelList": {
            "121701": 1,
            "121702": 2
        }
    },
    "121706": {
        "IconPath": "SpriteOutput/SkillIcons/SkillIcon_1217_Rank6.png",
        "Name": -407913362,
        "SkillAddLevelList": {}
    },
    "121801": {
        "IconPath": "SpriteOutput/SkillIcons/SkillIcon_1218_Rank1.png",
        "Name": -407913002,
        "SkillAddLevelList": {}
    },
    "121802": {
        "IconPath": "SpriteOutput/SkillIcons/SkillIcon_1218_Rank2.png",
        "Name": -407913005,
        "SkillAddLevelList": {}
    },
    "121803": {
        "IconPath": "SpriteOutput/SkillIcons/SkillIcon_1218_BP.png",
        "Name": -407913004,
        "SkillAddLevelList": {
            "121801": 1,
            "121802": 2
        }
    },
    "121804": {
        "IconPath": "SpriteOutput/SkillIcons/SkillIcon_1218_Rank4.png",
        "Name": -407913007,
        "SkillAddLevelList": {}
    },
    "121805": {
        "IconPath": "SpriteOutput/SkillIcons/SkillIcon_1218_Ultra.png",
        "Name": -407913006,
        "SkillAddLevelList": {
            "121803": 2,
            "121804": 2
        }
    },
    "121806": {
        "IconPath": "SpriteOutput/SkillIcons/SkillIcon_1218_Rank6.png",
        "Name": -407913009,
        "SkillAddLevelList": {}
    },
    "122001": {
        "IconPath": "SpriteOutput/SkillIcons/SkillIcon_1220_Rank1.png",
        "Name": 2018442111,
        "SkillAddLevelList": {}
    },
    "122002": {
        "IconPath": "SpriteOutput/SkillIcons/SkillIcon_1220_Rank2.png",
        "Name": 2018442108,
        "SkillAddLevelList": {}
    },
    "122003": {
        "IconPath": "SpriteOutput/SkillIcons/SkillIcon_1220_Ultra.png",
        "Name": 2018442109,
        "SkillAddLevelList": {
            "122001": 1,
            "122003": 2,
            "122008": 2,
            "122009": 2,
            "122014": 2
        }
    },
    "122004": {
        "IconPath": "SpriteOutput/SkillIcons/SkillIcon_1220_Rank4.png",
        "Name": 2018442106,
        "SkillAddLevelList": {}
    },
    "122005": {
        "IconPath": "SpriteOutput/SkillIcons/SkillIcon_1220_BP.png",
        "Name": 2018442107,
        "SkillAddLevelList": {
            "122002": 2,
            "122004": 2
        }
    },
    "122006": {
        "IconPath": "SpriteOutput/SkillIcons/SkillIcon_1220_Rank6.png",
        "Name": 2018442104,
        "SkillAddLevelList": {}
    },
    "122101": {
        "IconPath": "SpriteOutput/SkillIcons/SkillIcon_1221_Rank1.png",
        "Name": 2018442206,
        "SkillAddLevelList": {}
    },
    "122102": {
        "IconPath": "SpriteOutput/SkillIcons/SkillIcon_1221_Rank2.png",
        "Name": 2018442205,
        "SkillAddLevelList": {}
    },
    "122103": {
        "IconPath": "SpriteOutput/SkillIcons/SkillIcon_1221_Ultra.png",
        "Name": 2018442204,
        "SkillAddLevelList": {
            "122101": 1,
            "122103": 2
        }
    },
    "122104": {
        "IconPath": "SpriteOutput/SkillIcons/SkillIcon_1221_Rank4.png",
        "Name": 2018442203,
        "SkillAddLevelList": {}
    },
    "122105": {
        "IconPath": "SpriteOutput/SkillIcons/SkillIcon_1221_BP.png",
        "Name": 2018442202,
        "SkillAddLevelList": {
            "122102": 2,
            "122104": 2
        }
    },
    "122106": {
        "IconPath": "SpriteOutput/SkillIcons/SkillIcon_1221_Rank6.png",
        "Name": 2018442201,
        "SkillAddLevelList": {}
    },
    "122201": {
        "IconPath": "SpriteOutput/SkillIcons/SkillIcon_1222_Rank1.png",
        "Name": 2018442045,
        "SkillAddLevelList": {}
    },
    "122202": {
        "IconPath": "SpriteOutput/SkillIcons/SkillIcon_1222_Rank2.png",
        "Name": 2018442046,
        "SkillAddLevelList": {}
    },
    "122203": {
        "IconPath": "SpriteOutput/SkillIcons/SkillIcon_1222_Ultra.png",
        "Name": 2018442047,
        "SkillAddLevelList": {
            "122203": 2,
            "122204": 2
        }
    },
    "122204": {
        "IconPath": "SpriteOutput/SkillIcons/SkillIcon_1222_Rank4.png",
        "Name": 2018442040,
        "SkillAddLevelList": {}
    },
    "122205": {
        "IconPath": "SpriteOutput/SkillIcons/SkillIcon_1222_BP.png",
        "Name": 2018442041,
        "SkillAddLevelList": {
            "122201": 1,
            "122202": 2
        }
    },
    "122206": {
        "IconPath": "SpriteOutput/SkillIcons/SkillIcon_1222_Rank6.png",
        "Name": 2018442042,
        "SkillAddLevelList": {}
    },
    "122301": {
        "IconPath": "SpriteOutput/SkillIcons/SkillIcon_1223_Rank1.png",
        "Name": 2018442140,
        "SkillAddLevelList": {}
    },
    "122302": {
        "IconPath": "SpriteOutput/SkillIcons/SkillIcon_1223_Rank2.png",
        "Name": 2018442143,
        "SkillAddLevelList": {}
    },
    "122303": {
        "IconPath": "SpriteOutput/SkillIcons/SkillIcon_1223_Ultra.png",
        "Name": 2018442142,
        "SkillAddLevelList": {
            "122303": 2,
            "122304": 2
        }
    },
    "122304": {
        "IconPath": "SpriteOutput/SkillIcons/SkillIcon_1223_Rank4.png",
        "Name": 2018442137,
        "SkillAddLevelList": {}
    },
    "122305": {
        "IconPath": "SpriteOutput/SkillIcons/SkillIcon_1223_BP.png",
        "Name": 2018442136,
        "SkillAddLevelList": {
            "122301": 1,
            "122302": 2
        }
    },
    "122306": {
        "IconPath": "SpriteOutput/SkillIcons/SkillIcon_1223_Rank6.png",
        "Name": 2018442139,
        "SkillAddLevelList": {}
    },
    "122401": {
        "IconPath": "SpriteOutput/SkillIcons/SkillIcon_1224_Rank1.png",
        "Name": 2018441979,
        "SkillAddLevelList": {}
    },
    "122402": {
        "IconPath": "SpriteOutput/SkillIcons/SkillIcon_1224_Rank2.png",
        "Name": 2018441976,
        "SkillAddLevelList": {}
    },
    "122403": {
        "IconPath": "SpriteOutput/SkillIcons/SkillIcon_1224_BP.png",
        "Name": 2018441977,
        "SkillAddLevelList": {
            "122401": 1,
            "122402": 2,
            "122408": 1
        }
    },
    "122404": {
        "IconPath": "SpriteOutput/SkillIcons/SkillIcon_1224_Rank4.png",
        "Name": 2018441982,
        "SkillAddLevelList": {}
    },
    "122405": {
        "IconPath": "SpriteOutput/SkillIcons/SkillIcon_1224_Ultra.png",
        "Name": 2018441983,
        "SkillAddLevelList": {
            "122403": 2,
            "122404": 2
        }
    },
    "122406": {
        "IconPath": "SpriteOutput/SkillIcons/SkillIcon_1224_Rank6.png",
        "Name": 2018441980,
        "SkillAddLevelList": {}
    },
    "130101": {
        "IconPath": "SpriteOutput/SkillIcons/SkillIcon_1301_Rank1.png",
        "Name": -1994201175,
        "SkillAddLevelList": {}
    },
    "130102": {
        "IconPath": "SpriteOutput/SkillIcons/SkillIcon_1301_Rank2.png",
        "Name": -1994201178,
        "SkillAddLevelList": {}
    },
    "130103": {
        "IconPath": "SpriteOutput/SkillIcons/SkillIcon_1301_BP.png",
        "Name": -1994201177,
        "SkillAddLevelList": {
            "130101": 1,
            "130102": 2,
            "130108": 1
        }
    },
    "130104": {
        "IconPath": "SpriteOutput/SkillIcons/SkillIcon_1301_Rank4.png",
        "Name": -1994201180,
        "SkillAddLevelList": {}
    },
    "130105": {
        "IconPath": "SpriteOutput/SkillIcons/SkillIcon_1301_Ultra.png",
        "Name": -1994201179,
        "SkillAddLevelList": {
            "130103": 2,
            "130104": 2
        }
    },
    "130106": {
        "IconPath": "SpriteOutput/SkillIcons/SkillIcon_1301_Rank6.png",
        "Name": -1994201182,
        "SkillAddLevelList": {}
    },
    "130201": {
        "IconPath": "SpriteOutput/SkillIcons/SkillIcon_1302_Rank1.png",
        "Name": -1994201274,
        "SkillAddLevelList": {}
    },
    "130202": {
        "IconPath": "SpriteOutput/SkillIcons/SkillIcon_1302_Rank2.png",
        "Name": -1994201271,
        "SkillAddLevelList": {}
    },
    "130203": {
        "IconPath": "SpriteOutput/SkillIcons/SkillIcon_1302_BP.png",
        "Name": -1994201272,
        "SkillAddLevelList": {
            "130202": 2,
            "130204": 2
        }
    },
    "130204": {
        "IconPath": "SpriteOutput/SkillIcons/SkillIcon_1302_Rank4.png",
        "Name": -1994201277,
        "SkillAddLevelList": {}
    },
    "130205": {
        "IconPath": "SpriteOutput/SkillIcons/SkillIcon_1302_Ultra.png",
        "Name": -1994201278,
        "SkillAddLevelList": {
            "130201": 1,
            "130203": 2,
            "130214": 2
        }
    },
    "130206": {
        "IconPath": "SpriteOutput/SkillIcons/SkillIcon_1302_Rank6.png",
        "Name": -1994201275,
        "SkillAddLevelList": {}
    },
    "130301": {
        "IconPath": "SpriteOutput/SkillIcons/SkillIcon_1303_Rank1.png",
        "Name": -1994201241,
        "SkillAddLevelList": {}
    },
    "130302": {
        "IconPath": "SpriteOutput/SkillIcons/SkillIcon_1303_Rank2.png",
        "Name": -1994201240,
        "SkillAddLevelList": {}
    },
    "130303": {
        "IconPath": "SpriteOutput/SkillIcons/SkillIcon_1303_Ultra.png",
        "Name": -1994201239,
        "SkillAddLevelList": {
            "130303": 2,
            "130304": 2
        }
    },
    "130304": {
        "IconPath": "SpriteOutput/SkillIcons/SkillIcon_1303_Rank4.png",
        "Name": -1994201246,
        "SkillAddLevelList": {}
    },
    "130305": {
        "IconPath": "SpriteOutput/SkillIcons/SkillIcon_1303_BP.png",
        "Name": -1994201245,
        "SkillAddLevelList": {
            "130301": 1,
            "130302": 2
        }
    },
    "130306": {
        "IconPath": "SpriteOutput/SkillIcons/SkillIcon_1303_Rank6.png",
        "Name": -1994201244,
        "SkillAddLevelList": {}
    },
    "130401": {
        "IconPath": "SpriteOutput/SkillIcons/SkillIcon_1304_Rank1.png",
        "Name": -1994201340,
        "SkillAddLevelList": {}
    },
    "130402": {
        "IconPath": "SpriteOutput/SkillIcons/SkillIcon_1304_Rank2.png",
        "Name": -1994201341,
        "SkillAddLevelList": {}
    },
    "130403": {
        "IconPath": "SpriteOutput/SkillIcons/SkillIcon_1304_Ultra.png",
        "Name": -1994201342,
        "SkillAddLevelList": {
            "130401": 1,
            "130403": 2
        }
    },
    "130404": {
        "IconPath": "SpriteOutput/SkillIcons/SkillIcon_1304_Rank4.png",
        "Name": -1994201335,
        "SkillAddLevelList": {}
    },
    "130405": {
        "IconPath": "SpriteOutput/SkillIcons/SkillIcon_1304_BP.png",
        "Name": -1994201336,
        "SkillAddLevelList": {
            "130402": 2,
            "130404": 2
        }
    },
    "130406": {
        "IconPath": "SpriteOutput/SkillIcons/SkillIcon_1304_Rank6.png",
        "Name": -1994201337,
        "SkillAddLevelList": {}
    },
    "130501": {
        "IconPath": "SpriteOutput/SkillIcons/SkillIcon_1305_Rank1.png",
        "Name": -1994201307,
        "SkillAddLevelList": {}
    },
    "130502": {
        "IconPath": "SpriteOutput/SkillIcons/SkillIcon_1305_Rank2.png",
        "Name": -1994201310,
        "SkillAddLevelList": {}
    },
    "130503": {
        "IconPath": "SpriteOutput/SkillIcons/SkillIcon_1305_Ultra.png",
        "Name": -1994201309,
        "SkillAddLevelList": {
            "130501": 1,
            "130503": 2
        }
    },
    "130504": {
        "IconPath": "SpriteOutput/SkillIcons/SkillIcon_1305_Rank4.png",
        "Name": -1994201304,
        "SkillAddLevelList": {}
    },
    "130505": {
        "IconPath": "SpriteOutput/SkillIcons/SkillIcon_1305_BP.png",
        "Name": -1994201303,
        "SkillAddLevelList": {
            "130502": 2,
            "130504": 2
        }
    },
    "130506": {
        "IconPath": "SpriteOutput/SkillIcons/SkillIcon_1305_Rank6.png",
        "Name": -1994201306,
        "SkillAddLevelList": {}
    },
    "130601": {
        "IconPath": "SpriteOutput/SkillIcons/SkillIcon_1306_Rank1.png",
        "Name": -1994201406,
        "SkillAddLevelList": {}
    },
    "130602": {
        "IconPath": "SpriteOutput/SkillIcons/SkillIcon_1306_Rank2.png",
        "Name": -1994201403,
        "SkillAddLevelList": {}
    },
    "130603": {
        "IconPath": "SpriteOutput/SkillIcons/SkillIcon_1306_BP.png",
        "Name": -1994201404,
        "SkillAddLevelList": {
            "130601": 1,
            "130602": 2
        }
    },
    "130604": {
        "IconPath": "SpriteOutput/SkillIcons/SkillIcon_1306_Rank4.png",
        "Name": -1994201401,
        "SkillAddLevelList": {}
    },
    "130605": {
        "IconPath": "SpriteOutput/SkillIcons/SkillIcon_1306_Ultra.png",
        "Name": -1994201402,
        "SkillAddLevelList": {
            "130603": 2,
            "130604": 2
        }
    },
    "130606": {
        "IconPath": "SpriteOutput/SkillIcons/SkillIcon_1306_Rank6.png",
        "Name": -1994201399,
        "SkillAddLevelList": {}
    },
    "130701": {
        "IconPath": "SpriteOutput/SkillIcons/SkillIcon_1307_Rank1.png",
        "Name": -1994201373,
        "SkillAddLevelList": {}
    },
    "130702": {
        "IconPath": "SpriteOutput/SkillIcons/SkillIcon_1307_Rank2.png",
        "Name": -1994201372,
        "SkillAddLevelList": {}
    },
    "130703": {
        "IconPath": "SpriteOutput/SkillIcons/SkillIcon_1307_BP.png",
        "Name": -1994201371,
        "SkillAddLevelList": {
            "130702": 2,
            "130704": 2
        }
    },
    "130704": {
        "IconPath": "SpriteOutput/SkillIcons/SkillIcon_1307_Rank4.png",
        "Name": -1994201370,
        "SkillAddLevelList": {}
    },
    "130705": {
        "IconPath": "SpriteOutput/SkillIcons/SkillIcon_1307_Ultra.png",
        "Name": -1994201369,
        "SkillAddLevelList": {
            "130701": 1,
            "130703": 2
        }
    },
    "130706": {
        "IconPath": "SpriteOutput/SkillIcons/SkillIcon_1307_Rank6.png",
        "Name": -1994201368,
        "SkillAddLevelList": {}
    },
    "130801": {
        "IconPath": "SpriteOutput/SkillIcons/SkillIcon_1308_Rank1.png",
        "Name": -1994200944,
        "SkillAddLevelList": {}
    },
    "130802": {
        "IconPath": "SpriteOutput/SkillIcons/SkillIcon_1308_Rank2.png",
        "Name": -1994200945,
        "SkillAddLevelList": {}
    },
    "130803": {
        "IconPath": "SpriteOutput/SkillIcons/SkillIcon_1308_Ultra.png",
        "Name": -1994200946,
        "SkillAddLevelList": {
            "130801": 1,
            "130803": 2,
            "130814": 2,
            "130815": 2,
            "130816": 2,
            "130817": 2
        }
    },
    "130804": {
        "IconPath": "SpriteOutput/SkillIcons/SkillIcon_1308_Rank4.png",
        "Name": -1994200947,
        "SkillAddLevelList": {}
    },
    "130805": {
        "IconPath": "SpriteOutput/SkillIcons/SkillIcon_1308_BP.png",
        "Name": -1994200948,
        "SkillAddLevelList": {
            "130802": 2,
            "130804": 2
        }
    },
    "130806": {
        "IconPath": "SpriteOutput/SkillIcons/SkillIcon_1308_Rank6.png",
        "Name": -1994200949,
        "SkillAddLevelList": {}
    },
    "130901": {
        "IconPath": "SpriteOutput/SkillIcons/SkillIcon_1309_Rank1.png",
        "Name": -1994200911,
        "SkillAddLevelList": {}
    },
    "130902": {
        "IconPath": "SpriteOutput/SkillIcons/SkillIcon_1309_Rank2.png",
        "Name": -1994200914,
        "SkillAddLevelList": {}
    },
    "130903": {
        "IconPath": "SpriteOutput/SkillIcons/SkillIcon_1309_BP.png",
        "Name": -1994200913,
        "SkillAddLevelList": {
            "130902": 2,
            "130903": 2
        }
    },
    "130904": {
        "IconPath": "SpriteOutput/SkillIcons/SkillIcon_1309_Rank4.png",
        "Name": -1994200916,
        "SkillAddLevelList": {}
    },
    "130905": {
        "IconPath": "SpriteOutput/SkillIcons/SkillIcon_1309_Normal.png",
        "Name": -1994200915,
        "SkillAddLevelList": {
            "130901": 1,
            "130904": 2
        }
    },
    "130906": {
        "IconPath": "SpriteOutput/SkillIcons/SkillIcon_1309_Rank6.png",
        "Name": -1994200918,
        "SkillAddLevelList": {}
    },
    "131001": {
        "IconPath": "SpriteOutput/SkillIcons/SkillIcon_1310_Rank1.png",
        "Name": -407914291,
        "SkillAddLevelList": {}
    },
    "131002": {
        "IconPath": "SpriteOutput/SkillIcons/SkillIcon_1310_Rank2.png",
        "Name": -407914292,
        "SkillAddLevelList": {}
    },
    "131003": {
        "IconPath": "SpriteOutput/SkillIcons/SkillIcon_1310_BP.png",
        "Name": -407914293,
        "SkillAddLevelList": {
            "131001": 1,
            "131002": 2,
            "131008": 1,
            "131009": 2
        }
    },
    "131004": {
        "IconPath": "SpriteOutput/SkillIcons/SkillIcon_1310_Rank4.png",
        "Name": -407914294,
        "SkillAddLevelList": {}
    },
    "131005": {
        "IconPath": "SpriteOutput/SkillIcons/SkillIcon_1310_Ultra.png",
        "Name": -407914295,
        "SkillAddLevelList": {
            "131003": 2,
            "131004": 2
        }
    },
    "131006": {
        "IconPath": "SpriteOutput/SkillIcons/SkillIcon_1310_Rank6.png",
        "Name": -407914296,
        "SkillAddLevelList": {}
    },
    "131201": {
        "IconPath": "SpriteOutput/SkillIcons/SkillIcon_1312_Rank1.png",
        "Name": -407914357,
        "SkillAddLevelList": {}
    },
    "131202": {
        "IconPath": "SpriteOutput/SkillIcons/SkillIcon_1312_Rank2.png",
        "Name": -407914354,
        "SkillAddLevelList": {}
    },
    "131203": {
        "IconPath": "SpriteOutput/SkillIcons/SkillIcon_1312_Ultra.png",
        "Name": -407914355,
        "SkillAddLevelList": {
            "131201": 1,
            "131203": 2
        }
    },
    "131204": {
        "IconPath": "SpriteOutput/SkillIcons/SkillIcon_1312_Rank4.png",
        "Name": -407914360,
        "SkillAddLevelList": {}
    },
    "131205": {
        "IconPath": "SpriteOutput/SkillIcons/SkillIcon_1312_BP.png",
        "Name": -407914361,
        "SkillAddLevelList": {
            "131202": 2,
            "131204": 2
        }
    },
    "131206": {
        "IconPath": "SpriteOutput/SkillIcons/SkillIcon_1312_Rank6.png",
        "Name": -407914358,
        "SkillAddLevelList": {}
    },
    "131401": {
        "IconPath": "SpriteOutput/SkillIcons/SkillIcon_1314_Rank1.png",
        "Name": -407914423,
        "SkillAddLevelList": {}
    },
    "131402": {
        "IconPath": "SpriteOutput/SkillIcons/SkillIcon_1314_Rank2.png",
        "Name": -407914424,
        "SkillAddLevelList": {}
    },
    "131403": {
        "IconPath": "SpriteOutput/SkillIcons/SkillIcon_1314_BP.png",
        "Name": -407914425,
        "SkillAddLevelList": {
            "131402": 2,
            "131404": 2
        }
    },
    "131404": {
        "IconPath": "SpriteOutput/SkillIcons/SkillIcon_1314_Rank4.png",
        "Name": -407914418,
        "SkillAddLevelList": {}
    },
    "131405": {
        "IconPath": "SpriteOutput/SkillIcons/SkillIcon_1314_Ultra.png",
        "Name": -407914419,
        "SkillAddLevelList": {
            "131401": 1,
            "131403": 2
        }
    },
    "131406": {
        "IconPath": "SpriteOutput/SkillIcons/SkillIcon_1314_Rank6.png",
        "Name": -407914420,
        "SkillAddLevelList": {}
    },
    "131501": {
        "IconPath": "SpriteOutput/SkillIcons/SkillIcon_1315_Rank1.png",
        "Name": -407914390,
        "SkillAddLevelList": {}
    },
    "131502": {
        "IconPath": "SpriteOutput/SkillIcons/SkillIcon_1315_Rank2.png",
        "Name": -407914393,
        "SkillAddLevelList": {}
    },
    "131503": {
        "IconPath": "SpriteOutput/SkillIcons/SkillIcon_1315_Ultra.png",
        "Name": -407914392,
        "SkillAddLevelList": {
            "131501": 1,
            "131503": 2,
            "131508": 1
        }
    },
    "131504": {
        "IconPath": "SpriteOutput/SkillIcons/SkillIcon_1315_Rank4.png",
        "Name": -407914387,
        "SkillAddLevelList": {}
    },
    "131505": {
        "IconPath": "SpriteOutput/SkillIcons/SkillIcon_1315_BP.png",
        "Name": -407914386,
        "SkillAddLevelList": {
            "131502": 2,
            "131504": 2
        }
    },
    "131506": {
        "IconPath": "SpriteOutput/SkillIcons/SkillIcon_1315_Rank6.png",
        "Name": -407914389,
        "SkillAddLevelList": {}
    },
    "131701": {
        "IconPath": "SpriteOutput/SkillIcons/SkillIcon_1317_Rank1.png",
        "Name": -407914456,
        "SkillAddLevelList": {}
    },
    "131702": {
        "IconPath": "SpriteOutput/SkillIcons/SkillIcon_1317_Rank2.png",
        "Name": -407914455,
        "SkillAddLevelList": {}
    },
    "131703": {
        "IconPath": "SpriteOutput/SkillIcons/SkillIcon_1317_BP.png",
        "Name": -407914454,
        "SkillAddLevelList": {
            "131702": 2,
            "131704": 2
        }
    },
    "131704": {
        "IconPath": "SpriteOutput/SkillIcons/SkillIcon_1317_Rank4.png",
        "Name": -407914453,
        "SkillAddLevelList": {}
    },
    "131705": {
        "IconPath": "SpriteOutput/SkillIcons/SkillIcon_1317_Ultra.png",
        "Name": -407914452,
        "SkillAddLevelList": {
            "131701": 1,
            "131703": 2,
            "131708": 1,
            "131710": 1,
            "131712": 1,
            "131718": 1
        }
    },
    "131706": {
        "IconPath": "SpriteOutput/SkillIcons/SkillIcon_1317_Rank6.png",
        "Name": -407914451,
        "SkillAddLevelList": {}
    },
    "800101": {
        "IconPath": "SpriteOutput/SkillIcons/SkillIcon_8001_Rank1.png",
        "Name": -687467101,
        "SkillAddLevelList": {}
    },
    "800102": {
        "IconPath": "SpriteOutput/SkillIcons/SkillIcon_8001_Rank2.png",
        "Name": -687467098,
        "SkillAddLevelList": {}
    },
    "800103": {
        "IconPath": "SpriteOutput/SkillIcons/SkillIcon_8001_BP.png",
        "Name": -687467099,
        "SkillAddLevelList": {
            "800102": 2,
            "800104": 2
        }
    },
    "800104": {
        "IconPath": "SpriteOutput/SkillIcons/SkillIcon_8001_Rank4.png",
        "Name": -687467104,
        "SkillAddLevelList": {}
    },
    "800105": {
        "IconPath": "SpriteOutput/SkillIcons/SkillIcon_8001_Ultra.png",
        "Name": -687467105,
        "SkillAddLevelList": {
            "800101": 1,
            "800103": 2,
            "800108": 2,
            "800109": 2
        }
    },
    "800106": {
        "IconPath": "SpriteOutput/SkillIcons/SkillIcon_8001_Rank6.png",
        "Name": -687467102,
        "SkillAddLevelList": {}
    },
    "800201": {
        "IconPath": "SpriteOutput/SkillIcons/SkillIcon_8001_Rank1.png",
        "Name": -687467130,
        "SkillAddLevelList": {}
    },
    "800202": {
        "IconPath": "SpriteOutput/SkillIcons/SkillIcon_8001_Rank2.png",
        "Name": -687467133,
        "SkillAddLevelList": {}
    },
    "800203": {
        "IconPath": "SpriteOutput/SkillIcons/SkillIcon_8001_BP.png",
        "Name": -687467132,
        "SkillAddLevelList": {
            "800202": 2,
            "800204": 2
        }
    },
    "800204": {
        "IconPath": "SpriteOutput/SkillIcons/SkillIcon_8001_Rank4.png",
        "Name": -687467135,
        "SkillAddLevelList": {}
    },
    "800205": {
        "IconPath": "SpriteOutput/SkillIcons/SkillIcon_8001_Ultra.png",
        "Name": -687467134,
        "SkillAddLevelList": {
            "800201": 1,
            "800203": 2,
            "800208": 2,
            "800209": 2
        }
    },
    "800206": {
        "IconPath": "SpriteOutput/SkillIcons/SkillIcon_8001_Rank6.png",
        "Name": -687467137,
        "SkillAddLevelList": {}
    },
    "800301": {
        "IconPath": "SpriteOutput/SkillIcons/SkillIcon_8003_Rank1.png",
        "Name": -687467035,
        "SkillAddLevelList": {}
    },
    "800302": {
        "IconPath": "SpriteOutput/SkillIcons/SkillIcon_8003_Rank2.png",
        "Name": -687467036,
        "SkillAddLevelList": {}
    },
    "800303": {
        "IconPath": "SpriteOutput/SkillIcons/SkillIcon_8003_BP.png",
        "Name": -687467037,
        "SkillAddLevelList": {
            "800302": 2,
            "800304": 2
        }
    },
    "800304": {
        "IconPath": "SpriteOutput/SkillIcons/SkillIcon_8003_Rank4.png",
        "Name": -687467038,
        "SkillAddLevelList": {}
    },
    "800305": {
        "IconPath": "SpriteOutput/SkillIcons/SkillIcon_8003_Ultra.png",
        "Name": -687467039,
        "SkillAddLevelList": {
            "800301": 1,
            "800303": 2,
            "800308": 1
        }
    },
    "800306": {
        "IconPath": "SpriteOutput/SkillIcons/SkillIcon_8003_Rank6.png",
        "Name": -687467040,
        "SkillAddLevelList": {}
    },
    "800401": {
        "IconPath": "SpriteOutput/SkillIcons/SkillIcon_8003_Rank1.png",
        "Name": -687467328,
        "SkillAddLevelList": {}
    },
    "800402": {
        "IconPath": "SpriteOutput/SkillIcons/SkillIcon_8003_Rank2.png",
        "Name": -687467327,
        "SkillAddLevelList": {}
    },
    "800403": {
        "IconPath": "SpriteOutput/SkillIcons/SkillIcon_8003_BP.png",
        "Name": -687467326,
        "SkillAddLevelList": {
            "800402": 2,
            "800404": 2
        }
    },
    "800404": {
        "IconPath": "SpriteOutput/SkillIcons/SkillIcon_8003_Rank4.png",
        "Name": -687467325,
        "SkillAddLevelList": {}
    },
    "800405": {
        "IconPath": "SpriteOutput/SkillIcons/SkillIcon_8003_Ultra.png",
        "Name": -687467324,
        "SkillAddLevelList": {
            "800401": 1,
            "800403": 2,
            "800408": 1
        }
    },
    "800406": {
        "IconPath": "SpriteOutput/SkillIcons/SkillIcon_8003_Rank6.png",
        "Name": -687467323,
        "SkillAddLevelList": {}
    },
    "800501": {
        "IconPath": "SpriteOutput/SkillIcons/SkillIcon_8005_Rank1.png",
        "Name": -687467233,
        "SkillAddLevelList": {}
    },
    "800502": {
        "IconPath": "SpriteOutput/SkillIcons/SkillIcon_8005_Rank2.png",
        "Name": -687467230,
        "SkillAddLevelList": {}
    },
    "800503": {
        "IconPath": "SpriteOutput/SkillIcons/SkillIcon_8005_BP.png",
        "Name": -687467231,
        "SkillAddLevelList": {
            "800502": 2,
            "800504": 2
        }
    },
    "800504": {
        "IconPath": "SpriteOutput/SkillIcons/SkillIcon_8005_Rank4.png",
        "Name": -687467228,
        "SkillAddLevelList": {}
    },
    "800505": {
        "IconPath": "SpriteOutput/SkillIcons/SkillIcon_8005_Ultra.png",
        "Name": -687467229,
        "SkillAddLevelList": {
            "800501": 1,
            "800503": 2
        }
    },
    "800506": {
        "IconPath": "SpriteOutput/SkillIcons/SkillIcon_8005_Rank6.png",
        "Name": -687467226,
        "SkillAddLevelList": {}
    },
    "800601": {
        "IconPath": "SpriteOutput/SkillIcons/SkillIcon_8005_Rank1.png",
        "Name": -687467262,
        "SkillAddLevelList": {}
    },
    "800602": {
        "IconPath": "SpriteOutput/SkillIcons/SkillIcon_8005_Rank2.png",
        "Name": -687467265,
        "SkillAddLevelList": {}
    },
    "800603": {
        "IconPath": "SpriteOutput/SkillIcons/SkillIcon_8005_BP.png",
        "Name": -687467264,
        "SkillAddLevelList": {
            "800602": 2,
            "800604": 2
        }
    },
    "800604": {
        "IconPath": "SpriteOutput/SkillIcons/SkillIcon_8005_Rank4.png",
        "Name": -687467259,
        "SkillAddLevelList": {}
    },
    "800605": {
        "IconPath": "SpriteOutput/SkillIcons/SkillIcon_8005_Ultra.png",
        "Name": -687467258,
        "SkillAddLevelList": {
            "800601": 1,
            "800603": 2
        }
    },
    "800606": {
        "IconPath": "SpriteOutput/SkillIcons/SkillIcon_8005_Rank6.png",
        "Name": -687467261,
        "SkillAddLevelList": {}
    }
}
