{
    "100101": {
        "IconPath": "SpriteOutput/SkillIcons/SkillIcon_1001_Rank1.png",
        "Name": -1994202266,
        "SkillAddLevelList": {}
    },
    "100102": {
        "IconPath": "SpriteOutput/SkillIcons/SkillIcon_1001_Rank2.png",
        "Name": -1994202263,
        "SkillAddLevelList": {}
    },
    "100103": {
        "IconPath": "SpriteOutput/SkillIcons/SkillIcon_1001_Ultra.png",
        "Name": -1994202264,
        "SkillAddLevelList": {
            "100101": 1,
            "100103": 2
        }
    },
    "100104": {
        "IconPath": "SpriteOutput/SkillIcons/SkillIcon_1001_Rank4.png",
        "Name": -1994202269,
        "SkillAddLevelList": {}
    },
    "100105": {
        "IconPath": "SpriteOutput/SkillIcons/SkillIcon_1001_BP.png",
        "Name": -1994202270,
        "SkillAddLevelList": {
            "100102": 2,
            "100104": 2
        }
    },
    "100106": {
        "IconPath": "SpriteOutput/SkillIcons/SkillIcon_1001_Rank6.png",
        "Name": -1994202267,
        "SkillAddLevelList": {}
    },
    "100201": {
        "IconPath": "SpriteOutput/SkillIcons/SkillIcon_1002_Rank1.png",
        "Name": -1994202295,
        "SkillAddLevelList": {}
    },
    "100202": {
        "IconPath": "SpriteOutput/SkillIcons/SkillIcon_1002_Rank2.png",
        "Name": -1994202298,
        "SkillAddLevelList": {}
    },
    "100203": {
        "IconPath": "SpriteOutput/SkillIcons/SkillIcon_1002_BP.png",
        "Name": -1994202297,
        "SkillAddLevelList": {
            "100201": 1,
            "100202": 2
        }
    },
    "100204": {
        "IconPath": "SpriteOutput/SkillIcons/SkillIcon_1002_Rank4.png",
        "Name": -1994202300,
        "SkillAddLevelList": {}
    },
    "100205": {
        "IconPath": "SpriteOutput/SkillIcons/SkillIcon_1002_Ultra.png",
        "Name": -1994202299,
        "SkillAddLevelList": {
            "100203": 2,
            "100204": 2
        }
    },
    "100206": {
        "IconPath": "SpriteOutput/SkillIcons/SkillIcon_1002_Rank6.png",
        "Name": -1994202302,
        "SkillAddLevelList": {}
    },
    "100301": {
        "IconPath": "SpriteOutput/SkillIcons/SkillIcon_1003_Rank1.png",
        "Name": -1994202200,
        "SkillAddLevelList": {}
    },
    "100302": {
        "IconPath": "SpriteOutput/SkillIcons/SkillIcon_1003_Rank2.png",
        "Name": -1994202201,
        "SkillAddLevelList": {}
    },
    "100303": {
        "IconPath": "SpriteOutput/SkillIcons/SkillIcon_1003_BP.png",
        "Name": -1994202202,
        "SkillAddLevelList": {
            "100301": 1,
            "100302": 2
        }
    },
    "100304": {
        "IconPath": "SpriteOutput/SkillIcons/SkillIcon_1003_Rank4.png",
        "Name": -1994202203,
        "SkillAddLevelList": {}
    },
    "100305": {
        "IconPath": "SpriteOutput/SkillIcons/SkillIcon_1003_Ultra.png",
        "Name": -1994202204,
        "SkillAddLevelList": {
            "100303": 2,
            "100304": 2
        }
    },
    "100306": {
        "IconPath": "SpriteOutput/SkillIcons/SkillIcon_1003_Rank6.png",
        "Name": -1994202205,
        "SkillAddLevelList": {}
    },
    "100401": {
        "IconPath": "SpriteOutput/SkillIcons/SkillIcon_1004_Rank1.png",
        "Name": -1994202493,
        "SkillAddLevelList": {}
    },
    "100402": {
        "IconPath": "SpriteOutput/SkillIcons/SkillIcon_1004_Rank2.png",
        "Name": -1994202492,
        "SkillAddLevelList": {}
    },
    "100403": {
        "IconPath": "SpriteOutput/SkillIcons/SkillIcon_1004_BP.png",
        "Name": -1994202491,
        "SkillAddLevelList": {
            "100401": 1,
            "100402": 2
        }
    },
    "100404": {
        "IconPath": "SpriteOutput/SkillIcons/SkillIcon_1004_Rank4.png",
        "Name": -1994202490,
        "SkillAddLevelList": {}
    },
    "100405": {
        "IconPath": "SpriteOutput/SkillIcons/SkillIcon_1004_Ultra.png",
        "Name": -1994202489,
        "SkillAddLevelList": {
            "100403": 2,
            "100404": 2
        }
    },
    "100406": {
        "IconPath": "SpriteOutput/SkillIcons/SkillIcon_1004_Rank6.png",
        "Name": -1994202488,
        "SkillAddLevelList": {}
    },
    "100501": {
        "IconPath": "SpriteOutput/SkillIcons/SkillIcon_1005_Rank1.png",
        "Name": -1994202398,
        "SkillAddLevelList": {}
    },
    "100502": {
        "IconPath": "SpriteOutput/SkillIcons/SkillIcon_1005_Rank2.png",
        "Name": -1994202395,
        "SkillAddLevelList": {}
    },
    "100503": {
        "IconPath": "SpriteOutput/SkillIcons/SkillIcon_1005_BP.png",
        "Name": -1994202396,
        "SkillAddLevelList": {
            "100501": 1,
            "100502": 2
        }
    },
    "100504": {
        "IconPath": "SpriteOutput/SkillIcons/SkillIcon_1005_Rank4.png",
        "Name": -1994202393,
        "SkillAddLevelList": {}
    },
    "100505": {
        "IconPath": "SpriteOutput/SkillIcons/SkillIcon_1005_Ultra.png",
        "Name": -1994202394,
        "SkillAddLevelList": {
            "100503": 2,
            "100504": 2
        }
    },
    "100506": {
        "IconPath": "SpriteOutput/SkillIcons/SkillIcon_1005_Rank6.png",
        "Name": -1994202391,
        "SkillAddLevelList": {}
    },
    "100601": {
        "IconPath": "SpriteOutput/SkillIcons/SkillIcon_1006_Rank1.png",
        "Name": -1994202427,
        "SkillAddLevelList": {}
    },
    "100602": {
        "IconPath": "SpriteOutput/SkillIcons/SkillIcon_1006_Rank2.png",
        "Name": -1994202430,
        "SkillAddLevelList": {}
    },
    "100603": {
        "IconPath": "SpriteOutput/SkillIcons/SkillIcon_1006_BP.png",
        "Name": -1994202429,
        "SkillAddLevelList": {
            "100602": 2,
            "100604": 2
        }
    },
    "100604": {
        "IconPath": "SpriteOutput/SkillIcons/SkillIcon_1006_Rank4.png",
        "Name": -1994202424,
        "SkillAddLevelList": {}
    },
    "100605": {
        "IconPath": "SpriteOutput/SkillIcons/SkillIcon_1006_Ultra.png",
        "Name": -1994202423,
        "SkillAddLevelList": {
            "100601": 1,
            "100603": 2
        }
    },
    "100606": {
        "IconPath": "SpriteOutput/SkillIcons/SkillIcon_1006_Rank6.png",
        "Name": -1994202426,
        "SkillAddLevelList": {}
    },
    "100801": {
        "IconPath": "SpriteOutput/SkillIcons/SkillIcon_1008_Rank1.png",
        "Name": -1994202097,
        "SkillAddLevelList": {}
    },
    "100802": {
        "IconPath": "SpriteOutput/SkillIcons/SkillIcon_1008_Rank2.png",
        "Name": -1994202096,
        "SkillAddLevelList": {}
    },
    "100803": {
        "IconPath": "SpriteOutput/SkillIcons/SkillIcon_1008_BP.png",
        "Name": -1994202095,
        "SkillAddLevelList": {
            "100801": 1,
            "100802": 2
        }
    },
    "100804": {
        "IconPath": "SpriteOutput/SkillIcons/SkillIcon_1008_Rank4.png",
        "Name": -1994202102,
        "SkillAddLevelList": {}
    },
    "100805": {
        "IconPath": "SpriteOutput/SkillIcons/SkillIcon_1008_Ultra.png",
        "Name": -1994202101,
        "SkillAddLevelList": {
            "100803": 2,
            "100804": 2
        }
    },
    "100806": {
        "IconPath": "SpriteOutput/SkillIcons/SkillIcon_1008_Rank6.png",
        "Name": -1994202100,
        "SkillAddLevelList": {}
    },
    "100901": {
        "IconPath": "SpriteOutput/SkillIcons/SkillIcon_1009_Rank1.png",
        "Name": -1994202002,
        "SkillAddLevelList": {}
    },
    "100902": {
        "IconPath": "SpriteOutput/SkillIcons/SkillIcon_1009_Rank2.png",
        "Name": -1994201999,
        "SkillAddLevelList": {}
    },
    "100903": {
        "IconPath": "SpriteOutput/SkillIcons/SkillIcon_1009_BP.png",
        "Name": -1994202000,
        "SkillAddLevelList": {
            "100902": 2,
            "100904": 2
        }
    },
    "100904": {
        "IconPath": "SpriteOutput/SkillIcons/SkillIcon_1009_Rank4.png",
        "Name": -1994202005,
        "SkillAddLevelList": {}
    },
    "100905": {
        "IconPath": "SpriteOutput/SkillIcons/SkillIcon_1009_Ultra.png",
        "Name": -1994202006,
        "SkillAddLevelList": {
            "100901": 1,
            "100903": 2
        }
    },
    "100906": {
        "IconPath": "SpriteOutput/SkillIcons/SkillIcon_1009_Rank6.png",
        "Name": -1994202003,
        "SkillAddLevelList": {}
    },
    "101301": {
        "IconPath": "SpriteOutput/SkillIcons/SkillIcon_1013_Rank1.png",
        "Name": -407915283,
        "SkillAddLevelList": {}
    },
    "101302": {
        "IconPath": "SpriteOutput/SkillIcons/SkillIcon_1013_Rank2.png",
        "Name": -407915284,
        "SkillAddLevelList": {}
    },
    "101303": {
        "IconPath": "SpriteOutput/SkillIcons/SkillIcon_1013_BP.png",
        "Name": -407915285,
        "SkillAddLevelList": {
            "101301": 1,
            "101302": 2
        }
    },
    "101304": {
        "IconPath": "SpriteOutput/SkillIcons/SkillIcon_1013_Rank4.png",
        "Name": -407915286,
        "SkillAddLevelList": {}
    },
    "101305": {
        "IconPath": "SpriteOutput/SkillIcons/SkillIcon_1013_Ultra.png",
        "Name": -407915287,
        "SkillAddLevelList": {
            "101303": 2,
            "101304": 2
        }
    },
    "101306": {
        "IconPath": "SpriteOutput/SkillIcons/SkillIcon_1013_Rank6.png",
        "Name": -407915288,
        "SkillAddLevelList": {}
    },
    "110101": {
        "IconPath": "SpriteOutput/SkillIcons/SkillIcon_1101_Rank1.png",
        "Name": -1994203353,
        "SkillAddLevelList": {}
    },
    "110102": {
        "IconPath": "SpriteOutput/SkillIcons/SkillIcon_1101_Rank2.png",
        "Name": -1994203352,
        "SkillAddLevelList": {}
    },
    "110103": {
        "IconPath": "SpriteOutput/SkillIcons/SkillIcon_1101_Ultra.png",
        "Name": -1994203351,
        "SkillAddLevelList": {
            "110103": 2,
            "110104": 2
        }
    },
    "110104": {
        "IconPath": "SpriteOutput/SkillIcons/SkillIcon_1101_Rank4.png",
        "Name": -1994203358,
        "SkillAddLevelList": {}
    },
    "110105": {
        "IconPath": "SpriteOutput/SkillIcons/SkillIcon_1101_BP.png",
        "Name": -1994203357,
        "SkillAddLevelList": {
            "110101": 1,
            "110102": 2
        }
    },
    "110106": {
        "IconPath": "SpriteOutput/SkillIcons/SkillIcon_1101_Rank6.png",
        "Name": -1994203356,
        "SkillAddLevelList": {}
    },
    "110201": {
        "IconPath": "SpriteOutput/SkillIcons/SkillIcon_1102_Rank1.png",
        "Name": -1994203320,
        "SkillAddLevelList": {}
    },
    "110202": {
        "IconPath": "SpriteOutput/SkillIcons/SkillIcon_1102_Rank2.png",
        "Name": -1994203321,
        "SkillAddLevelList": {}
    },
    "110203": {
        "IconPath": "SpriteOutput/SkillIcons/SkillIcon_1102_BP.png",
        "Name": -1994203322,
        "SkillAddLevelList": {
            "110202": 2,
            "110204": 2
        }
    },
    "110204": {
        "IconPath": "SpriteOutput/SkillIcons/SkillIcon_1102_Rank4.png",
        "Name": -1994203323,
        "SkillAddLevelList": {}
    },
    "110205": {
        "IconPath": "SpriteOutput/SkillIcons/SkillIcon_1102_Ultra.png",
        "Name": -1994203324,
        "SkillAddLevelList": {
            "110201": 1,
            "110203": 2
        }
    },
    "110206": {
        "IconPath": "SpriteOutput/SkillIcons/SkillIcon_1102_Rank6.png",
        "Name": -1994203325,
        "SkillAddLevelList": {}
    },
    "110301": {
        "IconPath": "SpriteOutput/SkillIcons/SkillIcon_1103_Rank1.png",
        "Name": -1994203287,
        "SkillAddLevelList": {}
    },
    "110302": {
        "IconPath": "SpriteOutput/SkillIcons/SkillIcon_1103_Rank2.png",
        "Name": -1994203290,
        "SkillAddLevelList": {}
    },
    "110303": {
        "IconPath": "SpriteOutput/SkillIcons/SkillIcon_1103_BP.png",
        "Name": -1994203289,
        "SkillAddLevelList": {
            "110301": 1,
            "110302": 2
        }
    },
    "110304": {
        "IconPath": "SpriteOutput/SkillIcons/SkillIcon_1103_Rank4.png",
        "Name": -1994203292,
        "SkillAddLevelList": {}
    },
    "110305": {
        "IconPath": "SpriteOutput/SkillIcons/SkillIcon_1103_Ultra.png",
        "Name": -1994203291,
        "SkillAddLevelList": {
            "110303": 2,
            "110304": 2
        }
    },
    "110306": {
        "IconPath": "SpriteOutput/SkillIcons/SkillIcon_1103_Rank6.png",
        "Name": -1994203294,
        "SkillAddLevelList": {}
    },
    "110401": {
        "IconPath": "SpriteOutput/SkillIcons/SkillIcon_1104_Rank1.png",
        "Name": -1994203518,
        "SkillAddLevelList": {}
    },
    "110402": {
        "IconPath": "SpriteOutput/SkillIcons/SkillIcon_1104_Rank2.png",
        "Name": -1994203515,
        "SkillAddLevelList": {}
    },
    "110403": {
        "IconPath": "SpriteOutput/SkillIcons/SkillIcon_1104_Ultra.png",
        "Name": -1994203516,
        "SkillAddLevelList": {
            "110403": 2,
            "110404": 2
        }
    },
    "110404": {
        "IconPath": "SpriteOutput/SkillIcons/SkillIcon_1104_Rank4.png",
        "Name": -1994203513,
        "SkillAddLevelList": {}
    },
    "110405": {
        "IconPath": "SpriteOutput/SkillIcons/SkillIcon_1104_BP.png",
        "Name": -1994203514,
        "SkillAddLevelList": {
            "110401": 1,
            "110402": 2
        }
    },
    "110406": {
        "IconPath": "SpriteOutput/SkillIcons/SkillIcon_1104_Rank6.png",
        "Name": -1994203511,
        "SkillAddLevelList": {}
    },
    "110501": {
        "IconPath": "SpriteOutput/SkillIcons/SkillIcon_1105_Rank1.png",
        "Name": -1994203485,
        "SkillAddLevelList": {}
    },
    "110502": {
        "IconPath": "SpriteOutput/SkillIcons/SkillIcon_1105_Rank2.png",
        "Name": -1994203484,
        "SkillAddLevelList": {}
    },
    "110503": {
        "IconPath": "SpriteOutput/SkillIcons/SkillIcon_1105_BP.png",
        "Name": -1994203483,
        "SkillAddLevelList": {
            "110501": 1,
            "110502": 2
        }
    },
    "110504": {
        "IconPath": "SpriteOutput/SkillIcons/SkillIcon_1105_Rank4.png",
        "Name": -1994203482,
        "SkillAddLevelList": {}
    },
    "110505": {
        "IconPath": "SpriteOutput/SkillIcons/SkillIcon_1105_Ultra.png",
        "Name": -1994203481,
        "SkillAddLevelList": {
            "110503": 2,
            "110504": 2
        }
    },
    "110506": {
        "IconPath": "SpriteOutput/SkillIcons/SkillIcon_1105_Rank6.png",
        "Name": -1994203480,
        "SkillAddLevelList": {}
    },
    "110601": {
        "IconPath": "SpriteOutput/SkillIcons/SkillIcon_1106_Rank1.png",
        "Name": -1994203452,
        "SkillAddLevelList": {}
    },
    "110602": {
        "IconPath": "SpriteOutput/SkillIcons/SkillIcon_1106_Rank2.png",
        "Name": -1994203453,
        "SkillAddLevelList": {}
    },
    "110603": {
        "IconPath": "SpriteOutput/SkillIcons/SkillIcon_1106_BP.png",
        "Name": -1994203454,
        "SkillAddLevelList": {
            "110601": 1,
            "110602": 2
        }
    },
    "110604": {
        "IconPath": "SpriteOutput/SkillIcons/SkillIcon_1106_Rank4.png",
        "Name": -1994203447,
        "SkillAddLevelList": {}
    },
    "110605": {
        "IconPath": "SpriteOutput/SkillIcons/SkillIcon_1106_Ultra.png",
        "Name": -1994203448,
        "SkillAddLevelList": {
            "110603": 2,
            "110604": 2
        }
    },
    "110606": {
        "IconPath": "SpriteOutput/SkillIcons/SkillIcon_1106_Rank6.png",
        "Name": -1994203449,
        "SkillAddLevelList": {}
    },
    "110701": {
        "IconPath": "SpriteOutput/SkillIcons/SkillIcon_1107_Rank1.png",
        "Name": -1994203419,
        "SkillAddLevelList": {}
    },
    "110702": {
        "IconPath": "SpriteOutput/SkillIcons/SkillIcon_1107_Rank2.png",
        "Name": -1994203422,
        "SkillAddLevelList": {}
    },
    "110703": {
        "IconPath": "SpriteOutput/SkillIcons/SkillIcon_1107_BP.png",
        "Name": -1994203421,
        "SkillAddLevelList": {
            "110701": 1,
            "110702": 2
        }
    },
    "110704": {
        "IconPath": "SpriteOutput/SkillIcons/SkillIcon_1107_Rank4.png",
        "Name": -1994203416,
        "SkillAddLevelList": {}
    },
    "110705": {
        "IconPath": "SpriteOutput/SkillIcons/SkillIcon_1107_Ultra.png",
        "Name": -1994203415,
        "SkillAddLevelList": {
            "110703": 2,
            "110704": 2
        }
    },
    "110706": {
        "IconPath": "SpriteOutput/SkillIcons/SkillIcon_1107_Rank6.png",
        "Name": -1994203418,
        "SkillAddLevelList": {}
    },
    "110801": {
        "IconPath": "SpriteOutput/SkillIcons/SkillIcon_1108_Rank1.png",
        "Name": -1994203122,
        "SkillAddLevelList": {}
    },
    "110802": {
        "IconPath": "SpriteOutput/SkillIcons/SkillIcon_1108_Rank2.png",
        "Name": -1994203119,
        "SkillAddLevelList": {}
    },
    "110803": {
        "IconPath": "SpriteOutput/SkillIcons/SkillIcon_1108_BP.png",
        "Name": -1994203120,
        "SkillAddLevelList": {
            "110801": 1,
            "110802": 2
        }
    },
    "110804": {
        "IconPath": "SpriteOutput/SkillIcons/SkillIcon_1108_Rank4.png",
        "Name": -1994203125,
        "SkillAddLevelList": {}
    },
    "110805": {
        "IconPath": "SpriteOutput/SkillIcons/SkillIcon_1108_Ultra.png",
        "Name": -1994203126,
        "SkillAddLevelList": {
            "110803": 2,
            "110804": 2
        }
    },
    "110806": {
        "IconPath": "SpriteOutput/SkillIcons/SkillIcon_1108_Rank6.png",
        "Name": -1994203123,
        "SkillAddLevelList": {}
    },
    "110901": {
        "IconPath": "SpriteOutput/SkillIcons/SkillIcon_1109_Rank1.png",
        "Name": -1994203089,
        "SkillAddLevelList": {}
    },
    "110902": {
        "IconPath": "SpriteOutput/SkillIcons/SkillIcon_1109_Rank2.png",
        "Name": -1994203088,
        "SkillAddLevelList": {}
    },
    "110903": {
        "IconPath": "SpriteOutput/SkillIcons/SkillIcon_1109_BP.png",
        "Name": -1994203087,
        "SkillAddLevelList": {
            "110901": 1,
            "110902": 2,
            "110909": 2
        }
    },
    "110904": {
        "IconPath": "SpriteOutput/SkillIcons/SkillIcon_1109_Rank4.png",
        "Name": -1994203094,
        "SkillAddLevelList": {}
    },
    "110905": {
        "IconPath": "SpriteOutput/SkillIcons/SkillIcon_1109_Ultra.png",
        "Name": -1994203093,
        "SkillAddLevelList": {
            "110903": 2,
            "110904": 2
        }
    },
    "110906": {
        "IconPath": "SpriteOutput/SkillIcons/SkillIcon_1109_Rank6.png",
        "Name": -1994203092,
        "SkillAddLevelList": {}
    },
    "111001": {
        "IconPath": "SpriteOutput/SkillIcons/SkillIcon_1110_Rank1.png",
        "Name": -407916469,
        "SkillAddLevelList": {}
    },
    "111002": {
        "IconPath": "SpriteOutput/SkillIcons/SkillIcon_1110_Rank2.png",
        "Name": -407916466,
        "SkillAddLevelList": {}
    },
    "111003": {
        "IconPath": "SpriteOutput/SkillIcons/SkillIcon_1110_BP.png",
        "Name": -407916467,
        "SkillAddLevelList": {
            "111001": 1,
            "111002": 2
        }
    },
    "111004": {
        "IconPath": "SpriteOutput/SkillIcons/SkillIcon_1110_Rank4.png",
        "Name": -407916472,
        "SkillAddLevelList": {}
    },
    "111005": {
        "IconPath": "SpriteOutput/SkillIcons/SkillIcon_1110_Ultra.png",
        "Name": -407916473,
        "SkillAddLevelList": {
            "111003": 2,
            "111004": 2
        }
    },
    "111006": {
        "IconPath": "SpriteOutput/SkillIcons/SkillIcon_1110_Rank6.png",
        "Name": -407916470,
        "SkillAddLevelList": {}
    },
    "111101": {
        "IconPath": "SpriteOutput/SkillIcons/SkillIcon_1111_Rank1.png",
        "Name": -407916436,
        "SkillAddLevelList": {}
    },
    "111102": {
        "IconPath": "SpriteOutput/SkillIcons/SkillIcon_1111_Rank2.png",
        "Name": -407916435,
        "SkillAddLevelList": {}
    },
    "111103": {
        "IconPath": "SpriteOutput/SkillIcons/SkillIcon_1111_BP.png",
        "Name": -407916434,
        "SkillAddLevelList": {
            "111102": 2,
            "111104": 2
        }
    },
    "111104": {
        "IconPath": "SpriteOutput/SkillIcons/SkillIcon_1111_Rank4.png",
        "Name": -407916441,
        "SkillAddLevelList": {}
    },
    "111105": {
        "IconPath": "SpriteOutput/SkillIcons/SkillIcon_1111_Ultra.png",
        "Name": -407916440,
        "SkillAddLevelList": {
            "111101": 1,
            "111103": 2,
            "111108": 1
        }
    },
    "111106": {
        "IconPath": "SpriteOutput/SkillIcons/SkillIcon_1111_Rank6.png",
        "Name": -407916439,
        "SkillAddLevelList": {}
    },
    "111201": {
        "IconPath": "SpriteOutput/SkillIcons/SkillIcon_1112_Rank1.png",
        "Name": -407916403,
        "SkillAddLevelList": {}
    },
    "111202": {
        "IconPath": "SpriteOutput/SkillIcons/SkillIcon_1112_Rank2.png",
        "Name": -407916404,
        "SkillAddLevelList": {}
    },
    "111203": {
        "IconPath": "SpriteOutput/SkillIcons/SkillIcon_1112_BP.png",
        "Name": -407916405,
        "SkillAddLevelList": {
            "111201": 1,
            "111202": 2
        }
    },
    "111204": {
        "IconPath": "SpriteOutput/SkillIcons/SkillIcon_1112_Rank4.png",
        "Name": -407916406,
        "SkillAddLevelList": {}
    },
    "111205": {
        "IconPath": "SpriteOutput/SkillIcons/SkillIcon_1112_Ultra.png",
        "Name": -407916407,
        "SkillAddLevelList": {
            "111203": 2,
            "111204": 2
        }
    },
    "111206": {
        "IconPath": "SpriteOutput/SkillIcons/SkillIcon_1112_Rank6.png",
        "Name": -407916408,
        "SkillAddLevelList": {}
    },
    "120101": {
        "IconPath": "SpriteOutput/SkillIcons/SkillIcon_1201_Rank1.png",
        "Name": -1994200088,
        "SkillAddLevelList": {}
    },
    "120102": {
        "IconPath": "SpriteOutput/SkillIcons/SkillIcon_1201_Rank2.png",
        "Name": -1994200089,
        "SkillAddLevelList": {}
    },
    "120103": {
        "IconPath": "SpriteOutput/SkillIcons/SkillIcon_1201_Ultra.png",
        "Name": -1994200090,
        "SkillAddLevelList": {
            "120103": 2,
            "120104": 2
        }
    },
    "120104": {
        "IconPath": "SpriteOutput/SkillIcons/SkillIcon_1201_Rank4.png",
        "Name": -1994200091,
        "SkillAddLevelList": {}
    },
    "120105": {
        "IconPath": "SpriteOutput/SkillIcons/SkillIcon_1201_BP.png",
        "Name": -1994200092,
        "SkillAddLevelList": {
            "120101": 1,
            "120102": 2,
            "120108": 1
        }
    },
    "120106": {
        "IconPath": "SpriteOutput/SkillIcons/SkillIcon_1201_Rank6.png",
        "Name": -1994200093,
        "SkillAddLevelList": {}
    },
    "120201": {
        "IconPath": "SpriteOutput/SkillIcons/SkillIcon_1202_Rank1.png",
        "Name": -1994200249,
        "SkillAddLevelList": {}
    },
    "120202": {
        "IconPath": "SpriteOutput/SkillIcons/SkillIcon_1202_Rank2.png",
        "Name": -1994200248,
        "SkillAddLevelList": {}
    },
    "120203": {
        "IconPath": "SpriteOutput/SkillIcons/SkillIcon_1202_Ultra.png",
        "Name": -1994200247,
        "SkillAddLevelList": {
            "120201": 1,
            "120203": 2
        }
    },
    "120204": {
        "IconPath": "SpriteOutput/SkillIcons/SkillIcon_1202_Rank4.png",
        "Name": -1994200254,
        "SkillAddLevelList": {}
    },
    "120205": {
        "IconPath": "SpriteOutput/SkillIcons/SkillIcon_1202_BP.png",
        "Name": -1994200253,
        "SkillAddLevelList": {
            "120202": 2,
            "120204": 2
        }
    },
    "120206": {
        "IconPath": "SpriteOutput/SkillIcons/SkillIcon_1202_Rank6.png",
        "Name": -1994200252,
        "SkillAddLevelList": {}
    },
    "120301": {
        "IconPath": "SpriteOutput/SkillIcons/SkillIcon_1203_Rank1.png",
        "Name": -1994200154,
        "SkillAddLevelList": {}
    },
    "120302": {
        "IconPath": "SpriteOutput/SkillIcons/SkillIcon_1203_Rank2.png",
        "Name": -1994200151,
        "SkillAddLevelList": {}
    },
    "120303": {
        "IconPath": "SpriteOutput/SkillIcons/SkillIcon_1203_BP.png",
        "Name": -1994200152,
        "SkillAddLevelList": {
            "120301": 1,
            "120302": 2
        }
    },
    "120304": {
        "IconPath": "SpriteOutput/SkillIcons/SkillIcon_1203_Rank4.png",
        "Name": -1994200157,
        "SkillAddLevelList": {}
    },
    "120305": {
        "IconPath": "SpriteOutput/SkillIcons/SkillIcon_1203_Ultra.png",
        "Name": -1994200158,
        "SkillAddLevelList": {
            "120303": 2,
            "120304": 2
        }
    },
    "120306": {
        "IconPath": "SpriteOutput/SkillIcons/SkillIcon_1203_Rank6.png",
        "Name": -1994200155,
        "SkillAddLevelList": {}
    },
    "120401": {
        "IconPath": "SpriteOutput/SkillIcons/SkillIcon_1204_Rank1.png",
        "Name": -1994200315,
        "SkillAddLevelList": {}
    },
    "120402": {
        "IconPath": "SpriteOutput/SkillIcons/SkillIcon_1204_Rank2.png",
        "Name": -1994200318,
        "SkillAddLevelList": {}
    },
    "120403": {
        "IconPath": "SpriteOutput/SkillIcons/SkillIcon_1204_Ultra.png",
        "Name": -1994200317,
        "SkillAddLevelList": {
            "120401": 1,
            "120403": 2
        }
    },
    "120404": {
        "IconPath": "SpriteOutput/SkillIcons/SkillIcon_1204_Rank4.png",
        "Name": -1994200312,
        "SkillAddLevelList": {}
    },
    "120405": {
        "IconPath": "SpriteOutput/SkillIcons/SkillIcon_1204_BP.png",
        "Name": -1994200311,
        "SkillAddLevelList": {
            "120402": 2,
            "120404": 2
        }
    },
    "120406": {
        "IconPath": "SpriteOutput/SkillIcons/SkillIcon_1204_Rank6.png",
        "Name": -1994200314,
        "SkillAddLevelList": {}
    },
    "120501": {
        "IconPath": "SpriteOutput/SkillIcons/SkillIcon_1205_Rank1.png",
        "Name": -1994200220,
        "SkillAddLevelList": {}
    },
    "120502": {
        "IconPath": "SpriteOutput/SkillIcons/SkillIcon_1205_Rank2.png",
        "Name": -1994200221,
        "SkillAddLevelList": {}
    },
    "120503": {
        "IconPath": "SpriteOutput/SkillIcons/SkillIcon_1205_Ultra.png",
        "Name": -1994200222,
        "SkillAddLevelList": {
            "120503": 2,
            "120504": 2
        }
    },
    "120504": {
        "IconPath": "SpriteOutput/SkillIcons/SkillIcon_1205_Rank4.png",
        "Name": -1994200215,
        "SkillAddLevelList": {}
    },
    "120505": {
        "IconPath": "SpriteOutput/SkillIcons/SkillIcon_1205_BP.png",
        "Name": -1994200216,
        "SkillAddLevelList": {
            "120501": 1,
            "120502": 2,
            "120508": 1
        }
    },
    "120506": {
        "IconPath": "SpriteOutput/SkillIcons/SkillIcon_1205_Rank6.png",
        "Name": -1994200217,
        "SkillAddLevelList": {}
    },
    "120601": {
        "IconPath": "SpriteOutput/SkillIcons/SkillIcon_1206_Rank1.png",
        "Name": -1994200381,
        "SkillAddLevelList": {}
    },
    "120602": {
        "IconPath": "SpriteOutput/SkillIcons/SkillIcon_1206_Rank2.png",
        "Name": -1994200380,
        "SkillAddLevelList": {}
    },
    "120603": {
        "IconPath": "SpriteOutput/SkillIcons/SkillIcon_1206_Ultra.png",
        "Name": -1994200379,
        "SkillAddLevelList": {
            "120603": 2,
            "120604": 2
        }
    },
    "120604": {
        "IconPath": "SpriteOutput/SkillIcons/SkillIcon_1206_Rank4.png",
        "Name": -1994200378,
        "SkillAddLevelList": {}
    },
    "120605": {
        "IconPath": "SpriteOutput/SkillIcons/SkillIcon_1206_BP.png",
        "Name": -1994200377,
        "SkillAddLevelList": {
            "120601": 1,
            "120602": 2
        }
    },
    "120606": {
        "IconPath": "SpriteOutput/SkillIcons/SkillIcon_1206_Rank6.png",
        "Name": -1994200376,
        "SkillAddLevelList": {}
    },
    "120701": {
        "IconPath": "SpriteOutput/SkillIcons/SkillIcon_1207_Rank1.png",
        "Name": -1994200286,
        "SkillAddLevelList": {}
    },
    "120702": {
        "IconPath": "SpriteOutput/SkillIcons/SkillIcon_1207_Rank2.png",
        "Name": -1994200283,
        "SkillAddLevelList": {}
    },
    "120703": {
        "IconPath": "SpriteOutput/SkillIcons/SkillIcon_1207_BP.png",
        "Name": -1994200284,
        "SkillAddLevelList": {
            "120701": 1,
            "120702": 2
        }
    },
    "120704": {
        "IconPath": "SpriteOutput/SkillIcons/SkillIcon_1207_Rank4.png",
        "Name": -1994200281,
        "SkillAddLevelList": {}
    },
    "120705": {
        "IconPath": "SpriteOutput/SkillIcons/SkillIcon_1207_Ultra.png",
        "Name": -1994200282,
        "SkillAddLevelList": {
            "120703": 2,
            "120704": 2
        }
    },
    "120706": {
        "IconPath": "SpriteOutput/SkillIcons/SkillIcon_1207_Rank6.png",
        "Name": -1994200279,
        "SkillAddLevelList": {}
    },
    "120801": {
        "IconPath": "SpriteOutput/SkillIcons/SkillIcon_1208_Rank1.png",
        "Name": -1994199919,
        "SkillAddLevelList": {}
    },
    "120802": {
        "IconPath": "SpriteOutput/SkillIcons/SkillIcon_1208_Rank2.png",
        "Name": -1994199922,
        "SkillAddLevelList": {}
    },
    "120803": {
        "IconPath": "SpriteOutput/SkillIcons/SkillIcon_1208_BP.png",
        "Name": -1994199921,
        "SkillAddLevelList": {
            "120802": 2,
            "120804": 2
        }
    },
    "120804": {
        "IconPath": "SpriteOutput/SkillIcons/SkillIcon_1208_Rank4.png",
        "Name": -1994199924,
        "SkillAddLevelList": {}
    },
    "120805": {
        "IconPath": "SpriteOutput/SkillIcons/SkillIcon_1208_Ultra.png",
        "Name": -1994199923,
        "SkillAddLevelList": {
            "120801": 1,
            "120803": 2
        }
    },
    "120806": {
        "IconPath": "SpriteOutput/SkillIcons/SkillIcon_1208_Rank6.png",
        "Name": -1994199926,
        "SkillAddLevelList": {}
    },
    "120901": {
        "IconPath": "SpriteOutput/SkillIcons/SkillIcon_1209_Rank1.png",
        "Name": -1994199824,
        "SkillAddLevelList": {}
    },
    "120902": {
        "IconPath": "SpriteOutput/SkillIcons/SkillIcon_1209_Rank2.png",
        "Name": -1994199825,
        "SkillAddLevelList": {}
    },
    "120903": {
        "IconPath": "SpriteOutput/SkillIcons/SkillIcon_1209_BP.png",
        "Name": -1994199826,
        "SkillAddLevelList": {
            "120901": 1,
            "120902": 2
        }
    },
    "120904": {
        "IconPath": "SpriteOutput/SkillIcons/SkillIcon_1209_Rank4.png",
        "Name": -1994199827,
        "SkillAddLevelList": {}
    },
    "120905": {
        "IconPath": "SpriteOutput/SkillIcons/SkillIcon_1209_Ultra.png",
        "Name": -1994199828,
        "SkillAddLevelList": {
            "120903": 2,
            "120904": 2
        }
    },
    "120906": {
        "IconPath": "SpriteOutput/SkillIcons/SkillIcon_1209_Rank6.png",
        "Name": -1994199829,
        "SkillAddLevelList": {}
    },
    "121001": {
        "IconPath": "SpriteOutput/SkillIcons/SkillIcon_1210_Rank1.png",
        "Name": -407913266,
        "SkillAddLevelList": {}
    },
    "121002": {
        "IconPath": "SpriteOutput/SkillIcons/SkillIcon_1210_Rank2.png",
        "Name": -407913269,
        "SkillAddLevelList": {}
    },
    "121003": {
        "IconPath": "SpriteOutput/SkillIcons/SkillIcon_1210_BP.png",
        "Name": -407913268,
        "SkillAddLevelList": {
            "121001": 1,
            "121002": 2
        }
    },
    "121004": {
        "IconPath": "SpriteOutput/SkillIcons/SkillIcon_1210_Rank4.png",
        "Name": -407913271,
        "SkillAddLevelList": {}
    },
    "121005": {
        "IconPath": "SpriteOutput/SkillIcons/SkillIcon_1210_Ultra.png",
        "Name": -407913270,
        "SkillAddLevelList": {
            "121003": 2,
            "121004": 2
        }
    },
    "121006": {
        "IconPath": "SpriteOutput/SkillIcons/SkillIcon_1210_Rank6.png",
        "Name": -407913273,
        "SkillAddLevelList": {}
    },
    "121101": {
        "IconPath": "SpriteOutput/SkillIcons/SkillIcon_1211_Rank1.png",
        "Name": -407913171,
        "SkillAddLevelList": {}
    },
    "121102": {
        "IconPath": "SpriteOutput/SkillIcons/SkillIcon_1211_Rank2.png",
        "Name": -407913172,
        "SkillAddLevelList": {}
    },
    "121103": {
        "IconPath": "SpriteOutput/SkillIcons/SkillIcon_1211_BP.png",
        "Name": -407913173,
        "SkillAddLevelList": {
            "121102": 2,
            "121104": 2
        }
    },
    "121104": {
        "IconPath": "SpriteOutput/SkillIcons/SkillIcon_1211_Rank4.png",
        "Name": -407913174,
        "SkillAddLevelList": {}
    },
    "121105": {
        "IconPath": "SpriteOutput/SkillIcons/SkillIcon_1211_Ultra.png",
        "Name": -407913175,
        "SkillAddLevelList": {
            "121101": 1,
            "121103": 2
        }
    },
    "121106": {
        "IconPath": "SpriteOutput/SkillIcons/SkillIcon_1211_Rank6.png",
        "Name": -407913176,
        "SkillAddLevelList": {}
    },
    "121201": {
        "IconPath": "SpriteOutput/SkillIcons/SkillIcon_1212_Rank1.png",
        "Name": -407913332,
        "SkillAddLevelList": {}
    },
    "121202": {
        "IconPath": "SpriteOutput/SkillIcons/SkillIcon_1212_Rank2.png",
        "Name": -407913331,
        "SkillAddLevelList": {}
    },
    "121203": {
        "IconPath": "SpriteOutput/SkillIcons/SkillIcon_1212_Ultra.png",
        "Name": -407913330,
        "SkillAddLevelList": {
            "121203": 2,
            "121204": 2
        }
    },
    "121204": {
        "IconPath": "SpriteOutput/SkillIcons/SkillIcon_1212_Rank4.png",
        "Name": -407913337,
        "SkillAddLevelList": {}
    },
    "121205": {
        "IconPath": "SpriteOutput/SkillIcons/SkillIcon_1212_BP.png",
        "Name": -407913336,
        "SkillAddLevelList": {
            "121201": 1,
            "121202": 2,
            "121209": 2
        }
    },
    "121206": {
        "IconPath": "SpriteOutput/SkillIcons/SkillIcon_1212_Rank6.png",
        "Name": -407913335,
        "SkillAddLevelList": {}
    },
    "121301": {
        "IconPath": "SpriteOutput/SkillIcons/SkillIcon_1213_Rank1.png",
        "Name": -407913237,
        "SkillAddLevelList": {}
    },
    "121302": {
        "IconPath": "SpriteOutput/SkillIcons/SkillIcon_1213_Rank2.png",
        "Name": -407913234,
        "SkillAddLevelList": {}
    },
    "121303": {
        "IconPath": "SpriteOutput/SkillIcons/SkillIcon_1213_BP.png",
        "Name": -407913235,
        "SkillAddLevelList": {
            "121301": 1,
            "121302": 2,
            "121308": 1,
            "121310": 1,
            "121312": 1
        }
    },
    "121304": {
        "IconPath": "SpriteOutput/SkillIcons/SkillIcon_1213_Rank4.png",
        "Name": -407913240,
        "SkillAddLevelList": {}
    },
    "121305": {
        "IconPath": "SpriteOutput/SkillIcons/SkillIcon_1213_Ultra.png",
        "Name": -407913241,
        "SkillAddLevelList": {
            "121303": 2,
            "121304": 2
        }
    },
    "121306": {
        "IconPath": "SpriteOutput/SkillIcons/SkillIcon_1213_Rank6.png",
        "Name": -407913238,
        "SkillAddLevelList": {}
    },
    "800101": {
        "IconPath": "SpriteOutput/SkillIcons/SkillIcon_8001_Rank1.png",
        "Name": -687467101,
        "SkillAddLevelList": {}
    },
    "800102": {
        "IconPath": "SpriteOutput/SkillIcons/SkillIcon_8001_Rank2.png",
        "Name": -687467098,
        "SkillAddLevelList": {}
    },
    "800103": {
        "IconPath": "SpriteOutput/SkillIcons/SkillIcon_8001_BP.png",
        "Name": -687467099,
        "SkillAddLevelList": {
            "800102": 2,
            "800104": 2
        }
    },
    "800104": {
        "IconPath": "SpriteOutput/SkillIcons/SkillIcon_8001_Rank4.png",
        "Name": -687467104,
        "SkillAddLevelList": {}
    },
    "800105": {
        "IconPath": "SpriteOutput/SkillIcons/SkillIcon_8001_Ultra.png",
        "Name": -687467105,
        "SkillAddLevelList": {
            "800101": 1,
            "800103": 2,
            "800108": 2,
            "800109": 2
        }
    },
    "800106": {
        "IconPath": "SpriteOutput/SkillIcons/SkillIcon_8001_Rank6.png",
        "Name": -687467102,
        "SkillAddLevelList": {}
    },
    "800201": {
        "IconPath": "SpriteOutput/SkillIcons/8001/SkillIcon_8001_Rank1.png",
        "Name": -687467130,
        "SkillAddLevelList": {}
    },
    "800202": {
        "IconPath": "SpriteOutput/SkillIcons/8001/SkillIcon_8001_Rank2.png",
        "Name": -687467133,
        "SkillAddLevelList": {}
    },
    "800203": {
        "IconPath": "SpriteOutput/SkillIcons/8001/SkillIcon_8001_BP.png",
        "Name": -687467132,
        "SkillAddLevelList": {
            "800202": 2,
            "800204": 2
        }
    },
    "800204": {
        "IconPath": "SpriteOutput/SkillIcons/8001/SkillIcon_8001_Rank4.png",
        "Name": -687467135,
        "SkillAddLevelList": {}
    },
    "800205": {
        "IconPath": "SpriteOutput/SkillIcons/8001/SkillIcon_8001_Ultra.png",
        "Name": -687467134,
        "SkillAddLevelList": {
            "800201": 1,
            "800203": 2,
            "800208": 2,
            "800209": 2
        }
    },
    "800206": {
        "IconPath": "SpriteOutput/SkillIcons/8001/SkillIcon_8001_Rank6.png",
        "Name": -687467137,
        "SkillAddLevelList": {}
    },
    "800301": {
        "IconPath": "SpriteOutput/SkillIcons/SkillIcon_8003_Rank1.png",
        "Name": -687467035,
        "SkillAddLevelList": {}
    },
    "800302": {
        "IconPath": "SpriteOutput/SkillIcons/SkillIcon_8003_Rank2.png",
        "Name": -687467036,
        "SkillAddLevelList": {}
    },
    "800303": {
        "IconPath": "SpriteOutput/SkillIcons/SkillIcon_8003_BP.png",
        "Name": -687467037,
        "SkillAddLevelList": {
            "800302": 2,
            "800304": 2
        }
    },
    "800304": {
        "IconPath": "SpriteOutput/SkillIcons/SkillIcon_8003_Rank4.png",
        "Name": -687467038,
        "SkillAddLevelList": {}
    },
    "800305": {
        "IconPath": "SpriteOutput/SkillIcons/SkillIcon_8003_Ultra.png",
        "Name": -687467039,
        "SkillAddLevelList": {
            "800301": 1,
            "800303": 2,
            "800308": 1
        }
    },
    "800306": {
        "IconPath": "SpriteOutput/SkillIcons/SkillIcon_8003_Rank6.png",
        "Name": -687467040,
        "SkillAddLevelList": {}
    },
    "800401": {
        "IconPath": "SpriteOutput/SkillIcons/8003/SkillIcon_8003_Rank1.png",
        "Name": -687467328,
        "SkillAddLevelList": {}
    },
    "800402": {
        "IconPath": "SpriteOutput/SkillIcons/8003/SkillIcon_8003_Rank2.png",
        "Name": -687467327,
        "SkillAddLevelList": {}
    },
    "800403": {
        "IconPath": "SpriteOutput/SkillIcons/8003/SkillIcon_8003_BP.png",
        "Name": -687467326,
        "SkillAddLevelList": {
            "800402": 2,
            "800404": 2
        }
    },
    "800404": {
        "IconPath": "SpriteOutput/SkillIcons/8003/SkillIcon_8003_Rank4.png",
        "Name": -687467325,
        "SkillAddLevelList": {}
    },
    "800405": {
        "IconPath": "SpriteOutput/SkillIcons/8003/SkillIcon_8003_Ultra.png",
        "Name": -687467324,
        "SkillAddLevelList": {
            "800401": 1,
            "800403": 2,
            "800408": 1
        }
    },
    "800406": {
        "IconPath": "SpriteOutput/SkillIcons/8003/SkillIcon_8003_Rank6.png",
        "Name": -687467323,
        "SkillAddLevelList": {}
    }
}
