{
    "100101": {
        "Name": -1168693155,
        "SkillIcon": "SpriteOutput/SkillIcons/SkillIcon_1001_Normal.png"
    },
    "100102": {
        "Name": 1560190200,
        "SkillIcon": "SpriteOutput/SkillIcons/SkillIcon_1001_BP.png"
    },
    "100103": {
        "Name": -5893741,
        "SkillIcon": "SpriteOutput/SkillIcons/SkillIcon_1001_Ultra.png"
    },
    "100104": {
        "Name": -1571977682,
        "SkillIcon": "SpriteOutput/SkillIcons/SkillIcon_1001_Passive.png"
    },
    "100106": {
        "Name": -409178268,
        "SkillIcon": "SpriteOutput/SkillIcons/SkillIcon_1001_Normal.png"
    },
    "100107": {
        "Name": -1975262209,
        "SkillIcon": "SpriteOutput/SkillIcons/SkillIcon_1001_Maze.png"
    },
    "100201": {
        "Name": 94862808,
        "SkillIcon": "SpriteOutput/SkillIcons/SkillIcon_1002_Normal.png"
    },
    "100202": {
        "Name": 1660946749,
        "SkillIcon": "SpriteOutput/SkillIcons/SkillIcon_1002_BP.png"
    },
    "100203": {
        "Name": -1067936606,
        "SkillIcon": "SpriteOutput/SkillIcons/SkillIcon_1002_Ultra.png"
    },
    "100204": {
        "Name": 854377695,
        "SkillIcon": "SpriteOutput/SkillIcons/SkillIcon_1002_Passive.png"
    },
    "100206": {
        "Name": -308421719,
        "SkillIcon": "SpriteOutput/SkillIcons/SkillIcon_1002_Normal.png"
    },
    "100207": {
        "Name": 1257662222,
        "SkillIcon": "SpriteOutput/SkillIcons/SkillIcon_1002_Maze.png"
    },
    "100301": {
        "Name": -1451018157,
        "SkillIcon": "SpriteOutput/SkillIcons/SkillIcon_1003_Normal.png"
    },
    "100302": {
        "Name": -1047733630,
        "SkillIcon": "SpriteOutput/SkillIcons/SkillIcon_1003_BP.png"
    },
    "100303": {
        "Name": 1681149725,
        "SkillIcon": "SpriteOutput/SkillIcons/SkillIcon_1003_Ultra.png"
    },
    "100304": {
        "Name": -1854302684,
        "SkillIcon": "SpriteOutput/SkillIcons/SkillIcon_1003_Passive.png"
    },
    "100306": {
        "Name": 1277865198,
        "SkillIcon": "SpriteOutput/SkillIcons/SkillIcon_1003_Normal.png"
    },
    "100307": {
        "Name": -288218743,
        "SkillIcon": "SpriteOutput/SkillIcons/SkillIcon_1003_Maze.png"
    },
    "100401": {
        "Name": -187462194,
        "SkillIcon": "SpriteOutput/SkillIcons/SkillIcon_1004_Normal.png"
    },
    "100402": {
        "Name": -590746721,
        "SkillIcon": "SpriteOutput/SkillIcons/SkillIcon_1004_BP.png"
    },
    "100403": {
        "Name": 975337220,
        "SkillIcon": "SpriteOutput/SkillIcons/SkillIcon_1004_Ultra.png"
    },
    "100404": {
        "Name": 215822333,
        "SkillIcon": "SpriteOutput/SkillIcons/SkillIcon_1004_Passive.png"
    },
    "100406": {
        "Name": 1378621747,
        "SkillIcon": "SpriteOutput/SkillIcons/SkillIcon_1004_Normal.png"
    },
    "100407": {
        "Name": -1350261608,
        "SkillIcon": "SpriteOutput/SkillIcons/SkillIcon_1004_Maze.png"
    },
    "100501": {
        "Name": -1733343159,
        "SkillIcon": "SpriteOutput/SkillIcons/SkillIcon_1005_Normal.png"
    },
    "100502": {
        "Name": 995540196,
        "SkillIcon": "SpriteOutput/SkillIcons/SkillIcon_1005_BP.png"
    },
    "100503": {
        "Name": -570543745,
        "SkillIcon": "SpriteOutput/SkillIcons/SkillIcon_1005_Ultra.png"
    },
    "100504": {
        "Name": 1802109250,
        "SkillIcon": "SpriteOutput/SkillIcons/SkillIcon_1005_Passive.png"
    },
    "100506": {
        "Name": -1330058632,
        "SkillIcon": "SpriteOutput/SkillIcons/SkillIcon_1005_Normal.png"
    },
    "100507": {
        "Name": 1398824723,
        "SkillIcon": "SpriteOutput/SkillIcons/SkillIcon_1005_Maze.png"
    },
    "100601": {
        "Name": -469787196,
        "SkillIcon": "SpriteOutput/SkillIcons/SkillIcon_1006_Normal.png"
    },
    "100602": {
        "Name": 1096296745,
        "SkillIcon": "SpriteOutput/SkillIcons/SkillIcon_1006_BP.png"
    },
    "100603": {
        "Name": -1632586610,
        "SkillIcon": "SpriteOutput/SkillIcons/SkillIcon_1006_Ultra.png"
    },
    "100604": {
        "Name": -66502669,
        "SkillIcon": "SpriteOutput/SkillIcons/SkillIcon_1006_Passive.png"
    },
    "100606": {
        "Name": -1229302083,
        "SkillIcon": "SpriteOutput/SkillIcons/SkillIcon_1006_Normal.png"
    },
    "100607": {
        "Name": 336781858,
        "SkillIcon": "SpriteOutput/SkillIcons/SkillIcon_1006_Maze.png"
    },
    "100801": {
        "Name": -752112198,
        "SkillIcon": "SpriteOutput/SkillIcons/SkillIcon_1008_Normal.png"
    },
    "100802": {
        "Name": -1155396725,
        "SkillIcon": "SpriteOutput/SkillIcons/SkillIcon_1008_BP.png"
    },
    "100803": {
        "Name": 410687216,
        "SkillIcon": "SpriteOutput/SkillIcons/SkillIcon_1008_Ultra.png"
    },
    "100804": {
        "Name": 7402689,
        "SkillIcon": "SpriteOutput/SkillIcons/SkillIcon_1008_Passive.png"
    },
    "100806": {
        "Name": 1170202103,
        "SkillIcon": "SpriteOutput/SkillIcons/SkillIcon_1008_Normal.png"
    },
    "100807": {
        "Name": -1558681252,
        "SkillIcon": "SpriteOutput/SkillIcons/SkillIcon_1008_Maze.png"
    },
    "100901": {
        "Name": 1996974133,
        "SkillIcon": "SpriteOutput/SkillIcons/SkillIcon_1009_Normal.png"
    },
    "100902": {
        "Name": 430890192,
        "SkillIcon": "SpriteOutput/SkillIcons/SkillIcon_1009_BP.png"
    },
    "100903": {
        "Name": -1135193749,
        "SkillIcon": "SpriteOutput/SkillIcons/SkillIcon_1009_Ultra.png"
    },
    "100904": {
        "Name": 1593689606,
        "SkillIcon": "SpriteOutput/SkillIcons/SkillIcon_1009_Passive.png"
    },
    "100906": {
        "Name": -1538478276,
        "SkillIcon": "SpriteOutput/SkillIcons/SkillIcon_1009_Normal.png"
    },
    "100907": {
        "Name": 1190405079,
        "SkillIcon": "SpriteOutput/SkillIcons/SkillIcon_1009_Maze.png"
    },
    "101301": {
        "Name": -1451018254,
        "SkillIcon": "SpriteOutput/SkillIcons/SkillIcon_1013_Normal.png"
    },
    "101302": {
        "Name": -1047733727,
        "SkillIcon": "SpriteOutput/SkillIcons/SkillIcon_1013_BP.png"
    },
    "101303": {
        "Name": 1681149628,
        "SkillIcon": "SpriteOutput/SkillIcons/SkillIcon_1013_Ultra.png"
    },
    "101304": {
        "Name": -1854302781,
        "SkillIcon": "SpriteOutput/SkillIcons/SkillIcon_1013_Passive.png"
    },
    "101306": {
        "Name": 1277865101,
        "SkillIcon": "SpriteOutput/SkillIcons/SkillIcon_1013_Normal.png"
    },
    "101307": {
        "Name": -288218840,
        "SkillIcon": "SpriteOutput/SkillIcons/SkillIcon_1013_Maze.png"
    },
    "110101": {
        "Name": 1600079490,
        "SkillIcon": "SpriteOutput/SkillIcons/SkillIcon_1101_Normal.png"
    },
    "110102": {
        "Name": 1196794963,
        "SkillIcon": "SpriteOutput/SkillIcons/SkillIcon_1101_BP.png"
    },
    "110103": {
        "Name": -1532088392,
        "SkillIcon": "SpriteOutput/SkillIcons/SkillIcon_1101_Ultra.png"
    },
    "110104": {
        "Name": -1935372919,
        "SkillIcon": "SpriteOutput/SkillIcons/SkillIcon_1101_Passive.png"
    },
    "110106": {
        "Name": -772573505,
        "SkillIcon": "SpriteOutput/SkillIcons/SkillIcon_1101_Normal.png"
    },
    "110107": {
        "Name": 793510436,
        "SkillIcon": "SpriteOutput/SkillIcons/SkillIcon_1101_Maze.png"
    },
    "110201": {
        "Name": 1176591987,
        "SkillIcon": "SpriteOutput/SkillIcons/SkillIcon_1102_Normal.png"
    },
    "110202": {
        "Name": 1579876514,
        "SkillIcon": "SpriteOutput/SkillIcons/SkillIcon_1102_BP.png"
    },
    "110203": {
        "Name": 13792573,
        "SkillIcon": "SpriteOutput/SkillIcons/SkillIcon_1102_Ultra.png"
    },
    "110204": {
        "Name": 773307460,
        "SkillIcon": "SpriteOutput/SkillIcons/SkillIcon_1102_Passive.png"
    },
    "110206": {
        "Name": -389491954,
        "SkillIcon": "SpriteOutput/SkillIcons/SkillIcon_1102_Normal.png"
    },
    "110207": {
        "Name": -1955575895,
        "SkillIcon": "SpriteOutput/SkillIcons/SkillIcon_1102_Maze.png"
    },
    "110301": {
        "Name": 1317754488,
        "SkillIcon": "SpriteOutput/SkillIcons/SkillIcon_1103_Normal.png"
    },
    "110302": {
        "Name": -1411128867,
        "SkillIcon": "SpriteOutput/SkillIcons/SkillIcon_1103_BP.png"
    },
    "110303": {
        "Name": 154955074,
        "SkillIcon": "SpriteOutput/SkillIcons/SkillIcon_1103_Ultra.png"
    },
    "110304": {
        "Name": 2077269375,
        "SkillIcon": "SpriteOutput/SkillIcons/SkillIcon_1103_Passive.png"
    },
    "110306": {
        "Name": 914469961,
        "SkillIcon": "SpriteOutput/SkillIcons/SkillIcon_1103_Normal.png"
    },
    "110307": {
        "Name": -1814413394,
        "SkillIcon": "SpriteOutput/SkillIcons/SkillIcon_1103_Maze.png"
    },
    "110401": {
        "Name": 894266985,
        "SkillIcon": "SpriteOutput/SkillIcons/SkillIcon_1104_Normal.png"
    },
    "110402": {
        "Name": -671816956,
        "SkillIcon": "SpriteOutput/SkillIcons/SkillIcon_1104_BP.png"
    },
    "110403": {
        "Name": 2057066399,
        "SkillIcon": "SpriteOutput/SkillIcons/SkillIcon_1104_Ultra.png"
    },
    "110404": {
        "Name": 134752098,
        "SkillIcon": "SpriteOutput/SkillIcons/SkillIcon_1104_Passive.png"
    },
    "110406": {
        "Name": 1297551512,
        "SkillIcon": "SpriteOutput/SkillIcons/SkillIcon_1104_Normal.png"
    },
    "110407": {
        "Name": -268532429,
        "SkillIcon": "SpriteOutput/SkillIcons/SkillIcon_1104_Maze.png"
    },
    "110501": {
        "Name": 1035429486,
        "SkillIcon": "SpriteOutput/SkillIcons/SkillIcon_1105_Normal.png"
    },
    "110502": {
        "Name": 632144959,
        "SkillIcon": "SpriteOutput/SkillIcons/SkillIcon_1105_BP.png"
    },
    "110503": {
        "Name": -2096738396,
        "SkillIcon": "SpriteOutput/SkillIcons/SkillIcon_1105_Ultra.png"
    },
    "110504": {
        "Name": 1438714013,
        "SkillIcon": "SpriteOutput/SkillIcons/SkillIcon_1105_Passive.png"
    },
    "110506": {
        "Name": -1693453869,
        "SkillIcon": "SpriteOutput/SkillIcons/SkillIcon_1105_Normal.png"
    },
    "110507": {
        "Name": -127369928,
        "SkillIcon": "SpriteOutput/SkillIcons/SkillIcon_1105_Maze.png"
    },
    "110601": {
        "Name": 611941983,
        "SkillIcon": "SpriteOutput/SkillIcons/SkillIcon_1106_Normal.png"
    },
    "110602": {
        "Name": 1015226510,
        "SkillIcon": "SpriteOutput/SkillIcons/SkillIcon_1106_BP.png"
    },
    "110603": {
        "Name": -550857431,
        "SkillIcon": "SpriteOutput/SkillIcons/SkillIcon_1106_Ultra.png"
    },
    "110604": {
        "Name": -147572904,
        "SkillIcon": "SpriteOutput/SkillIcons/SkillIcon_1106_Passive.png"
    },
    "110606": {
        "Name": -1310372318,
        "SkillIcon": "SpriteOutput/SkillIcons/SkillIcon_1106_Normal.png"
    },
    "110607": {
        "Name": 1418511037,
        "SkillIcon": "SpriteOutput/SkillIcons/SkillIcon_1106_Maze.png"
    },
    "110701": {
        "Name": 753104484,
        "SkillIcon": "SpriteOutput/SkillIcons/SkillIcon_1107_Normal.png"
    },
    "110702": {
        "Name": -1975778871,
        "SkillIcon": "SpriteOutput/SkillIcons/SkillIcon_1107_BP.png"
    },
    "110703": {
        "Name": -409694930,
        "SkillIcon": "SpriteOutput/SkillIcons/SkillIcon_1107_Ultra.png"
    },
    "110704": {
        "Name": 1156389011,
        "SkillIcon": "SpriteOutput/SkillIcons/SkillIcon_1107_Passive.png"
    },
    "110706": {
        "Name": -6410403,
        "SkillIcon": "SpriteOutput/SkillIcons/SkillIcon_1107_Normal.png"
    },
    "110707": {
        "Name": 1559673538,
        "SkillIcon": "SpriteOutput/SkillIcons/SkillIcon_1107_Maze.png"
    },
    "110801": {
        "Name": 329616981,
        "SkillIcon": "SpriteOutput/SkillIcons/SkillIcon_1108_Normal.png"
    },
    "110802": {
        "Name": -1236466960,
        "SkillIcon": "SpriteOutput/SkillIcons/SkillIcon_1108_BP.png"
    },
    "110803": {
        "Name": 1492416395,
        "SkillIcon": "SpriteOutput/SkillIcons/SkillIcon_1108_Ultra.png"
    },
    "110804": {
        "Name": -73667546,
        "SkillIcon": "SpriteOutput/SkillIcons/SkillIcon_1108_Passive.png"
    },
    "110806": {
        "Name": 1089131868,
        "SkillIcon": "SpriteOutput/SkillIcons/SkillIcon_1108_Normal.png"
    },
    "110807": {
        "Name": -476952073,
        "SkillIcon": "SpriteOutput/SkillIcons/SkillIcon_1108_Maze.png"
    },
    "110901": {
        "Name": 470779482,
        "SkillIcon": "SpriteOutput/SkillIcons/SkillIcon_1109_Normal.png"
    },
    "110902": {
        "Name": 67494955,
        "SkillIcon": "SpriteOutput/SkillIcons/SkillIcon_1109_BP.png"
    },
    "110903": {
        "Name": 1633578896,
        "SkillIcon": "SpriteOutput/SkillIcons/SkillIcon_1109_Ultra.png"
    },
    "110904": {
        "Name": 1230294369,
        "SkillIcon": "SpriteOutput/SkillIcons/SkillIcon_1109_Passive.png"
    },
    "110906": {
        "Name": -1901873513,
        "SkillIcon": "SpriteOutput/SkillIcons/SkillIcon_1109_Normal.png"
    },
    "110907": {
        "Name": -335789572,
        "SkillIcon": "SpriteOutput/SkillIcons/SkillIcon_1109_Maze.png"
    },
    "110909": {
        "Name": 114549122,
        "SkillIcon": "SpriteOutput/SkillIcons/SkillIcon_1109_BP.png"
    },
    "111001": {
        "Name": 1458916892,
        "SkillIcon": "SpriteOutput/SkillIcons/SkillIcon_1110_Normal.png"
    },
    "111002": {
        "Name": -107167049,
        "SkillIcon": "SpriteOutput/SkillIcons/SkillIcon_1110_BP.png"
    },
    "111003": {
        "Name": -1673250990,
        "SkillIcon": "SpriteOutput/SkillIcons/SkillIcon_1110_Ultra.png"
    },
    "111004": {
        "Name": 1055632365,
        "SkillIcon": "SpriteOutput/SkillIcons/SkillIcon_1110_Passive.png"
    },
    "111006": {
        "Name": -2076535517,
        "SkillIcon": "SpriteOutput/SkillIcons/SkillIcon_1110_Normal.png"
    },
    "111007": {
        "Name": 652347838,
        "SkillIcon": "SpriteOutput/SkillIcons/SkillIcon_1110_Maze.png"
    },
    "111101": {
        "Name": 1600079393,
        "SkillIcon": "SpriteOutput/SkillIcons/SkillIcon_1111_Normal.png"
    },
    "111102": {
        "Name": 1196794866,
        "SkillIcon": "SpriteOutput/SkillIcons/SkillIcon_1111_BP.png"
    },
    "111103": {
        "Name": -1532088489,
        "SkillIcon": "SpriteOutput/SkillIcons/SkillIcon_1111_Ultra.png"
    },
    "111104": {
        "Name": -1935373016,
        "SkillIcon": "SpriteOutput/SkillIcons/SkillIcon_1111_Passive.png"
    },
    "111106": {
        "Name": -772573602,
        "SkillIcon": "SpriteOutput/SkillIcons/SkillIcon_1111_Normal.png"
    },
    "111107": {
        "Name": 793510339,
        "SkillIcon": "SpriteOutput/SkillIcons/SkillIcon_1111_Maze.png"
    },
    "111108": {
        "Name": 390225812,
        "SkillIcon": "SpriteOutput/SkillIcons/SkillIcon_1111_Normal02.png"
    },
    "120101": {
        "Name": -1895483629,
        "SkillIcon": "SpriteOutput/SkillIcons/SkillIcon_1201_Normal.png"
    },
    "120102": {
        "Name": -1492199102,
        "SkillIcon": "SpriteOutput/SkillIcons/SkillIcon_1201_BP.png"
    },
    "120103": {
        "Name": 1236684253,
        "SkillIcon": "SpriteOutput/SkillIcons/SkillIcon_1201_Ultra.png"
    },
    "120104": {
        "Name": 1996199140,
        "SkillIcon": "SpriteOutput/SkillIcons/SkillIcon_1201_Passive.png"
    },
    "120106": {
        "Name": 833399726,
        "SkillIcon": "SpriteOutput/SkillIcons/SkillIcon_1201_Normal.png"
    },
    "120107": {
        "Name": -732684215,
        "SkillIcon": "SpriteOutput/SkillIcons/SkillIcon_1201_Maze.png"
    },
    "120108": {
        "Name": 26830672,
        "SkillIcon": "SpriteOutput/SkillIcons/SkillIcon_1201_Normal02.png"
    },
    "120201": {
        "Name": -67277662,
        "SkillIcon": "SpriteOutput/SkillIcons/SkillIcon_1202_Normal.png"
    },
    "120202": {
        "Name": -470562189,
        "SkillIcon": "SpriteOutput/SkillIcons/SkillIcon_1202_BP.png"
    },
    "120203": {
        "Name": 1095521752,
        "SkillIcon": "SpriteOutput/SkillIcons/SkillIcon_1202_Ultra.png"
    },
    "120204": {
        "Name": 692237225,
        "SkillIcon": "SpriteOutput/SkillIcons/SkillIcon_1202_Passive.png"
    },
    "120206": {
        "Name": 1855036639,
        "SkillIcon": "SpriteOutput/SkillIcons/SkillIcon_1202_Normal.png"
    },
    "120207": {
        "Name": -873846716,
        "SkillIcon": "SpriteOutput/SkillIcons/SkillIcon_1202_Maze.png"
    },
    "120301": {
        "Name": -1613158627,
        "SkillIcon": "SpriteOutput/SkillIcons/SkillIcon_1203_Normal.png"
    },
    "120302": {
        "Name": 1115724728,
        "SkillIcon": "SpriteOutput/SkillIcons/SkillIcon_1203_BP.png"
    },
    "120303": {
        "Name": -450359213,
        "SkillIcon": "SpriteOutput/SkillIcons/SkillIcon_1203_Ultra.png"
    },
    "120304": {
        "Name": -2016443154,
        "SkillIcon": "SpriteOutput/SkillIcons/SkillIcon_1203_Passive.png"
    },
    "120306": {
        "Name": -853643740,
        "SkillIcon": "SpriteOutput/SkillIcons/SkillIcon_1203_Normal.png"
    },
    "120307": {
        "Name": 1875239615,
        "SkillIcon": "SpriteOutput/SkillIcons/SkillIcon_1203_Maze.png"
    },
    "120401": {
        "Name": -914252668,
        "SkillIcon": "SpriteOutput/SkillIcons/SkillIcon_1204_Normal.png"
    },
    "120402": {
        "Name": 651831273,
        "SkillIcon": "SpriteOutput/SkillIcons/SkillIcon_1204_BP.png"
    },
    "120403": {
        "Name": -2077052082,
        "SkillIcon": "SpriteOutput/SkillIcons/SkillIcon_1204_Ultra.png"
    },
    "120404": {
        "Name": -510968141,
        "SkillIcon": "SpriteOutput/SkillIcons/SkillIcon_1204_Passive.png"
    },
    "120406": {
        "Name": -1673767555,
        "SkillIcon": "SpriteOutput/SkillIcons/SkillIcon_1204_Normal.png"
    },
    "120407": {
        "Name": -107683614,
        "SkillIcon": "SpriteOutput/SkillIcons/SkillIcon_1204_Maze.png"
    },
    "120501": {
        "Name": 1834833663,
        "SkillIcon": "SpriteOutput/SkillIcons/SkillIcon_1205_Normal.png"
    },
    "120502": {
        "Name": -2056849106,
        "SkillIcon": "SpriteOutput/SkillIcons/SkillIcon_1205_BP.png"
    },
    "120503": {
        "Name": 672034249,
        "SkillIcon": "SpriteOutput/SkillIcons/SkillIcon_1205_Ultra.png"
    },
    "120504": {
        "Name": 1075318776,
        "SkillIcon": "SpriteOutput/SkillIcons/SkillIcon_1205_Passive.png"
    },
    "120506": {
        "Name": -87480638,
        "SkillIcon": "SpriteOutput/SkillIcons/SkillIcon_1205_Normal.png"
    },
    "120507": {
        "Name": -1653564579,
        "SkillIcon": "SpriteOutput/SkillIcons/SkillIcon_1205_Maze.png"
    },
    "120508": {
        "Name": -537819332,
        "SkillIcon": "SpriteOutput/SkillIcons/SkillIcon_1205_Normal02.png"
    },
    "120601": {
        "Name": -631927666,
        "SkillIcon": "SpriteOutput/SkillIcons/SkillIcon_1206_Normal.png"
    },
    "120602": {
        "Name": -1035212193,
        "SkillIcon": "SpriteOutput/SkillIcons/SkillIcon_1206_BP.png"
    },
    "120603": {
        "Name": 530871748,
        "SkillIcon": "SpriteOutput/SkillIcons/SkillIcon_1206_Ultra.png"
    },
    "120604": {
        "Name": -228643139,
        "SkillIcon": "SpriteOutput/SkillIcons/SkillIcon_1206_Passive.png"
    },
    "120606": {
        "Name": 934156275,
        "SkillIcon": "SpriteOutput/SkillIcons/SkillIcon_1206_Normal.png"
    },
    "120607": {
        "Name": -1794727080,
        "SkillIcon": "SpriteOutput/SkillIcons/SkillIcon_1206_Maze.png"
    },
    "120701": {
        "Name": 2117158665,
        "SkillIcon": "SpriteOutput/SkillIcons/SkillIcon_1207_Normal.png"
    },
    "120702": {
        "Name": 551074724,
        "SkillIcon": "SpriteOutput/SkillIcons/SkillIcon_1207_BP.png"
    },
    "120703": {
        "Name": -1015009217,
        "SkillIcon": "SpriteOutput/SkillIcons/SkillIcon_1207_Ultra.png"
    },
    "120704": {
        "Name": 1357643778,
        "SkillIcon": "SpriteOutput/SkillIcons/SkillIcon_1207_Passive.png"
    },
    "120706": {
        "Name": -1774524104,
        "SkillIcon": "SpriteOutput/SkillIcons/SkillIcon_1207_Normal.png"
    },
    "120707": {
        "Name": 954359251,
        "SkillIcon": "SpriteOutput/SkillIcons/SkillIcon_1207_Maze.png"
    },
    "120801": {
        "Name": -1478902672,
        "SkillIcon": "SpriteOutput/SkillIcons/SkillIcon_1208_Normal.png"
    },
    "120802": {
        "Name": 87181269,
        "SkillIcon": "SpriteOutput/SkillIcons/SkillIcon_1208_BP.png"
    },
    "120803": {
        "Name": 1653265210,
        "SkillIcon": "SpriteOutput/SkillIcons/SkillIcon_1208_Ultra.png"
    },
    "120804": {
        "Name": -719387785,
        "SkillIcon": "SpriteOutput/SkillIcons/SkillIcon_1208_Passive.png"
    },
    "120806": {
        "Name": -1882187199,
        "SkillIcon": "SpriteOutput/SkillIcons/SkillIcon_1208_Normal.png"
    },
    "120807": {
        "Name": -316103258,
        "SkillIcon": "SpriteOutput/SkillIcons/SkillIcon_1208_Maze.png"
    },
    "120901": {
        "Name": 1270183659,
        "SkillIcon": "SpriteOutput/SkillIcons/SkillIcon_1209_Normal.png"
    },
    "120902": {
        "Name": 1673468186,
        "SkillIcon": "SpriteOutput/SkillIcons/SkillIcon_1209_BP.png"
    },
    "120903": {
        "Name": 107384245,
        "SkillIcon": "SpriteOutput/SkillIcons/SkillIcon_1209_Ultra.png"
    },
    "120904": {
        "Name": 866899132,
        "SkillIcon": "SpriteOutput/SkillIcons/SkillIcon_1209_Passive.png"
    },
    "120906": {
        "Name": -295900282,
        "SkillIcon": "SpriteOutput/SkillIcons/SkillIcon_1209_Normal.png"
    },
    "120907": {
        "Name": -1861984223,
        "SkillIcon": "SpriteOutput/SkillIcons/SkillIcon_1209_Maze.png"
    },
    "121101": {
        "Name": -1895483726,
        "SkillIcon": "SpriteOutput/SkillIcons/SkillIcon_1211_Normal.png"
    },
    "121102": {
        "Name": -1492199199,
        "SkillIcon": "SpriteOutput/SkillIcons/SkillIcon_1211_BP.png"
    },
    "121103": {
        "Name": 1236684156,
        "SkillIcon": "SpriteOutput/SkillIcons/SkillIcon_1211_Ultra.png"
    },
    "121104": {
        "Name": 1996199043,
        "SkillIcon": "SpriteOutput/SkillIcons/SkillIcon_1211_Passive.png"
    },
    "121106": {
        "Name": 833399629,
        "SkillIcon": "SpriteOutput/SkillIcons/SkillIcon_1211_Normal.png"
    },
    "121107": {
        "Name": -732684312,
        "SkillIcon": "SpriteOutput/SkillIcons/SkillIcon_1211_Maze.png"
    },
    "121301": {
        "Name": -1613158724,
        "SkillIcon": "SpriteOutput/SkillIcons/SkillIcon_1213_Normal.png"
    },
    "121302": {
        "Name": 1115724631,
        "SkillIcon": "SpriteOutput/SkillIcons/SkillIcon_1213_BP.png"
    },
    "121303": {
        "Name": -450359310,
        "SkillIcon": "SpriteOutput/SkillIcons/SkillIcon_1213_Ultra.png"
    },
    "121304": {
        "Name": -2016443251,
        "SkillIcon": "SpriteOutput/SkillIcons/SkillIcon_1213_Passive.png"
    },
    "121306": {
        "Name": -853643837,
        "SkillIcon": "SpriteOutput/SkillIcons/SkillIcon_1213_Normal.png"
    },
    "121307": {
        "Name": 1875239518,
        "SkillIcon": "SpriteOutput/SkillIcons/SkillIcon_1213_Maze.png"
    },
    "121308": {
        "Name": 309155577,
        "SkillIcon": "SpriteOutput/SkillIcons/SkillIcon_1213_Normal02.png"
    },
    "121309": {
        "Name": -1256928364,
        "SkillIcon": "SpriteOutput/SkillIcons/Com/SkillIcon_CommonReturn.png"
    },
    "121310": {
        "Name": -47074782,
        "SkillIcon": "SpriteOutput/SkillIcons/SkillIcon_1213_Normal03.png"
    },
    "121312": {
        "Name": 1115724632,
        "SkillIcon": "SpriteOutput/SkillIcons/SkillIcon_1213_Normal04.png"
    },
    "800101": {
        "Name": -1168687644,
        "SkillIcon": "SpriteOutput/SkillIcons/SkillIcon_8001_Normal.png"
    },
    "800102": {
        "Name": 1560195711,
        "SkillIcon": "SpriteOutput/SkillIcons/SkillIcon_8001_BP.png"
    },
    "800103": {
        "Name": -5888230,
        "SkillIcon": "SpriteOutput/SkillIcons/SkillIcon_8001_Ultra.png"
    },
    "800104": {
        "Name": -1571972171,
        "SkillIcon": "SpriteOutput/SkillIcons/SkillIcon_8001_Passive.png"
    },
    "800106": {
        "Name": -409172757,
        "SkillIcon": "SpriteOutput/SkillIcons/SkillIcon_8001_Normal.png"
    },
    "800107": {
        "Name": -1975256698,
        "SkillIcon": "SpriteOutput/SkillIcons/SkillIcon_8001_Maze.png"
    },
    "800108": {
        "Name": 753626657,
        "SkillIcon": "SpriteOutput/SkillIcons/SkillIcon_8001_Normal02.png"
    },
    "800109": {
        "Name": -812457284,
        "SkillIcon": "SpriteOutput/SkillIcons/SkillIcon_8001_BP02.png"
    },
    "800201": {
        "Name": 94868319,
        "SkillIcon": "SpriteOutput/SkillIcons/8001/SkillIcon_8001_Normal.png"
    },
    "800202": {
        "Name": 1660952260,
        "SkillIcon": "SpriteOutput/SkillIcons/8001/SkillIcon_8001_BP.png"
    },
    "800203": {
        "Name": -1067931095,
        "SkillIcon": "SpriteOutput/SkillIcons/8001/SkillIcon_8001_Ultra.png"
    },
    "800204": {
        "Name": 854383206,
        "SkillIcon": "SpriteOutput/SkillIcons/8001/SkillIcon_8001_Passive.png"
    },
    "800206": {
        "Name": -308416208,
        "SkillIcon": "SpriteOutput/SkillIcons/8001/SkillIcon_8001_Normal.png"
    },
    "800207": {
        "Name": 1257667733,
        "SkillIcon": "SpriteOutput/SkillIcons/8001/SkillIcon_8001_Maze.png"
    },
    "800208": {
        "Name": -1114985262,
        "SkillIcon": "SpriteOutput/SkillIcons/8001/SkillIcon_8001_Normal02.png"
    },
    "800209": {
        "Name": 451098679,
        "SkillIcon": "SpriteOutput/SkillIcons/8001/SkillIcon_8001_BP02.png"
    },
    "800301": {
        "Name": -1451012646,
        "SkillIcon": "SpriteOutput/SkillIcons/SkillIcon_8003_Normal.png"
    },
    "800302": {
        "Name": -1047728119,
        "SkillIcon": "SpriteOutput/SkillIcons/SkillIcon_8003_BP.png"
    },
    "800303": {
        "Name": 1681155236,
        "SkillIcon": "SpriteOutput/SkillIcons/SkillIcon_8003_Ultra.png"
    },
    "800304": {
        "Name": -1854297173,
        "SkillIcon": "SpriteOutput/SkillIcons/SkillIcon_8003_Passive.png"
    },
    "800306": {
        "Name": 1277870709,
        "SkillIcon": "SpriteOutput/SkillIcons/SkillIcon_8003_Normal.png"
    },
    "800307": {
        "Name": -288213232,
        "SkillIcon": "SpriteOutput/SkillIcons/SkillIcon_8003_Maze.png"
    },
    "800308": {
        "Name": 471301655,
        "SkillIcon": "SpriteOutput/SkillIcons/SkillIcon_8003_Normal.png"
    },
    "800401": {
        "Name": -187456683,
        "SkillIcon": "SpriteOutput/SkillIcons/8003/SkillIcon_8003_Normal.png"
    },
    "800402": {
        "Name": -590741210,
        "SkillIcon": "SpriteOutput/SkillIcons/8003/SkillIcon_8003_BP.png"
    },
    "800403": {
        "Name": 975342731,
        "SkillIcon": "SpriteOutput/SkillIcons/8003/SkillIcon_8003_Ultra.png"
    },
    "800404": {
        "Name": 215827844,
        "SkillIcon": "SpriteOutput/SkillIcons/8003/SkillIcon_8003_Passive.png"
    },
    "800406": {
        "Name": 1378627258,
        "SkillIcon": "SpriteOutput/SkillIcons/8003/SkillIcon_8003_Normal.png"
    },
    "800407": {
        "Name": -1350256097,
        "SkillIcon": "SpriteOutput/SkillIcons/8003/SkillIcon_8003_Maze.png"
    },
    "800408": {
        "Name": -1397310264,
        "SkillIcon": "SpriteOutput/SkillIcons/8003/SkillIcon_8003_Normal.png"
    },
    "909807": {
        "Name": -1558672901,
        "SkillIcon": "SpriteOutput/SkillIcons/1001/SkillIcon_1001_Maze.png"
    }
}
